Age,Gender,Employment_Status,Disposable_Income,Preferred_Platform,Shopping_Frequency_Per_Month,Current_Mood,Primary_Trigger,Product_Category,Made_Impulse_Purchase
31,Male,Student,"₹2,000 - ₹5,000",E-commerce Website,4,Stressed,Social Media Ad,Beauty/Cosmetics,No
26,Male,Employed,"₹5,000 - ₹15,000",Social Media Stores,9,Bored,Limited Time Flash Sale,Food/Snacks,Yes
33,Male,Unemployed,"Under ₹2,000",E-commerce Website,2,Bored,Limited Time Flash Sale,Beauty/Cosmetics,Yes
40,Male,Employed,"₹5,000 - ₹15,000",E-commerce Website,5,Stressed,Heavy Discount,Beauty/Cosmetics,Yes
26,Female,Student,"₹5,000 - ₹15,000",E-commerce Website,8,Happy,Limited Time Flash Sale,Food/Snacks,Yes
26,Male,Employed,"₹2,000 - ₹5,000",Social Media Stores,4,Happy,Limited Time Flash Sale,Gaming/Digital,Yes
40,Male,Employed,"₹2,000 - ₹5,000",E-commerce Website,1,Bored,Social Media Ad,Gaming/Digital,No
34,Female,Employed,"₹5,000 - ₹15,000",Social Media Stores,6,Sad,Free Shipping Threshold,Electronics,No
24,Male,Employed,"Under ₹2,000",E-commerce Website,9,Happy,Social Media Ad,Gaming/Digital,Yes
32,Female,Student,"₹2,000 - ₹5,000",E-commerce Website,6,Neutral,Heavy Discount,Electronics,No
24,Female,Employed,"Above ₹15,000",E-commerce Website,4,Neutral,Limited Time Flash Sale,Electronics,Yes
24,Male,Employed,"₹5,000 - ₹15,000",E-commerce Website,6,Bored,Attractive Packaging,Beauty/Cosmetics,Yes
29,Female,Self-employed,"₹5,000 - ₹15,000",E-commerce Website,5,Stressed,Free Shipping Threshold,Beauty/Cosmetics,Yes
18,Female,Student,"₹5,000 - ₹15,000",E-commerce Website,5,Bored,Social Media Ad,Gaming/Digital,No
18,Male,Self-employed,"₹2,000 - ₹5,000",Social Media Stores,4,Neutral,Heavy Discount,Food/Snacks,No
23,Male,Student,"₹2,000 - ₹5,000",Quick Commerce,7,Stressed,Free Shipping Threshold,Food/Snacks,No
19,Female,Employed,"₹5,000 - ₹15,000",Social Media Stores,4,Sad,Heavy Discount,Electronics,No
30,Female,Self-employed,"₹5,000 - ₹15,000",E-commerce Website,2,Stressed,Attractive Packaging,Food/Snacks,No
20,Female,Employed,"Under ₹2,000",E-commerce Website,4,Bored,Free Shipping Threshold,Beauty/Cosmetics,No
18,Male,Student,"₹2,000 - ₹5,000",Physical In-Store,5,Bored,Heavy Discount,Electronics,No
39,Female,Student,"₹2,000 - ₹5,000",E-commerce Website,2,Happy,Social Media Ad,Food/Snacks,No
26,Male,Employed,"₹5,000 - ₹15,000",E-commerce Website,1,Neutral,Free Shipping Threshold,Electronics,No
28,Female,Employed,"₹2,000 - ₹5,000",E-commerce Website,6,Neutral,Attractive Packaging,Clothing,No
18,Female,Unemployed,"Above ₹15,000",E-commerce Website,9,Neutral,Social Media Ad,Clothing,No
23,Female,Employed,"Above ₹15,000",E-commerce Website,7,Sad,Limited Time Flash Sale,Electronics,Yes
28,Female,Self-employed,"₹5,000 - ₹15,000",E-commerce Website,6,Stressed,Limited Time Flash Sale,Clothing,Yes
18,Female,Employed,"₹5,000 - ₹15,000",E-commerce Website,6,Happy,Free Shipping Threshold,Food/Snacks,No
31,Female,Self-employed,"₹2,000 - ₹5,000",E-commerce Website,5,Sad,Heavy Discount,Beauty/Cosmetics,No
23,Male,Student,"Under ₹2,000",Social Media Stores,5,Stressed,Limited Time Flash Sale,Beauty/Cosmetics,Yes
25,Female,Self-employed,"₹5,000 - ₹15,000",E-commerce Website,5,Bored,Limited Time Flash Sale,Clothing,Yes
23,Female,Employed,"₹2,000 - ₹5,000",E-commerce Website,3,Bored,Social Media Ad,Electronics,Yes
42,Male,Self-employed,"₹2,000 - ₹5,000",Physical In-Store,3,Happy,Limited Time Flash Sale,Beauty/Cosmetics,Yes
27,Female,Student,"₹5,000 - ₹15,000",E-commerce Website,8,Bored,Heavy Discount,Food/Snacks,Yes
19,Male,Employed,"₹2,000 - ₹5,000",Quick Commerce,5,Happy,Social Media Ad,Clothing,Yes
34,Female,Employed,"₹5,000 - ₹15,000",Physical In-Store,4,Neutral,Attractive Packaging,Beauty/Cosmetics,Yes
18,Female,Unemployed,"₹2,000 - ₹5,000",E-commerce Website,2,Bored,Limited Time Flash Sale,Food/Snacks,Yes
29,Male,Employed,"Under ₹2,000",Social Media Stores,4,Bored,Heavy Discount,Electronics,No
18,Female,Employed,"₹2,000 - ₹5,000",E-commerce Website,10,Bored,Heavy Discount,Clothing,No
18,Male,Employed,"Above ₹15,000",Quick Commerce,1,Bored,Free Shipping Threshold,Gaming/Digital,Yes
29,Female,Employed,"₹5,000 - ₹15,000",Quick Commerce,5,Stressed,Attractive Packaging,Gaming/Digital,No
33,Female,Student,"₹2,000 - ₹5,000",Physical In-Store,2,Happy,Attractive Packaging,Food/Snacks,No
29,Male,Student,"₹2,000 - ₹5,000",E-commerce Website,3,Happy,Heavy Discount,Clothing,No
27,Male,Student,"Above ₹15,000",Social Media Stores,4,Sad,Attractive Packaging,Food/Snacks,No
25,Male,Employed,"Under ₹2,000",Quick Commerce,4,Bored,Free Shipping Threshold,Electronics,Yes
18,Female,Self-employed,"₹2,000 - ₹5,000",Quick Commerce,8,Stressed,Free Shipping Threshold,Electronics,Yes
22,Female,Self-employed,"₹2,000 - ₹5,000",E-commerce Website,3,Stressed,Attractive Packaging,Beauty/Cosmetics,No
24,Male,Student,"₹5,000 - ₹15,000",E-commerce Website,2,Happy,Free Shipping Threshold,Beauty/Cosmetics,Yes
36,Male,Student,"₹2,000 - ₹5,000",Social Media Stores,5,Bored,Attractive Packaging,Beauty/Cosmetics,No
30,Male,Student,"Under ₹2,000",E-commerce Website,4,Bored,Attractive Packaging,Beauty/Cosmetics,Yes
18,Female,Student,"₹5,000 - ₹15,000",E-commerce Website,5,Bored,Social Media Ad,Gaming/Digital,Yes
30,Female,Student,"Under ₹2,000",Social Media Stores,6,Bored,Heavy Discount,Beauty/Cosmetics,Yes
24,Male,Employed,"₹5,000 - ₹15,000",E-commerce Website,4,Bored,Limited Time Flash Sale,Gaming/Digital,Yes
22,Female,Employed,"₹5,000 - ₹15,000",Quick Commerce,6,Stressed,Free Shipping Threshold,Electronics,Yes
32,Male,Employed,"₹2,000 - ₹5,000",Quick Commerce,6,Stressed,Heavy Discount,Food/Snacks,Yes
36,Female,Employed,"Under ₹2,000",E-commerce Website,1,Happy,Free Shipping Threshold,Beauty/Cosmetics,No
35,Female,Employed,"₹5,000 - ₹15,000",Social Media Stores,2,Bored,Limited Time Flash Sale,Beauty/Cosmetics,Yes
21,Female,Employed,"₹2,000 - ₹5,000",Social Media Stores,2,Stressed,Attractive Packaging,Clothing,Yes
25,Female,Self-employed,"₹2,000 - ₹5,000",E-commerce Website,3,Neutral,Heavy Discount,Electronics,No
30,Female,Employed,"₹5,000 - ₹15,000",E-commerce Website,5,Neutral,Limited Time Flash Sale,Electronics,No
35,Female,Student,"₹5,000 - ₹15,000",Physical In-Store,7,Stressed,Free Shipping Threshold,Clothing,No
24,Female,Student,"Under ₹2,000",Quick Commerce,1,Happy,Limited Time Flash Sale,Clothing,No
26,Male,Student,"Under ₹2,000",E-commerce Website,3,Sad,Free Shipping Threshold,Electronics,Yes
19,Male,Employed,"₹2,000 - ₹5,000",Physical In-Store,3,Bored,Free Shipping Threshold,Gaming/Digital,Yes
18,Male,Student,"₹5,000 - ₹15,000",E-commerce Website,5,Bored,Heavy Discount,Gaming/Digital,Yes
34,Female,Employed,"₹5,000 - ₹15,000",Physical In-Store,7,Happy,Limited Time Flash Sale,Gaming/Digital,Yes
38,Male,Student,"₹5,000 - ₹15,000",Physical In-Store,7,Sad,Heavy Discount,Gaming/Digital,No
27,Male,Employed,"₹5,000 - ₹15,000",E-commerce Website,5,Happy,Limited Time Flash Sale,Electronics,Yes
36,Female,Student,"Above ₹15,000",E-commerce Website,6,Sad,Free Shipping Threshold,Clothing,No
30,Male,Employed,"₹2,000 - ₹5,000",E-commerce Website,6,Sad,Attractive Packaging,Food/Snacks,No
22,Female,Student,"₹2,000 - ₹5,000",Social Media Stores,3,Happy,Social Media Ad,Beauty/Cosmetics,No
30,Female,Student,"₹5,000 - ₹15,000",Social Media Stores,6,Neutral,Attractive Packaging,Clothing,No
40,Female,Self-employed,"₹2,000 - ₹5,000",E-commerce Website,5,Happy,Heavy Discount,Clothing,No
27,Female,Employed,"₹2,000 - ₹5,000",Social Media Stores,5,Bored,Limited Time Flash Sale,Gaming/Digital,Yes
40,Female,Student,"Under ₹2,000",E-commerce Website,5,Happy,Heavy Discount,Electronics,No
18,Female,Employed,"Above ₹15,000",E-commerce Website,5,Happy,Attractive Packaging,Clothing,Yes
34,Male,Employed,"₹2,000 - ₹5,000",E-commerce Website,4,Stressed,Social Media Ad,Beauty/Cosmetics,Yes
28,Female,Employed,"₹2,000 - ₹5,000",E-commerce Website,11,Happy,Social Media Ad,Gaming/Digital,No
25,Male,Employed,"₹5,000 - ₹15,000",E-commerce Website,4,Neutral,Attractive Packaging,Beauty/Cosmetics,No
28,Male,Self-employed,"₹2,000 - ₹5,000",Physical In-Store,8,Sad,Attractive Packaging,Clothing,Yes
18,Female,Student,"Above ₹15,000",E-commerce Website,4,Bored,Limited Time Flash Sale,Beauty/Cosmetics,Yes
26,Male,Employed,"₹2,000 - ₹5,000",E-commerce Website,5,Bored,Limited Time Flash Sale,Clothing,Yes
30,Male,Employed,"₹5,000 - ₹15,000",E-commerce Website,5,Happy,Limited Time Flash Sale,Food/Snacks,Yes
39,Male,Employed,"₹2,000 - ₹5,000",Quick Commerce,6,Stressed,Heavy Discount,Beauty/Cosmetics,Yes
23,Male,Self-employed,"₹5,000 - ₹15,000",E-commerce Website,2,Neutral,Heavy Discount,Beauty/Cosmetics,No
21,Male,Self-employed,"Above ₹15,000",Quick Commerce,6,Bored,Attractive Packaging,Gaming/Digital,Yes
23,Male,Employed,"₹5,000 - ₹15,000",E-commerce Website,9,Stressed,Heavy Discount,Food/Snacks,No
35,Female,Unemployed,"₹5,000 - ₹15,000",E-commerce Website,8,Stressed,Attractive Packaging,Clothing,No
30,Female,Employed,"Under ₹2,000",Quick Commerce,5,Stressed,Free Shipping Threshold,Beauty/Cosmetics,Yes
23,Male,Employed,"Above ₹15,000",Quick Commerce,9,Neutral,Social Media Ad,Beauty/Cosmetics,Yes
32,Female,Unemployed,"₹5,000 - ₹15,000",E-commerce Website,6,Bored,Heavy Discount,Food/Snacks,No
28,Male,Student,"Above ₹15,000",E-commerce Website,3,Bored,Heavy Discount,Gaming/Digital,No
35,Male,Employed,"₹5,000 - ₹15,000",E-commerce Website,8,Happy,Attractive Packaging,Clothing,No
22,Male,Employed,"₹2,000 - ₹5,000",Quick Commerce,3,Happy,Free Shipping Threshold,Food/Snacks,No
25,Female,Self-employed,"₹5,000 - ₹15,000",Physical In-Store,3,Neutral,Free Shipping Threshold,Food/Snacks,No
24,Male,Self-employed,"Under ₹2,000",Social Media Stores,6,Bored,Attractive Packaging,Clothing,Yes
18,Female,Self-employed,"₹5,000 - ₹15,000",Social Media Stores,6,Stressed,Free Shipping Threshold,Clothing,Yes
30,Female,Self-employed,"₹2,000 - ₹5,000",E-commerce Website,3,Neutral,Free Shipping Threshold,Electronics,No
30,Female,Employed,"Under ₹2,000",Social Media Stores,3,Neutral,Heavy Discount,Food/Snacks,No
28,Female,Student,"Above ₹15,000",Social Media Stores,7,Neutral,Free Shipping Threshold,Gaming/Digital,No
26,Female,Student,"Above ₹15,000",E-commerce Website,4,Stressed,Heavy Discount,Clothing,Yes
18,Male,Employed,"Above ₹15,000",E-commerce Website,4,Happy,Heavy Discount,Gaming/Digital,Yes
24,Male,Employed,"₹5,000 - ₹15,000",Quick Commerce,7,Neutral,Limited Time Flash Sale,Electronics,Yes
25,Female,Employed,"₹5,000 - ₹15,000",E-commerce Website,4,Neutral,Social Media Ad,Clothing,Yes
21,Female,Employed,"₹5,000 - ₹15,000",Social Media Stores,8,Bored,Heavy Discount,Electronics,No
26,Male,Self-employed,"Under ₹2,000",E-commerce Website,4,Stressed,Heavy Discount,Clothing,Yes
31,Male,Employed,"Above ₹15,000",E-commerce Website,6,Sad,Attractive Packaging,Gaming/Digital,No
43,Female,Self-employed,"Above ₹15,000",Quick Commerce,2,Happy,Social Media Ad,Food/Snacks,Yes
29,Male,Self-employed,"₹5,000 - ₹15,000",E-commerce Website,6,Happy,Limited Time Flash Sale,Gaming/Digital,Yes
30,Male,Employed,"Above ₹15,000",E-commerce Website,6,Stressed,Free Shipping Threshold,Food/Snacks,Yes
27,Female,Employed,"₹5,000 - ₹15,000",Social Media Stores,4,Neutral,Heavy Discount,Electronics,Yes
18,Female,Employed,"₹2,000 - ₹5,000",Social Media Stores,7,Bored,Social Media Ad,Food/Snacks,Yes
27,Female,Employed,"Above ₹15,000",E-commerce Website,2,Bored,Social Media Ad,Food/Snacks,Yes
28,Female,Employed,"₹2,000 - ₹5,000",Quick Commerce,6,Sad,Social Media Ad,Beauty/Cosmetics,No
47,Female,Student,"₹5,000 - ₹15,000",Physical In-Store,6,Neutral,Heavy Discount,Electronics,Yes
26,Male,Student,"₹2,000 - ₹5,000",Social Media Stores,8,Neutral,Free Shipping Threshold,Food/Snacks,Yes
30,Male,Student,"₹5,000 - ₹15,000",E-commerce Website,3,Stressed,Social Media Ad,Food/Snacks,No
27,Female,Student,"₹5,000 - ₹15,000",E-commerce Website,4,Bored,Social Media Ad,Electronics,Yes
18,Female,Student,"₹5,000 - ₹15,000",Quick Commerce,4,Stressed,Social Media Ad,Clothing,No
37,Male,Employed,"₹5,000 - ₹15,000",Social Media Stores,5,Bored,Attractive Packaging,Food/Snacks,Yes
34,Other,Unemployed,"₹2,000 - ₹5,000",Social Media Stores,2,Happy,Limited Time Flash Sale,Gaming/Digital,Yes
34,Female,Employed,"₹5,000 - ₹15,000",E-commerce Website,0,Stressed,Free Shipping Threshold,Gaming/Digital,Yes
20,Male,Self-employed,"Above ₹15,000",Quick Commerce,3,Bored,Attractive Packaging,Beauty/Cosmetics,Yes
39,Male,Employed,"Under ₹2,000",E-commerce Website,5,Bored,Free Shipping Threshold,Clothing,No
18,Male,Employed,"Under ₹2,000",E-commerce Website,5,Stressed,Attractive Packaging,Electronics,Yes
32,Female,Employed,"Under ₹2,000",Quick Commerce,10,Neutral,Social Media Ad,Electronics,Yes
45,Other,Employed,"Above ₹15,000",Physical In-Store,7,Neutral,Limited Time Flash Sale,Clothing,No
20,Male,Self-employed,"₹5,000 - ₹15,000",E-commerce Website,5,Happy,Heavy Discount,Beauty/Cosmetics,No
23,Other,Self-employed,"Above ₹15,000",Quick Commerce,3,Stressed,Free Shipping Threshold,Electronics,Yes
28,Female,Employed,"₹5,000 - ₹15,000",Quick Commerce,8,Stressed,Free Shipping Threshold,Clothing,Yes
23,Female,Student,"₹2,000 - ₹5,000",Social Media Stores,1,Bored,Limited Time Flash Sale,Food/Snacks,Yes
18,Female,Employed,"₹5,000 - ₹15,000",E-commerce Website,10,Neutral,Attractive Packaging,Food/Snacks,No
28,Male,Student,"Under ₹2,000",E-commerce Website,1,Stressed,Free Shipping Threshold,Clothing,No
19,Female,Student,"₹2,000 - ₹5,000",E-commerce Website,4,Stressed,Limited Time Flash Sale,Gaming/Digital,Yes
31,Male,Self-employed,"₹2,000 - ₹5,000",E-commerce Website,6,Stressed,Social Media Ad,Gaming/Digital,No
20,Female,Employed,"₹2,000 - ₹5,000",E-commerce Website,5,Neutral,Heavy Discount,Electronics,Yes
40,Male,Employed,"₹2,000 - ₹5,000",Physical In-Store,7,Sad,Limited Time Flash Sale,Beauty/Cosmetics,Yes
21,Female,Self-employed,"Under ₹2,000",E-commerce Website,8,Neutral,Heavy Discount,Electronics,Yes
25,Female,Employed,"Under ₹2,000",E-commerce Website,3,Bored,Limited Time Flash Sale,Clothing,Yes
34,Male,Employed,"₹2,000 - ₹5,000",Social Media Stores,5,Neutral,Free Shipping Threshold,Gaming/Digital,No
18,Male,Student,"₹5,000 - ₹15,000",E-commerce Website,8,Happy,Limited Time Flash Sale,Beauty/Cosmetics,No
29,Female,Employed,"Under ₹2,000",Quick Commerce,7,Neutral,Heavy Discount,Beauty/Cosmetics,No
38,Female,Employed,"₹2,000 - ₹5,000",E-commerce Website,9,Neutral,Limited Time Flash Sale,Electronics,Yes
18,Male,Employed,"Under ₹2,000",E-commerce Website,2,Neutral,Social Media Ad,Beauty/Cosmetics,No
29,Female,Student,"₹5,000 - ₹15,000",E-commerce Website,8,Bored,Attractive Packaging,Food/Snacks,Yes
30,Male,Student,"₹5,000 - ₹15,000",E-commerce Website,3,Happy,Attractive Packaging,Food/Snacks,No
34,Male,Employed,"Above ₹15,000",E-commerce Website,4,Neutral,Free Shipping Threshold,Food/Snacks,No
18,Male,Employed,"₹5,000 - ₹15,000",Social Media Stores,2,Bored,Social Media Ad,Clothing,Yes
18,Male,Employed,"₹2,000 - ₹5,000",E-commerce Website,7,Neutral,Social Media Ad,Clothing,No
32,Female,Employed,"Under ₹2,000",Quick Commerce,2,Neutral,Attractive Packaging,Gaming/Digital,Yes
30,Other,Student,"Under ₹2,000",Social Media Stores,4,Stressed,Limited Time Flash Sale,Food/Snacks,Yes
30,Male,Employed,"Above ₹15,000",E-commerce Website,4,Stressed,Free Shipping Threshold,Beauty/Cosmetics,Yes
30,Female,Self-employed,"₹5,000 - ₹15,000",E-commerce Website,4,Neutral,Limited Time Flash Sale,Beauty/Cosmetics,No
22,Male,Student,"Under ₹2,000",Social Media Stores,6,Happy,Attractive Packaging,Food/Snacks,No
29,Female,Employed,"Under ₹2,000",Social Media Stores,8,Happy,Limited Time Flash Sale,Electronics,No
30,Male,Employed,"₹2,000 - ₹5,000",Quick Commerce,1,Stressed,Social Media Ad,Beauty/Cosmetics,Yes
22,Female,Employed,"₹2,000 - ₹5,000",Social Media Stores,2,Happy,Free Shipping Threshold,Food/Snacks,No
42,Female,Student,"₹5,000 - ₹15,000",Physical In-Store,2,Stressed,Attractive Packaging,Electronics,No
31,Male,Self-employed,"₹5,000 - ₹15,000",E-commerce Website,1,Happy,Attractive Packaging,Clothing,Yes
18,Female,Employed,"₹5,000 - ₹15,000",Social Media Stores,4,Neutral,Heavy Discount,Beauty/Cosmetics,No
33,Male,Self-employed,"₹2,000 - ₹5,000",E-commerce Website,8,Neutral,Heavy Discount,Clothing,No
20,Male,Student,"₹2,000 - ₹5,000",E-commerce Website,2,Bored,Attractive Packaging,Electronics,Yes
34,Male,Employed,"₹5,000 - ₹15,000",Social Media Stores,2,Happy,Limited Time Flash Sale,Gaming/Digital,No
37,Male,Employed,"₹5,000 - ₹15,000",E-commerce Website,5,Neutral,Heavy Discount,Gaming/Digital,Yes
21,Male,Employed,"₹2,000 - ₹5,000",E-commerce Website,3,Stressed,Attractive Packaging,Food/Snacks,Yes
35,Male,Employed,"₹5,000 - ₹15,000",Social Media Stores,4,Bored,Social Media Ad,Electronics,Yes
31,Male,Employed,"₹5,000 - ₹15,000",E-commerce Website,6,Bored,Heavy Discount,Food/Snacks,Yes
34,Male,Student,"Under ₹2,000",Social Media Stores,7,Stressed,Heavy Discount,Electronics,No
43,Female,Employed,"₹5,000 - ₹15,000",Social Media Stores,7,Neutral,Free Shipping Threshold,Gaming/Digital,No
26,Female,Student,"₹2,000 - ₹5,000",E-commerce Website,2,Neutral,Heavy Discount,Electronics,No
21,Male,Student,"₹5,000 - ₹15,000",E-commerce Website,7,Sad,Social Media Ad,Beauty/Cosmetics,No
20,Male,Employed,"Under ₹2,000",Social Media Stores,2,Neutral,Limited Time Flash Sale,Gaming/Digital,No
21,Male,Student,"₹5,000 - ₹15,000",E-commerce Website,3,Bored,Heavy Discount,Electronics,Yes
27,Female,Unemployed,"Under ₹2,000",Physical In-Store,4,Stressed,Social Media Ad,Electronics,No
30,Female,Self-employed,"Under ₹2,000",Quick Commerce,1,Neutral,Free Shipping Threshold,Gaming/Digital,Yes
30,Female,Employed,"₹5,000 - ₹15,000",Social Media Stores,3,Neutral,Heavy Discount,Clothing,No
34,Male,Self-employed,"₹5,000 - ₹15,000",E-commerce Website,9,Bored,Heavy Discount,Clothing,No
28,Male,Self-employed,"Above ₹15,000",E-commerce Website,0,Happy,Limited Time Flash Sale,Food/Snacks,Yes
39,Male,Student,"₹5,000 - ₹15,000",Quick Commerce,2,Sad,Heavy Discount,Food/Snacks,No
25,Female,Self-employed,"₹5,000 - ₹15,000",Social Media Stores,6,Bored,Limited Time Flash Sale,Beauty/Cosmetics,Yes
49,Female,Student,"₹5,000 - ₹15,000",E-commerce Website,3,Bored,Social Media Ad,Gaming/Digital,No
33,Male,Employed,"₹2,000 - ₹5,000",Social Media Stores,5,Bored,Free Shipping Threshold,Electronics,Yes
21,Female,Employed,"Under ₹2,000",E-commerce Website,6,Stressed,Limited Time Flash Sale,Clothing,Yes
19,Male,Employed,"₹2,000 - ₹5,000",E-commerce Website,2,Bored,Heavy Discount,Clothing,Yes
31,Male,Student,"₹2,000 - ₹5,000",E-commerce Website,6,Happy,Limited Time Flash Sale,Food/Snacks,Yes
26,Female,Student,"₹2,000 - ₹5,000",E-commerce Website,7,Bored,Limited Time Flash Sale,Food/Snacks,No
33,Female,Employed,"Above ₹15,000",Social Media Stores,8,Stressed,Heavy Discount,Electronics,Yes
31,Male,Employed,"₹5,000 - ₹15,000",E-commerce Website,5,Stressed,Attractive Packaging,Food/Snacks,No
27,Male,Employed,"Above ₹15,000",Social Media Stores,5,Neutral,Attractive Packaging,Beauty/Cosmetics,Yes
21,Female,Employed,"Above ₹15,000",E-commerce Website,8,Neutral,Free Shipping Threshold,Gaming/Digital,Yes
18,Female,Student,"₹2,000 - ₹5,000",E-commerce Website,8,Happy,Attractive Packaging,Electronics,No
24,Female,Student,"₹2,000 - ₹5,000",E-commerce Website,8,Bored,Limited Time Flash Sale,Beauty/Cosmetics,No
34,Male,Employed,"₹5,000 - ₹15,000",E-commerce Website,5,Bored,Social Media Ad,Food/Snacks,Yes
29,Male,Employed,"Above ₹15,000",E-commerce Website,5,Stressed,Free Shipping Threshold,Gaming/Digital,No
18,Other,Student,"₹2,000 - ₹5,000",E-commerce Website,5,Happy,Attractive Packaging,Clothing,Yes
29,Female,Employed,"₹5,000 - ₹15,000",Social Media Stores,5,Sad,Heavy Discount,Clothing,No
31,Male,Employed,"Under ₹2,000",Social Media Stores,5,Bored,Attractive Packaging,Clothing,No
20,Female,Student,"₹2,000 - ₹5,000",Social Media Stores,7,Bored,Limited Time Flash Sale,Food/Snacks,Yes
29,Female,Employed,"₹2,000 - ₹5,000",Social Media Stores,6,Stressed,Social Media Ad,Food/Snacks,Yes
28,Male,Employed,"₹2,000 - ₹5,000",Quick Commerce,2,Stressed,Attractive Packaging,Beauty/Cosmetics,Yes
18,Male,Employed,"Above ₹15,000",E-commerce Website,2,Happy,Social Media Ad,Beauty/Cosmetics,No
30,Female,Self-employed,"Under ₹2,000",Quick Commerce,2,Stressed,Heavy Discount,Electronics,No
32,Female,Student,"Above ₹15,000",E-commerce Website,4,Happy,Limited Time Flash Sale,Food/Snacks,Yes
36,Female,Employed,"Under ₹2,000",Social Media Stores,4,Neutral,Limited Time Flash Sale,Clothing,Yes
36,Female,Employed,"Above ₹15,000",Social Media Stores,5,Bored,Heavy Discount,Clothing,Yes
18,Male,Employed,"₹5,000 - ₹15,000",E-commerce Website,11,Stressed,Attractive Packaging,Gaming/Digital,Yes
20,Male,Employed,"₹5,000 - ₹15,000",Quick Commerce,5,Stressed,Limited Time Flash Sale,Beauty/Cosmetics,Yes
32,Other,Employed,"Under ₹2,000",E-commerce Website,6,Happy,Social Media Ad,Food/Snacks,No
32,Male,Employed,"₹5,000 - ₹15,000",E-commerce Website,3,Neutral,Heavy Discount,Electronics,Yes
32,Female,Student,"Above ₹15,000",E-commerce Website,4,Neutral,Free Shipping Threshold,Electronics,Yes
58,Female,Employed,"Under ₹2,000",E-commerce Website,7,Neutral,Free Shipping Threshold,Clothing,No
32,Female,Employed,"Under ₹2,000",Social Media Stores,7,Bored,Attractive Packaging,Beauty/Cosmetics,Yes
37,Male,Unemployed,"₹2,000 - ₹5,000",Physical In-Store,4,Stressed,Social Media Ad,Gaming/Digital,No
35,Female,Employed,"Under ₹2,000",Quick Commerce,6,Stressed,Heavy Discount,Clothing,Yes
33,Female,Employed,"Under ₹2,000",Social Media Stores,5,Happy,Attractive Packaging,Beauty/Cosmetics,No
25,Female,Employed,"₹5,000 - ₹15,000",E-commerce Website,4,Sad,Attractive Packaging,Electronics,Yes
34,Female,Self-employed,"₹2,000 - ₹5,000",E-commerce Website,1,Stressed,Heavy Discount,Clothing,Yes
21,Male,Unemployed,"₹5,000 - ₹15,000",E-commerce Website,6,Stressed,Attractive Packaging,Food/Snacks,Yes
26,Male,Employed,"Above ₹15,000",Quick Commerce,4,Happy,Attractive Packaging,Gaming/Digital,No
24,Male,Employed,"₹5,000 - ₹15,000",Social Media Stores,4,Happy,Limited Time Flash Sale,Food/Snacks,Yes
28,Male,Student,"Under ₹2,000",E-commerce Website,6,Neutral,Free Shipping Threshold,Beauty/Cosmetics,Yes
46,Other,Employed,"₹5,000 - ₹15,000",Physical In-Store,3,Bored,Social Media Ad,Beauty/Cosmetics,Yes
18,Female,Employed,"₹2,000 - ₹5,000",E-commerce Website,2,Sad,Free Shipping Threshold,Electronics,Yes
33,Female,Employed,"₹2,000 - ₹5,000",E-commerce Website,4,Sad,Heavy Discount,Beauty/Cosmetics,No
18,Female,Student,"₹2,000 - ₹5,000",Social Media Stores,8,Neutral,Free Shipping Threshold,Beauty/Cosmetics,No
24,Male,Employed,"Above ₹15,000",Social Media Stores,7,Neutral,Free Shipping Threshold,Beauty/Cosmetics,No
36,Other,Student,"₹5,000 - ₹15,000",E-commerce Website,7,Bored,Free Shipping Threshold,Electronics,Yes
28,Male,Employed,"Under ₹2,000",Quick Commerce,3,Happy,Limited Time Flash Sale,Beauty/Cosmetics,No
19,Male,Student,"₹2,000 - ₹5,000",E-commerce Website,0,Happy,Free Shipping Threshold,Gaming/Digital,No
22,Female,Employed,"₹2,000 - ₹5,000",E-commerce Website,5,Sad,Free Shipping Threshold,Beauty/Cosmetics,Yes
33,Female,Student,"Above ₹15,000",Social Media Stores,6,Neutral,Free Shipping Threshold,Beauty/Cosmetics,Yes
22,Female,Student,"Above ₹15,000",Physical In-Store,5,Bored,Heavy Discount,Beauty/Cosmetics,No
29,Male,Employed,"₹2,000 - ₹5,000",E-commerce Website,7,Happy,Social Media Ad,Electronics,Yes
28,Female,Student,"₹2,000 - ₹5,000",E-commerce Website,6,Happy,Free Shipping Threshold,Clothing,No
22,Male,Employed,"₹5,000 - ₹15,000",E-commerce Website,6,Bored,Limited Time Flash Sale,Electronics,Yes
45,Male,Self-employed,"₹2,000 - ₹5,000",E-commerce Website,9,Sad,Heavy Discount,Beauty/Cosmetics,No
33,Female,Unemployed,"₹2,000 - ₹5,000",Social Media Stores,7,Happy,Attractive Packaging,Gaming/Digital,Yes
18,Female,Student,"₹5,000 - ₹15,000",E-commerce Website,7,Neutral,Attractive Packaging,Gaming/Digital,No
29,Female,Self-employed,"₹2,000 - ₹5,000",E-commerce Website,2,Neutral,Limited Time Flash Sale,Gaming/Digital,Yes
22,Female,Employed,"₹5,000 - ₹15,000",E-commerce Website,6,Bored,Heavy Discount,Electronics,Yes
34,Female,Self-employed,"₹2,000 - ₹5,000",E-commerce Website,7,Neutral,Attractive Packaging,Beauty/Cosmetics,No
21,Female,Employed,"₹5,000 - ₹15,000",E-commerce Website,4,Neutral,Social Media Ad,Gaming/Digital,No
27,Female,Student,"₹5,000 - ₹15,000",Quick Commerce,10,Happy,Heavy Discount,Beauty/Cosmetics,No
32,Female,Employed,"₹5,000 - ₹15,000",Quick Commerce,7,Neutral,Free Shipping Threshold,Gaming/Digital,Yes
34,Other,Employed,"₹5,000 - ₹15,000",E-commerce Website,4,Bored,Social Media Ad,Beauty/Cosmetics,Yes
18,Other,Employed,"₹2,000 - ₹5,000",Quick Commerce,9,Neutral,Social Media Ad,Beauty/Cosmetics,Yes
25,Male,Employed,"Under ₹2,000",E-commerce Website,9,Neutral,Social Media Ad,Clothing,Yes
24,Female,Employed,"Under ₹2,000",E-commerce Website,3,Stressed,Limited Time Flash Sale,Clothing,No
22,Female,Employed,"₹2,000 - ₹5,000",Social Media Stores,4,Stressed,Limited Time Flash Sale,Food/Snacks,Yes
42,Male,Unemployed,"Under ₹2,000",Social Media Stores,7,Sad,Attractive Packaging,Electronics,No
31,Female,Self-employed,"₹5,000 - ₹15,000",Physical In-Store,5,Stressed,Attractive Packaging,Clothing,No
18,Male,Employed,"₹2,000 - ₹5,000",E-commerce Website,7,Neutral,Attractive Packaging,Food/Snacks,No
35,Female,Employed,"Under ₹2,000",Physical In-Store,7,Stressed,Limited Time Flash Sale,Electronics,Yes
44,Female,Self-employed,"₹5,000 - ₹15,000",E-commerce Website,2,Bored,Heavy Discount,Food/Snacks,No
36,Male,Self-employed,"₹5,000 - ₹15,000",E-commerce Website,3,Neutral,Free Shipping Threshold,Food/Snacks,No
18,Male,Student,"₹2,000 - ₹5,000",Social Media Stores,2,Bored,Free Shipping Threshold,Electronics,Yes
24,Female,Employed,"₹2,000 - ₹5,000",E-commerce Website,4,Neutral,Heavy Discount,Gaming/Digital,No
38,Male,Employed,"Under ₹2,000",Physical In-Store,1,Happy,Limited Time Flash Sale,Gaming/Digital,Yes
22,Male,Employed,"₹2,000 - ₹5,000",E-commerce Website,3,Stressed,Free Shipping Threshold,Food/Snacks,Yes
31,Male,Student,"Above ₹15,000",Quick Commerce,4,Sad,Social Media Ad,Beauty/Cosmetics,No
34,Female,Employed,"Under ₹2,000",E-commerce Website,3,Sad,Social Media Ad,Beauty/Cosmetics,No
20,Female,Employed,"₹5,000 - ₹15,000",E-commerce Website,8,Stressed,Attractive Packaging,Food/Snacks,No
27,Female,Employed,"Above ₹15,000",E-commerce Website,2,Bored,Attractive Packaging,Clothing,Yes
18,Female,Employed,"₹5,000 - ₹15,000",Social Media Stores,6,Neutral,Social Media Ad,Clothing,No
19,Female,Student,"₹2,000 - ₹5,000",E-commerce Website,7,Neutral,Heavy Discount,Beauty/Cosmetics,No
25,Female,Self-employed,"₹5,000 - ₹15,000",Physical In-Store,5,Neutral,Social Media Ad,Clothing,No
18,Male,Self-employed,"₹5,000 - ₹15,000",E-commerce Website,3,Stressed,Heavy Discount,Food/Snacks,Yes
41,Female,Employed,"₹5,000 - ₹15,000",E-commerce Website,9,Happy,Social Media Ad,Clothing,Yes
18,Female,Self-employed,"Above ₹15,000",E-commerce Website,8,Neutral,Heavy Discount,Beauty/Cosmetics,No
24,Female,Student,"₹5,000 - ₹15,000",Physical In-Store,6,Stressed,Limited Time Flash Sale,Gaming/Digital,Yes
29,Male,Employed,"₹5,000 - ₹15,000",E-commerce Website,3,Neutral,Limited Time Flash Sale,Beauty/Cosmetics,Yes
39,Male,Student,"Above ₹15,000",Social Media Stores,0,Neutral,Limited Time Flash Sale,Gaming/Digital,Yes
18,Male,Employed,"₹5,000 - ₹15,000",E-commerce Website,10,Bored,Limited Time Flash Sale,Beauty/Cosmetics,Yes
37,Male,Employed,"₹5,000 - ₹15,000",Social Media Stores,4,Sad,Heavy Discount,Clothing,No
28,Female,Employed,"₹5,000 - ₹15,000",E-commerce Website,2,Sad,Social Media Ad,Clothing,Yes
20,Male,Employed,"₹5,000 - ₹15,000",Quick Commerce,4,Stressed,Heavy Discount,Beauty/Cosmetics,Yes
31,Female,Employed,"₹5,000 - ₹15,000",Quick Commerce,8,Neutral,Limited Time Flash Sale,Gaming/Digital,No
29,Male,Employed,"Under ₹2,000",Social Media Stores,1,Neutral,Free Shipping Threshold,Food/Snacks,No
23,Male,Self-employed,"₹5,000 - ₹15,000",Quick Commerce,3,Neutral,Attractive Packaging,Clothing,Yes
28,Female,Employed,"₹5,000 - ₹15,000",E-commerce Website,5,Happy,Heavy Discount,Beauty/Cosmetics,Yes
24,Male,Student,"₹5,000 - ₹15,000",Social Media Stores,3,Bored,Limited Time Flash Sale,Food/Snacks,Yes
28,Female,Employed,"₹5,000 - ₹15,000",E-commerce Website,3,Stressed,Free Shipping Threshold,Beauty/Cosmetics,No
33,Male,Self-employed,"Under ₹2,000",Social Media Stores,4,Neutral,Attractive Packaging,Clothing,No
40,Male,Employed,"₹2,000 - ₹5,000",E-commerce Website,2,Stressed,Heavy Discount,Electronics,Yes
18,Female,Employed,"₹5,000 - ₹15,000",E-commerce Website,3,Bored,Attractive Packaging,Gaming/Digital,No
45,Female,Employed,"Above ₹15,000",Quick Commerce,7,Neutral,Social Media Ad,Gaming/Digital,Yes
18,Male,Employed,"₹2,000 - ₹5,000",E-commerce Website,5,Stressed,Attractive Packaging,Clothing,Yes
26,Male,Student,"₹5,000 - ₹15,000",Social Media Stores,5,Bored,Heavy Discount,Gaming/Digital,No
32,Female,Employed,"₹5,000 - ₹15,000",Social Media Stores,5,Happy,Free Shipping Threshold,Beauty/Cosmetics,No
30,Other,Student,"₹5,000 - ₹15,000",E-commerce Website,8,Happy,Attractive Packaging,Food/Snacks,No
23,Female,Student,"₹5,000 - ₹15,000",E-commerce Website,8,Stressed,Attractive Packaging,Food/Snacks,No
26,Male,Student,"Under ₹2,000",E-commerce Website,4,Stressed,Heavy Discount,Food/Snacks,Yes
24,Other,Employed,"₹5,000 - ₹15,000",Quick Commerce,11,Bored,Social Media Ad,Beauty/Cosmetics,Yes
23,Male,Employed,"₹5,000 - ₹15,000",Quick Commerce,3,Stressed,Attractive Packaging,Beauty/Cosmetics,Yes
34,Male,Unemployed,"₹5,000 - ₹15,000",Social Media Stores,7,Happy,Social Media Ad,Electronics,No
30,Female,Employed,"₹5,000 - ₹15,000",Quick Commerce,7,Neutral,Free Shipping Threshold,Gaming/Digital,Yes
22,Male,Employed,"₹2,000 - ₹5,000",Physical In-Store,5,Neutral,Free Shipping Threshold,Food/Snacks,No
35,Male,Student,"Above ₹15,000",E-commerce Website,3,Bored,Limited Time Flash Sale,Clothing,Yes
30,Male,Student,"₹5,000 - ₹15,000",E-commerce Website,9,Neutral,Social Media Ad,Beauty/Cosmetics,Yes
34,Male,Self-employed,"₹5,000 - ₹15,000",E-commerce Website,6,Stressed,Social Media Ad,Clothing,Yes
33,Female,Employed,"Above ₹15,000",E-commerce Website,5,Happy,Attractive Packaging,Beauty/Cosmetics,No
21,Female,Student,"Above ₹15,000",E-commerce Website,5,Stressed,Heavy Discount,Clothing,No
23,Male,Employed,"₹5,000 - ₹15,000",Social Media Stores,8,Neutral,Heavy Discount,Gaming/Digital,Yes
33,Female,Employed,"₹5,000 - ₹15,000",E-commerce Website,3,Happy,Free Shipping Threshold,Food/Snacks,Yes
32,Female,Self-employed,"₹5,000 - ₹15,000",E-commerce Website,6,Bored,Social Media Ad,Gaming/Digital,Yes
27,Female,Student,"₹2,000 - ₹5,000",Physical In-Store,5,Neutral,Free Shipping Threshold,Clothing,Yes
28,Male,Employed,"₹2,000 - ₹5,000",Social Media Stores,5,Neutral,Social Media Ad,Beauty/Cosmetics,Yes
38,Other,Employed,"₹5,000 - ₹15,000",E-commerce Website,6,Stressed,Social Media Ad,Beauty/Cosmetics,No
23,Female,Unemployed,"₹5,000 - ₹15,000",E-commerce Website,7,Stressed,Free Shipping Threshold,Clothing,Yes
32,Male,Self-employed,"₹2,000 - ₹5,000",Social Media Stores,5,Bored,Social Media Ad,Beauty/Cosmetics,Yes
26,Male,Student,"Above ₹15,000",E-commerce Website,4,Bored,Attractive Packaging,Beauty/Cosmetics,Yes
26,Male,Employed,"₹5,000 - ₹15,000",E-commerce Website,4,Bored,Social Media Ad,Food/Snacks,Yes
36,Female,Employed,"₹5,000 - ₹15,000",Social Media Stores,5,Neutral,Limited Time Flash Sale,Food/Snacks,Yes
34,Male,Employed,"₹2,000 - ₹5,000",E-commerce Website,0,Happy,Social Media Ad,Gaming/Digital,No
34,Female,Self-employed,"Under ₹2,000",E-commerce Website,7,Stressed,Heavy Discount,Electronics,Yes
38,Male,Self-employed,"Above ₹15,000",E-commerce Website,5,Neutral,Limited Time Flash Sale,Beauty/Cosmetics,Yes
28,Female,Student,"₹2,000 - ₹5,000",E-commerce Website,3,Happy,Attractive Packaging,Electronics,No
33,Male,Student,"₹5,000 - ₹15,000",E-commerce Website,0,Neutral,Social Media Ad,Beauty/Cosmetics,No
25,Female,Employed,"₹5,000 - ₹15,000",Physical In-Store,12,Stressed,Free Shipping Threshold,Electronics,No
30,Female,Student,"₹5,000 - ₹15,000",Quick Commerce,6,Neutral,Free Shipping Threshold,Food/Snacks,No
26,Male,Student,"₹5,000 - ₹15,000",E-commerce Website,1,Neutral,Limited Time Flash Sale,Clothing,No
28,Female,Employed,"Under ₹2,000",E-commerce Website,5,Neutral,Attractive Packaging,Gaming/Digital,No
32,Male,Self-employed,"₹2,000 - ₹5,000",E-commerce Website,3,Neutral,Social Media Ad,Gaming/Digital,No
21,Female,Student,"₹5,000 - ₹15,000",Quick Commerce,4,Neutral,Attractive Packaging,Food/Snacks,No
44,Female,Employed,"₹5,000 - ₹15,000",Social Media Stores,5,Neutral,Heavy Discount,Gaming/Digital,Yes
19,Male,Student,"₹2,000 - ₹5,000",E-commerce Website,4,Neutral,Limited Time Flash Sale,Food/Snacks,Yes
18,Male,Student,"₹2,000 - ₹5,000",E-commerce Website,4,Stressed,Heavy Discount,Clothing,No
37,Male,Employed,"Under ₹2,000",E-commerce Website,7,Bored,Limited Time Flash Sale,Gaming/Digital,Yes
34,Female,Student,"₹5,000 - ₹15,000",E-commerce Website,6,Bored,Free Shipping Threshold,Beauty/Cosmetics,Yes
32,Female,Self-employed,"₹2,000 - ₹5,000",E-commerce Website,7,Stressed,Attractive Packaging,Gaming/Digital,Yes
33,Female,Self-employed,"Under ₹2,000",E-commerce Website,5,Neutral,Attractive Packaging,Electronics,Yes
27,Male,Employed,"₹5,000 - ₹15,000",E-commerce Website,4,Neutral,Attractive Packaging,Gaming/Digital,No
20,Male,Student,"₹2,000 - ₹5,000",Physical In-Store,5,Stressed,Heavy Discount,Electronics,Yes
28,Other,Employed,"₹5,000 - ₹15,000",Physical In-Store,3,Happy,Social Media Ad,Beauty/Cosmetics,No
22,Male,Student,"₹2,000 - ₹5,000",E-commerce Website,7,Stressed,Social Media Ad,Electronics,No
35,Female,Student,"Above ₹15,000",E-commerce Website,6,Happy,Heavy Discount,Beauty/Cosmetics,No
26,Male,Employed,"₹2,000 - ₹5,000",Quick Commerce,3,Happy,Free Shipping Threshold,Clothing,Yes
21,Male,Employed,"₹2,000 - ₹5,000",Social Media Stores,5,Sad,Social Media Ad,Gaming/Digital,Yes
25,Female,Student,"Above ₹15,000",Quick Commerce,7,Stressed,Free Shipping Threshold,Electronics,Yes
31,Other,Student,"₹2,000 - ₹5,000",E-commerce Website,5,Stressed,Attractive Packaging,Clothing,Yes
23,Other,Self-employed,"₹5,000 - ₹15,000",E-commerce Website,7,Stressed,Heavy Discount,Clothing,Yes
21,Male,Employed,"₹2,000 - ₹5,000",Social Media Stores,5,Stressed,Attractive Packaging,Electronics,Yes
29,Male,Self-employed,"Under ₹2,000",E-commerce Website,4,Neutral,Attractive Packaging,Gaming/Digital,No
29,Female,Unemployed,"₹5,000 - ₹15,000",E-commerce Website,2,Happy,Free Shipping Threshold,Food/Snacks,No
23,Female,Employed,"Above ₹15,000",E-commerce Website,4,Happy,Social Media Ad,Clothing,No
24,Female,Student,"₹2,000 - ₹5,000",E-commerce Website,6,Bored,Heavy Discount,Clothing,Yes
29,Male,Employed,"₹5,000 - ₹15,000",Social Media Stores,5,Stressed,Heavy Discount,Electronics,No
18,Other,Student,"₹5,000 - ₹15,000",Social Media Stores,6,Stressed,Limited Time Flash Sale,Beauty/Cosmetics,Yes
18,Female,Student,"₹2,000 - ₹5,000",Quick Commerce,5,Neutral,Social Media Ad,Beauty/Cosmetics,Yes
22,Female,Employed,"₹5,000 - ₹15,000",Quick Commerce,4,Bored,Attractive Packaging,Food/Snacks,Yes
26,Female,Employed,"₹2,000 - ₹5,000",E-commerce Website,2,Bored,Social Media Ad,Food/Snacks,No
30,Male,Student,"₹2,000 - ₹5,000",Physical In-Store,4,Sad,Free Shipping Threshold,Gaming/Digital,No
39,Other,Employed,"₹2,000 - ₹5,000",Physical In-Store,5,Happy,Heavy Discount,Food/Snacks,Yes
34,Female,Employed,"Above ₹15,000",E-commerce Website,7,Sad,Attractive Packaging,Beauty/Cosmetics,No
26,Female,Student,"₹2,000 - ₹5,000",Physical In-Store,5,Bored,Social Media Ad,Beauty/Cosmetics,Yes
27,Other,Student,"₹5,000 - ₹15,000",E-commerce Website,4,Neutral,Social Media Ad,Gaming/Digital,Yes
19,Female,Student,"₹2,000 - ₹5,000",Physical In-Store,6,Neutral,Free Shipping Threshold,Electronics,No
27,Female,Employed,"₹2,000 - ₹5,000",Social Media Stores,6,Neutral,Free Shipping Threshold,Clothing,No
25,Male,Employed,"₹5,000 - ₹15,000",E-commerce Website,3,Bored,Attractive Packaging,Electronics,No
30,Male,Employed,"₹5,000 - ₹15,000",E-commerce Website,4,Neutral,Attractive Packaging,Gaming/Digital,No
21,Male,Employed,"₹2,000 - ₹5,000",E-commerce Website,6,Stressed,Limited Time Flash Sale,Electronics,Yes
32,Male,Student,"₹2,000 - ₹5,000",Quick Commerce,3,Bored,Heavy Discount,Beauty/Cosmetics,Yes
40,Male,Student,"Above ₹15,000",Social Media Stores,6,Bored,Limited Time Flash Sale,Gaming/Digital,Yes
27,Male,Student,"Under ₹2,000",E-commerce Website,4,Bored,Limited Time Flash Sale,Gaming/Digital,Yes
31,Male,Student,"₹5,000 - ₹15,000",Quick Commerce,5,Neutral,Social Media Ad,Food/Snacks,No
33,Male,Student,"₹5,000 - ₹15,000",E-commerce Website,6,Neutral,Social Media Ad,Electronics,No
24,Male,Employed,"₹5,000 - ₹15,000",Quick Commerce,1,Bored,Attractive Packaging,Beauty/Cosmetics,Yes
29,Male,Student,"Above ₹15,000",E-commerce Website,5,Sad,Social Media Ad,Clothing,No
28,Female,Employed,"₹5,000 - ₹15,000",E-commerce Website,6,Stressed,Social Media Ad,Beauty/Cosmetics,Yes
28,Female,Employed,"₹2,000 - ₹5,000",Physical In-Store,7,Bored,Heavy Discount,Clothing,Yes
21,Male,Employed,"₹2,000 - ₹5,000",E-commerce Website,3,Happy,Social Media Ad,Food/Snacks,No
28,Female,Student,"₹2,000 - ₹5,000",Quick Commerce,5,Happy,Free Shipping Threshold,Electronics,Yes
31,Female,Self-employed,"Under ₹2,000",Social Media Stores,2,Bored,Attractive Packaging,Beauty/Cosmetics,Yes
39,Male,Unemployed,"Above ₹15,000",E-commerce Website,2,Bored,Heavy Discount,Clothing,Yes
35,Female,Student,"Under ₹2,000",E-commerce Website,7,Stressed,Limited Time Flash Sale,Food/Snacks,Yes
45,Other,Employed,"₹5,000 - ₹15,000",E-commerce Website,0,Stressed,Free Shipping Threshold,Beauty/Cosmetics,No
21,Female,Self-employed,"₹5,000 - ₹15,000",Physical In-Store,3,Happy,Free Shipping Threshold,Clothing,Yes
34,Male,Employed,"₹5,000 - ₹15,000",Quick Commerce,9,Stressed,Limited Time Flash Sale,Electronics,Yes
29,Female,Employed,"₹5,000 - ₹15,000",E-commerce Website,7,Stressed,Free Shipping Threshold,Clothing,Yes
45,Male,Employed,"₹5,000 - ₹15,000",E-commerce Website,4,Neutral,Social Media Ad,Beauty/Cosmetics,No
21,Female,Employed,"₹2,000 - ₹5,000",Quick Commerce,6,Neutral,Attractive Packaging,Beauty/Cosmetics,No
21,Other,Employed,"₹5,000 - ₹15,000",E-commerce Website,5,Stressed,Free Shipping Threshold,Gaming/Digital,No
23,Female,Self-employed,"₹2,000 - ₹5,000",E-commerce Website,5,Neutral,Limited Time Flash Sale,Clothing,Yes
18,Female,Employed,"Above ₹15,000",E-commerce Website,6,Bored,Heavy Discount,Beauty/Cosmetics,No
23,Male,Student,"Under ₹2,000",E-commerce Website,5,Bored,Social Media Ad,Beauty/Cosmetics,No
21,Other,Employed,"₹2,000 - ₹5,000",E-commerce Website,9,Stressed,Social Media Ad,Food/Snacks,No
29,Female,Employed,"₹2,000 - ₹5,000",Physical In-Store,6,Bored,Social Media Ad,Electronics,Yes
30,Male,Student,"₹5,000 - ₹15,000",Social Media Stores,9,Sad,Free Shipping Threshold,Beauty/Cosmetics,No
43,Female,Employed,"₹5,000 - ₹15,000",Social Media Stores,3,Happy,Limited Time Flash Sale,Beauty/Cosmetics,Yes
35,Male,Self-employed,"₹2,000 - ₹5,000",Social Media Stores,8,Neutral,Heavy Discount,Clothing,Yes
23,Male,Employed,"Under ₹2,000",Quick Commerce,4,Neutral,Heavy Discount,Clothing,No
20,Female,Student,"₹2,000 - ₹5,000",E-commerce Website,5,Stressed,Social Media Ad,Beauty/Cosmetics,Yes
31,Male,Student,"₹2,000 - ₹5,000",E-commerce Website,5,Stressed,Social Media Ad,Gaming/Digital,Yes
18,Female,Employed,"₹5,000 - ₹15,000",Social Media Stores,10,Bored,Free Shipping Threshold,Electronics,Yes
42,Male,Employed,"₹2,000 - ₹5,000",E-commerce Website,2,Stressed,Heavy Discount,Clothing,No
37,Male,Employed,"₹5,000 - ₹15,000",Physical In-Store,12,Bored,Attractive Packaging,Beauty/Cosmetics,Yes
24,Other,Employed,"₹2,000 - ₹5,000",Physical In-Store,4,Neutral,Limited Time Flash Sale,Beauty/Cosmetics,Yes
18,Male,Student,"Above ₹15,000",Social Media Stores,5,Stressed,Heavy Discount,Food/Snacks,Yes
38,Female,Student,"₹2,000 - ₹5,000",Physical In-Store,8,Sad,Limited Time Flash Sale,Gaming/Digital,Yes
27,Female,Employed,"₹5,000 - ₹15,000",E-commerce Website,3,Happy,Attractive Packaging,Electronics,Yes
37,Female,Student,"₹5,000 - ₹15,000",E-commerce Website,7,Bored,Heavy Discount,Clothing,No
18,Female,Self-employed,"₹2,000 - ₹5,000",Social Media Stores,6,Bored,Limited Time Flash Sale,Beauty/Cosmetics,Yes
23,Female,Student,"₹2,000 - ₹5,000",E-commerce Website,5,Stressed,Social Media Ad,Beauty/Cosmetics,Yes
28,Male,Employed,"₹2,000 - ₹5,000",E-commerce Website,3,Neutral,Heavy Discount,Electronics,Yes
28,Female,Employed,"Under ₹2,000",Social Media Stores,9,Happy,Attractive Packaging,Clothing,No
24,Male,Employed,"₹2,000 - ₹5,000",Social Media Stores,2,Neutral,Limited Time Flash Sale,Beauty/Cosmetics,No
32,Female,Employed,"₹2,000 - ₹5,000",E-commerce Website,5,Bored,Heavy Discount,Beauty/Cosmetics,No
19,Other,Employed,"Under ₹2,000",E-commerce Website,8,Stressed,Attractive Packaging,Electronics,Yes
26,Female,Employed,"₹2,000 - ₹5,000",E-commerce Website,11,Bored,Social Media Ad,Electronics,No
28,Female,Employed,"₹2,000 - ₹5,000",Quick Commerce,4,Stressed,Free Shipping Threshold,Food/Snacks,No
32,Female,Employed,"Under ₹2,000",Physical In-Store,5,Stressed,Social Media Ad,Gaming/Digital,No
33,Female,Employed,"Under ₹2,000",E-commerce Website,5,Neutral,Heavy Discount,Food/Snacks,No
19,Female,Employed,"₹5,000 - ₹15,000",E-commerce Website,4,Neutral,Heavy Discount,Gaming/Digital,No
18,Male,Employed,"₹5,000 - ₹15,000",Social Media Stores,2,Neutral,Free Shipping Threshold,Gaming/Digital,No
38,Male,Employed,"Above ₹15,000",Social Media Stores,5,Bored,Free Shipping Threshold,Clothing,Yes
30,Female,Self-employed,"Under ₹2,000",E-commerce Website,8,Happy,Limited Time Flash Sale,Food/Snacks,Yes
22,Female,Employed,"Under ₹2,000",E-commerce Website,5,Bored,Free Shipping Threshold,Clothing,No
40,Male,Employed,"Under ₹2,000",Quick Commerce,9,Neutral,Free Shipping Threshold,Electronics,No
28,Male,Student,"₹5,000 - ₹15,000",Social Media Stores,2,Happy,Free Shipping Threshold,Electronics,Yes
37,Male,Employed,"₹5,000 - ₹15,000",Quick Commerce,11,Bored,Social Media Ad,Gaming/Digital,Yes
28,Other,Employed,"₹2,000 - ₹5,000",Quick Commerce,4,Neutral,Limited Time Flash Sale,Beauty/Cosmetics,Yes
44,Female,Self-employed,"₹5,000 - ₹15,000",E-commerce Website,9,Stressed,Free Shipping Threshold,Gaming/Digital,Yes
42,Male,Employed,"₹5,000 - ₹15,000",E-commerce Website,1,Bored,Limited Time Flash Sale,Gaming/Digital,No
26,Male,Employed,"Above ₹15,000",Social Media Stores,4,Happy,Free Shipping Threshold,Clothing,No
35,Male,Student,"Under ₹2,000",E-commerce Website,4,Happy,Limited Time Flash Sale,Gaming/Digital,Yes
33,Male,Employed,"Under ₹2,000",E-commerce Website,4,Stressed,Limited Time Flash Sale,Electronics,Yes
38,Male,Self-employed,"₹2,000 - ₹5,000",E-commerce Website,7,Sad,Free Shipping Threshold,Food/Snacks,No
20,Female,Student,"Under ₹2,000",Quick Commerce,3,Stressed,Free Shipping Threshold,Gaming/Digital,Yes
33,Other,Student,"Above ₹15,000",Physical In-Store,6,Stressed,Limited Time Flash Sale,Electronics,Yes
36,Male,Employed,"₹2,000 - ₹5,000",E-commerce Website,2,Sad,Heavy Discount,Gaming/Digital,Yes
18,Male,Employed,"₹5,000 - ₹15,000",Social Media Stores,10,Happy,Limited Time Flash Sale,Beauty/Cosmetics,Yes
18,Male,Employed,"₹2,000 - ₹5,000",Quick Commerce,5,Stressed,Social Media Ad,Electronics,Yes
18,Female,Employed,"₹2,000 - ₹5,000",Quick Commerce,2,Neutral,Attractive Packaging,Gaming/Digital,Yes
25,Male,Employed,"Under ₹2,000",E-commerce Website,8,Sad,Limited Time Flash Sale,Beauty/Cosmetics,Yes
33,Male,Student,"₹2,000 - ₹5,000",Physical In-Store,7,Stressed,Limited Time Flash Sale,Clothing,Yes
40,Male,Employed,"₹5,000 - ₹15,000",E-commerce Website,5,Neutral,Heavy Discount,Electronics,No
28,Female,Student,"Above ₹15,000",Quick Commerce,6,Stressed,Free Shipping Threshold,Beauty/Cosmetics,Yes
41,Female,Employed,"₹5,000 - ₹15,000",E-commerce Website,5,Neutral,Heavy Discount,Electronics,Yes
18,Female,Employed,"₹5,000 - ₹15,000",Social Media Stores,2,Neutral,Heavy Discount,Electronics,No
18,Male,Self-employed,"Under ₹2,000",E-commerce Website,6,Stressed,Heavy Discount,Clothing,Yes
27,Female,Employed,"₹5,000 - ₹15,000",Physical In-Store,7,Sad,Heavy Discount,Gaming/Digital,No
31,Other,Employed,"Under ₹2,000",E-commerce Website,3,Happy,Heavy Discount,Clothing,Yes
27,Male,Employed,"Above ₹15,000",Quick Commerce,8,Neutral,Limited Time Flash Sale,Electronics,Yes
18,Male,Student,"₹5,000 - ₹15,000",Quick Commerce,3,Neutral,Attractive Packaging,Clothing,No
27,Female,Student,"Under ₹2,000",Quick Commerce,7,Happy,Heavy Discount,Beauty/Cosmetics,No
18,Male,Self-employed,"₹2,000 - ₹5,000",E-commerce Website,2,Happy,Heavy Discount,Gaming/Digital,Yes
33,Male,Self-employed,"Above ₹15,000",Social Media Stores,4,Stressed,Heavy Discount,Gaming/Digital,Yes
30,Female,Unemployed,"₹2,000 - ₹5,000",Quick Commerce,2,Neutral,Free Shipping Threshold,Gaming/Digital,No
20,Female,Student,"₹2,000 - ₹5,000",Physical In-Store,5,Happy,Free Shipping Threshold,Electronics,No
23,Male,Employed,"Under ₹2,000",Quick Commerce,7,Bored,Limited Time Flash Sale,Electronics,Yes
19,Female,Employed,"₹5,000 - ₹15,000",E-commerce Website,4,Sad,Social Media Ad,Gaming/Digital,No
27,Other,Employed,"Under ₹2,000",Quick Commerce,7,Bored,Limited Time Flash Sale,Clothing,Yes
35,Male,Employed,"₹5,000 - ₹15,000",Social Media Stores,6,Bored,Heavy Discount,Gaming/Digital,No
20,Female,Employed,"Above ₹15,000",E-commerce Website,9,Neutral,Free Shipping Threshold,Electronics,No
32,Male,Employed,"Above ₹15,000",E-commerce Website,9,Neutral,Free Shipping Threshold,Clothing,Yes
23,Male,Student,"Under ₹2,000",E-commerce Website,5,Sad,Social Media Ad,Food/Snacks,No
21,Female,Student,"₹5,000 - ₹15,000",E-commerce Website,5,Happy,Social Media Ad,Clothing,No
27,Male,Student,"Under ₹2,000",E-commerce Website,3,Stressed,Social Media Ad,Electronics,No
19,Male,Employed,"₹5,000 - ₹15,000",Social Media Stores,1,Stressed,Heavy Discount,Clothing,Yes
23,Male,Student,"₹5,000 - ₹15,000",E-commerce Website,5,Stressed,Free Shipping Threshold,Beauty/Cosmetics,No
18,Female,Employed,"₹5,000 - ₹15,000",Physical In-Store,10,Happy,Attractive Packaging,Electronics,No
43,Female,Employed,"Above ₹15,000",Quick Commerce,6,Stressed,Attractive Packaging,Gaming/Digital,No
28,Male,Self-employed,"₹5,000 - ₹15,000",E-commerce Website,7,Bored,Social Media Ad,Electronics,Yes
22,Female,Self-employed,"₹2,000 - ₹5,000",Quick Commerce,3,Neutral,Heavy Discount,Clothing,Yes
29,Male,Student,"₹5,000 - ₹15,000",Physical In-Store,6,Neutral,Free Shipping Threshold,Food/Snacks,No
27,Female,Student,"Under ₹2,000",Quick Commerce,6,Happy,Free Shipping Threshold,Gaming/Digital,No
26,Male,Student,"₹2,000 - ₹5,000",E-commerce Website,4,Stressed,Free Shipping Threshold,Clothing,Yes
32,Female,Unemployed,"₹2,000 - ₹5,000",Social Media Stores,5,Neutral,Social Media Ad,Clothing,No
34,Other,Employed,"Above ₹15,000",Social Media Stores,6,Bored,Attractive Packaging,Clothing,Yes
23,Female,Student,"₹2,000 - ₹5,000",Quick Commerce,4,Bored,Attractive Packaging,Clothing,Yes
23,Male,Self-employed,"₹5,000 - ₹15,000",E-commerce Website,6,Neutral,Heavy Discount,Food/Snacks,No
25,Female,Employed,"₹5,000 - ₹15,000",E-commerce Website,2,Neutral,Limited Time Flash Sale,Electronics,Yes
18,Male,Self-employed,"₹5,000 - ₹15,000",Quick Commerce,5,Sad,Heavy Discount,Food/Snacks,Yes
18,Other,Student,"₹5,000 - ₹15,000",E-commerce Website,4,Happy,Attractive Packaging,Electronics,No
38,Male,Employed,"₹2,000 - ₹5,000",E-commerce Website,6,Neutral,Attractive Packaging,Gaming/Digital,No
41,Male,Employed,"₹5,000 - ₹15,000",E-commerce Website,3,Sad,Free Shipping Threshold,Clothing,Yes
26,Male,Self-employed,"₹5,000 - ₹15,000",E-commerce Website,8,Neutral,Limited Time Flash Sale,Clothing,Yes
32,Male,Self-employed,"₹5,000 - ₹15,000",E-commerce Website,3,Sad,Free Shipping Threshold,Clothing,No
30,Female,Employed,"Under ₹2,000",E-commerce Website,5,Neutral,Limited Time Flash Sale,Beauty/Cosmetics,Yes
52,Female,Student,"₹2,000 - ₹5,000",E-commerce Website,5,Stressed,Social Media Ad,Clothing,No
36,Female,Employed,"Above ₹15,000",E-commerce Website,3,Stressed,Free Shipping Threshold,Beauty/Cosmetics,Yes
26,Female,Unemployed,"₹2,000 - ₹5,000",E-commerce Website,5,Happy,Heavy Discount,Food/Snacks,No
20,Female,Employed,"₹2,000 - ₹5,000",Social Media Stores,9,Stressed,Heavy Discount,Electronics,Yes
18,Male,Employed,"Under ₹2,000",Quick Commerce,5,Bored,Social Media Ad,Beauty/Cosmetics,Yes
29,Male,Employed,"Under ₹2,000",E-commerce Website,4,Neutral,Limited Time Flash Sale,Food/Snacks,Yes
21,Male,Employed,"₹2,000 - ₹5,000",Quick Commerce,12,Neutral,Limited Time Flash Sale,Gaming/Digital,Yes
18,Male,Employed,"₹5,000 - ₹15,000",Quick Commerce,2,Bored,Free Shipping Threshold,Electronics,Yes
22,Male,Employed,"Above ₹15,000",Social Media Stores,3,Neutral,Heavy Discount,Beauty/Cosmetics,Yes
19,Male,Self-employed,"₹2,000 - ₹5,000",Quick Commerce,4,Happy,Social Media Ad,Food/Snacks,No
41,Male,Employed,"₹2,000 - ₹5,000",E-commerce Website,5,Happy,Attractive Packaging,Gaming/Digital,No
35,Male,Employed,"₹5,000 - ₹15,000",Quick Commerce,6,Bored,Social Media Ad,Electronics,Yes
27,Female,Employed,"₹2,000 - ₹5,000",Social Media Stores,4,Bored,Free Shipping Threshold,Beauty/Cosmetics,Yes
39,Male,Student,"Above ₹15,000",E-commerce Website,5,Stressed,Limited Time Flash Sale,Electronics,Yes
28,Female,Self-employed,"₹2,000 - ₹5,000",Social Media Stores,0,Happy,Heavy Discount,Electronics,No
21,Female,Employed,"₹2,000 - ₹5,000",E-commerce Website,3,Happy,Free Shipping Threshold,Gaming/Digital,No
40,Female,Self-employed,"₹5,000 - ₹15,000",E-commerce Website,4,Stressed,Heavy Discount,Beauty/Cosmetics,No
32,Male,Employed,"₹5,000 - ₹15,000",E-commerce Website,5,Neutral,Heavy Discount,Gaming/Digital,No
19,Male,Employed,"₹5,000 - ₹15,000",Social Media Stores,3,Stressed,Limited Time Flash Sale,Gaming/Digital,Yes
26,Male,Self-employed,"₹2,000 - ₹5,000",Social Media Stores,6,Bored,Attractive Packaging,Electronics,No
20,Male,Employed,"Under ₹2,000",E-commerce Website,5,Stressed,Limited Time Flash Sale,Clothing,No
18,Male,Self-employed,"Above ₹15,000",E-commerce Website,4,Sad,Limited Time Flash Sale,Clothing,No
35,Female,Student,"₹5,000 - ₹15,000",E-commerce Website,6,Stressed,Free Shipping Threshold,Gaming/Digital,Yes
43,Female,Employed,"Under ₹2,000",E-commerce Website,0,Stressed,Limited Time Flash Sale,Beauty/Cosmetics,No
18,Female,Employed,"₹5,000 - ₹15,000",Quick Commerce,5,Bored,Heavy Discount,Electronics,Yes
32,Male,Student,"₹5,000 - ₹15,000",Quick Commerce,3,Bored,Social Media Ad,Gaming/Digital,Yes
22,Male,Employed,"₹5,000 - ₹15,000",Social Media Stores,5,Stressed,Limited Time Flash Sale,Beauty/Cosmetics,Yes
24,Female,Employed,"Under ₹2,000",Quick Commerce,8,Sad,Attractive Packaging,Clothing,Yes
23,Male,Self-employed,"₹5,000 - ₹15,000",Quick Commerce,3,Happy,Heavy Discount,Gaming/Digital,Yes
21,Female,Employed,"Under ₹2,000",E-commerce Website,2,Neutral,Heavy Discount,Food/Snacks,No
28,Female,Employed,"₹5,000 - ₹15,000",E-commerce Website,3,Sad,Social Media Ad,Gaming/Digital,Yes
21,Male,Employed,"Under ₹2,000",E-commerce Website,6,Happy,Limited Time Flash Sale,Beauty/Cosmetics,No
30,Male,Employed,"₹5,000 - ₹15,000",E-commerce Website,7,Bored,Heavy Discount,Beauty/Cosmetics,Yes
27,Female,Employed,"Under ₹2,000",Social Media Stores,8,Neutral,Attractive Packaging,Gaming/Digital,No
26,Male,Employed,"₹2,000 - ₹5,000",E-commerce Website,3,Bored,Heavy Discount,Food/Snacks,Yes
20,Male,Employed,"₹2,000 - ₹5,000",Quick Commerce,4,Neutral,Free Shipping Threshold,Clothing,No
23,Male,Student,"Under ₹2,000",E-commerce Website,6,Neutral,Social Media Ad,Food/Snacks,No
34,Male,Student,"₹2,000 - ₹5,000",Social Media Stores,5,Stressed,Heavy Discount,Food/Snacks,Yes
32,Female,Student,"₹2,000 - ₹5,000",Physical In-Store,6,Neutral,Social Media Ad,Beauty/Cosmetics,Yes
20,Female,Employed,"Above ₹15,000",Physical In-Store,6,Stressed,Free Shipping Threshold,Gaming/Digital,Yes
28,Male,Self-employed,"₹5,000 - ₹15,000",Social Media Stores,2,Neutral,Heavy Discount,Food/Snacks,Yes
34,Female,Student,"₹5,000 - ₹15,000",Quick Commerce,3,Neutral,Attractive Packaging,Gaming/Digital,No
18,Other,Student,"₹2,000 - ₹5,000",Quick Commerce,8,Happy,Heavy Discount,Food/Snacks,No
32,Other,Employed,"₹2,000 - ₹5,000",Social Media Stores,2,Happy,Heavy Discount,Electronics,Yes
22,Female,Employed,"Under ₹2,000",E-commerce Website,3,Sad,Attractive Packaging,Beauty/Cosmetics,No
32,Male,Student,"₹5,000 - ₹15,000",E-commerce Website,8,Happy,Limited Time Flash Sale,Food/Snacks,Yes
21,Male,Student,"₹2,000 - ₹5,000",Quick Commerce,5,Bored,Free Shipping Threshold,Electronics,Yes
18,Female,Student,"₹5,000 - ₹15,000",E-commerce Website,4,Stressed,Limited Time Flash Sale,Beauty/Cosmetics,Yes
18,Female,Employed,"₹2,000 - ₹5,000",Social Media Stores,4,Bored,Attractive Packaging,Beauty/Cosmetics,No
28,Female,Student,"Above ₹15,000",E-commerce Website,3,Stressed,Free Shipping Threshold,Gaming/Digital,Yes
30,Other,Employed,"Under ₹2,000",E-commerce Website,5,Bored,Social Media Ad,Food/Snacks,No
20,Female,Employed,"Under ₹2,000",E-commerce Website,3,Bored,Heavy Discount,Gaming/Digital,Yes
33,Male,Employed,"₹5,000 - ₹15,000",Quick Commerce,1,Bored,Heavy Discount,Food/Snacks,No
18,Male,Student,"Above ₹15,000",Quick Commerce,5,Stressed,Social Media Ad,Electronics,Yes
27,Male,Employed,"₹5,000 - ₹15,000",Quick Commerce,4,Bored,Limited Time Flash Sale,Food/Snacks,Yes
18,Female,Employed,"Under ₹2,000",E-commerce Website,5,Sad,Attractive Packaging,Electronics,Yes
22,Female,Self-employed,"₹5,000 - ₹15,000",E-commerce Website,5,Neutral,Social Media Ad,Food/Snacks,No
28,Female,Student,"Above ₹15,000",Quick Commerce,1,Stressed,Social Media Ad,Electronics,Yes
21,Female,Employed,"Under ₹2,000",E-commerce Website,2,Neutral,Limited Time Flash Sale,Gaming/Digital,Yes
24,Female,Employed,"Under ₹2,000",E-commerce Website,5,Happy,Free Shipping Threshold,Food/Snacks,No
36,Female,Student,"₹5,000 - ₹15,000",E-commerce Website,3,Stressed,Free Shipping Threshold,Gaming/Digital,Yes
23,Female,Self-employed,"Above ₹15,000",E-commerce Website,6,Neutral,Heavy Discount,Beauty/Cosmetics,No
34,Male,Employed,"₹5,000 - ₹15,000",E-commerce Website,5,Neutral,Heavy Discount,Clothing,No
18,Female,Employed,"Above ₹15,000",Quick Commerce,6,Neutral,Heavy Discount,Food/Snacks,No
32,Female,Student,"Under ₹2,000",Quick Commerce,7,Neutral,Heavy Discount,Electronics,No
39,Male,Student,"₹5,000 - ₹15,000",E-commerce Website,9,Sad,Heavy Discount,Gaming/Digital,Yes
18,Male,Employed,"₹5,000 - ₹15,000",Physical In-Store,4,Neutral,Social Media Ad,Electronics,No
21,Female,Employed,"₹5,000 - ₹15,000",Social Media Stores,6,Bored,Limited Time Flash Sale,Gaming/Digital,Yes
32,Male,Employed,"₹5,000 - ₹15,000",E-commerce Website,9,Bored,Heavy Discount,Clothing,No
26,Female,Employed,"Above ₹15,000",Quick Commerce,7,Stressed,Heavy Discount,Beauty/Cosmetics,Yes
30,Male,Employed,"₹2,000 - ₹5,000",Physical In-Store,1,Neutral,Limited Time Flash Sale,Clothing,Yes
23,Female,Employed,"Under ₹2,000",E-commerce Website,2,Bored,Limited Time Flash Sale,Electronics,Yes
28,Female,Student,"₹2,000 - ₹5,000",Social Media Stores,5,Neutral,Free Shipping Threshold,Food/Snacks,Yes
26,Male,Employed,"₹5,000 - ₹15,000",Social Media Stores,4,Sad,Free Shipping Threshold,Beauty/Cosmetics,No
37,Male,Employed,"₹2,000 - ₹5,000",E-commerce Website,7,Neutral,Free Shipping Threshold,Gaming/Digital,No
30,Other,Employed,"₹5,000 - ₹15,000",E-commerce Website,5,Bored,Free Shipping Threshold,Beauty/Cosmetics,Yes
30,Female,Student,"₹2,000 - ₹5,000",E-commerce Website,5,Happy,Free Shipping Threshold,Food/Snacks,Yes
24,Female,Student,"Under ₹2,000",E-commerce Website,7,Bored,Social Media Ad,Food/Snacks,Yes
24,Male,Student,"₹5,000 - ₹15,000",E-commerce Website,3,Bored,Limited Time Flash Sale,Electronics,Yes
24,Male,Self-employed,"₹5,000 - ₹15,000",Quick Commerce,6,Neutral,Limited Time Flash Sale,Clothing,No
31,Male,Employed,"₹2,000 - ₹5,000",Physical In-Store,6,Bored,Heavy Discount,Gaming/Digital,Yes
24,Female,Student,"₹5,000 - ₹15,000",E-commerce Website,11,Bored,Limited Time Flash Sale,Beauty/Cosmetics,Yes
30,Male,Student,"₹2,000 - ₹5,000",Social Media Stores,5,Neutral,Attractive Packaging,Food/Snacks,No
44,Male,Student,"Under ₹2,000",Physical In-Store,9,Stressed,Free Shipping Threshold,Clothing,No
34,Male,Employed,"Under ₹2,000",Quick Commerce,9,Neutral,Attractive Packaging,Electronics,Yes
25,Male,Student,"₹5,000 - ₹15,000",Social Media Stores,10,Sad,Attractive Packaging,Electronics,No
37,Female,Employed,"₹2,000 - ₹5,000",Physical In-Store,7,Bored,Heavy Discount,Gaming/Digital,No
24,Male,Employed,"Above ₹15,000",Quick Commerce,7,Happy,Attractive Packaging,Clothing,No
18,Female,Self-employed,"₹5,000 - ₹15,000",E-commerce Website,4,Sad,Social Media Ad,Electronics,Yes
19,Female,Employed,"₹2,000 - ₹5,000",Social Media Stores,4,Sad,Attractive Packaging,Gaming/Digital,No
18,Male,Employed,"₹2,000 - ₹5,000",Quick Commerce,3,Happy,Free Shipping Threshold,Food/Snacks,No
25,Female,Employed,"Under ₹2,000",Quick Commerce,4,Stressed,Heavy Discount,Beauty/Cosmetics,Yes
28,Other,Employed,"₹5,000 - ₹15,000",E-commerce Website,5,Neutral,Social Media Ad,Gaming/Digital,No
41,Other,Employed,"₹5,000 - ₹15,000",E-commerce Website,7,Stressed,Social Media Ad,Clothing,Yes
30,Male,Employed,"₹5,000 - ₹15,000",E-commerce Website,5,Sad,Heavy Discount,Food/Snacks,No
26,Male,Employed,"₹2,000 - ₹5,000",Social Media Stores,3,Neutral,Attractive Packaging,Beauty/Cosmetics,No
34,Male,Employed,"₹2,000 - ₹5,000",Quick Commerce,4,Bored,Limited Time Flash Sale,Clothing,Yes
18,Female,Unemployed,"Under ₹2,000",Physical In-Store,7,Happy,Free Shipping Threshold,Electronics,Yes
29,Female,Employed,"₹2,000 - ₹5,000",Physical In-Store,7,Happy,Attractive Packaging,Clothing,No
34,Female,Self-employed,"₹2,000 - ₹5,000",Quick Commerce,6,Happy,Free Shipping Threshold,Beauty/Cosmetics,No
18,Male,Student,"Above ₹15,000",E-commerce Website,2,Bored,Free Shipping Threshold,Beauty/Cosmetics,Yes
37,Male,Employed,"₹5,000 - ₹15,000",E-commerce Website,7,Bored,Attractive Packaging,Clothing,Yes
30,Female,Self-employed,"₹5,000 - ₹15,000",E-commerce Website,6,Sad,Attractive Packaging,Beauty/Cosmetics,No
24,Female,Employed,"₹2,000 - ₹5,000",E-commerce Website,4,Happy,Social Media Ad,Clothing,No
33,Female,Unemployed,"Under ₹2,000",Quick Commerce,4,Sad,Heavy Discount,Food/Snacks,No
46,Male,Student,"₹2,000 - ₹5,000",Quick Commerce,5,Bored,Free Shipping Threshold,Beauty/Cosmetics,Yes
29,Male,Self-employed,"₹2,000 - ₹5,000",E-commerce Website,6,Stressed,Attractive Packaging,Beauty/Cosmetics,Yes
29,Male,Employed,"₹5,000 - ₹15,000",Quick Commerce,4,Happy,Social Media Ad,Food/Snacks,No
24,Male,Student,"₹2,000 - ₹5,000",E-commerce Website,7,Bored,Heavy Discount,Food/Snacks,No
21,Male,Self-employed,"Above ₹15,000",Quick Commerce,7,Bored,Attractive Packaging,Gaming/Digital,Yes
34,Male,Student,"Above ₹15,000",E-commerce Website,3,Neutral,Limited Time Flash Sale,Electronics,Yes
21,Male,Student,"₹2,000 - ₹5,000",Quick Commerce,6,Bored,Social Media Ad,Clothing,Yes
28,Male,Student,"₹5,000 - ₹15,000",E-commerce Website,4,Bored,Social Media Ad,Beauty/Cosmetics,No
24,Male,Employed,"₹5,000 - ₹15,000",E-commerce Website,7,Sad,Free Shipping Threshold,Beauty/Cosmetics,No
31,Female,Unemployed,"Under ₹2,000",Quick Commerce,3,Neutral,Free Shipping Threshold,Food/Snacks,No
30,Male,Student,"Above ₹15,000",E-commerce Website,2,Neutral,Social Media Ad,Clothing,No
36,Female,Employed,"Under ₹2,000",Quick Commerce,4,Neutral,Attractive Packaging,Electronics,No
23,Female,Student,"₹5,000 - ₹15,000",E-commerce Website,8,Sad,Heavy Discount,Clothing,No
25,Female,Employed,"₹2,000 - ₹5,000",Physical In-Store,6,Neutral,Limited Time Flash Sale,Gaming/Digital,Yes
20,Other,Student,"₹2,000 - ₹5,000",Quick Commerce,4,Happy,Attractive Packaging,Food/Snacks,Yes
24,Male,Student,"₹2,000 - ₹5,000",E-commerce Website,6,Stressed,Limited Time Flash Sale,Food/Snacks,Yes
31,Female,Student,"Above ₹15,000",E-commerce Website,3,Sad,Social Media Ad,Electronics,Yes
34,Other,Employed,"Under ₹2,000",Physical In-Store,4,Stressed,Free Shipping Threshold,Gaming/Digital,Yes
20,Female,Self-employed,"Under ₹2,000",E-commerce Website,5,Stressed,Attractive Packaging,Gaming/Digital,Yes
34,Male,Employed,"₹2,000 - ₹5,000",E-commerce Website,4,Stressed,Limited Time Flash Sale,Beauty/Cosmetics,Yes
38,Male,Student,"Under ₹2,000",E-commerce Website,4,Happy,Free Shipping Threshold,Clothing,No
31,Male,Employed,"₹5,000 - ₹15,000",Social Media Stores,12,Neutral,Attractive Packaging,Food/Snacks,No
43,Female,Employed,"₹5,000 - ₹15,000",Social Media Stores,5,Neutral,Heavy Discount,Beauty/Cosmetics,No
21,Female,Student,"Above ₹15,000",Quick Commerce,4,Sad,Limited Time Flash Sale,Electronics,Yes
18,Male,Student,"₹5,000 - ₹15,000",Social Media Stores,3,Bored,Attractive Packaging,Electronics,Yes
18,Female,Student,"Above ₹15,000",E-commerce Website,10,Stressed,Free Shipping Threshold,Food/Snacks,Yes
39,Female,Employed,"₹5,000 - ₹15,000",E-commerce Website,4,Bored,Social Media Ad,Electronics,Yes
33,Male,Employed,"Above ₹15,000",E-commerce Website,6,Happy,Heavy Discount,Clothing,Yes
27,Female,Employed,"Under ₹2,000",E-commerce Website,6,Stressed,Free Shipping Threshold,Gaming/Digital,No
30,Female,Student,"₹2,000 - ₹5,000",E-commerce Website,1,Sad,Limited Time Flash Sale,Beauty/Cosmetics,No
18,Male,Employed,"Above ₹15,000",Quick Commerce,5,Happy,Limited Time Flash Sale,Food/Snacks,No
47,Female,Unemployed,"₹5,000 - ₹15,000",Quick Commerce,5,Bored,Attractive Packaging,Beauty/Cosmetics,Yes
29,Male,Student,"Above ₹15,000",Social Media Stores,8,Bored,Limited Time Flash Sale,Gaming/Digital,Yes
28,Female,Self-employed,"Under ₹2,000",E-commerce Website,5,Bored,Heavy Discount,Electronics,Yes
33,Other,Employed,"Above ₹15,000",E-commerce Website,7,Sad,Attractive Packaging,Beauty/Cosmetics,Yes
31,Female,Student,"₹5,000 - ₹15,000",Social Media Stores,3,Stressed,Attractive Packaging,Clothing,No
29,Male,Employed,"Under ₹2,000",Quick Commerce,4,Stressed,Free Shipping Threshold,Electronics,Yes
21,Male,Self-employed,"Under ₹2,000",Social Media Stores,5,Stressed,Limited Time Flash Sale,Electronics,No
31,Male,Employed,"₹2,000 - ₹5,000",Physical In-Store,5,Sad,Free Shipping Threshold,Clothing,No
43,Female,Self-employed,"Above ₹15,000",Social Media Stores,8,Bored,Heavy Discount,Beauty/Cosmetics,Yes
38,Male,Student,"₹5,000 - ₹15,000",Social Media Stores,8,Stressed,Limited Time Flash Sale,Electronics,Yes
40,Female,Employed,"Above ₹15,000",Physical In-Store,3,Bored,Limited Time Flash Sale,Gaming/Digital,Yes
23,Male,Self-employed,"₹2,000 - ₹5,000",E-commerce Website,3,Bored,Limited Time Flash Sale,Clothing,Yes
20,Male,Self-employed,"Above ₹15,000",Social Media Stores,6,Bored,Attractive Packaging,Electronics,Yes
26,Male,Employed,"₹2,000 - ₹5,000",E-commerce Website,6,Stressed,Social Media Ad,Electronics,Yes
28,Other,Employed,"₹2,000 - ₹5,000",Quick Commerce,4,Sad,Social Media Ad,Clothing,No
36,Female,Student,"Under ₹2,000",E-commerce Website,2,Happy,Limited Time Flash Sale,Electronics,Yes
18,Male,Student,"Above ₹15,000",Physical In-Store,8,Bored,Heavy Discount,Gaming/Digital,Yes
40,Male,Student,"₹2,000 - ₹5,000",E-commerce Website,6,Sad,Free Shipping Threshold,Clothing,No
26,Female,Student,"Under ₹2,000",E-commerce Website,3,Bored,Attractive Packaging,Food/Snacks,No
24,Male,Student,"Under ₹2,000",E-commerce Website,3,Stressed,Social Media Ad,Beauty/Cosmetics,Yes
19,Female,Employed,"₹2,000 - ₹5,000",Quick Commerce,6,Neutral,Free Shipping Threshold,Electronics,Yes
18,Female,Unemployed,"Above ₹15,000",Social Media Stores,2,Neutral,Heavy Discount,Clothing,Yes
34,Female,Employed,"₹5,000 - ₹15,000",Quick Commerce,11,Neutral,Limited Time Flash Sale,Beauty/Cosmetics,Yes
28,Female,Employed,"₹5,000 - ₹15,000",Physical In-Store,5,Bored,Attractive Packaging,Beauty/Cosmetics,Yes
18,Female,Unemployed,"Above ₹15,000",E-commerce Website,7,Happy,Heavy Discount,Food/Snacks,No
18,Female,Student,"₹5,000 - ₹15,000",Physical In-Store,7,Stressed,Social Media Ad,Food/Snacks,Yes
25,Female,Employed,"₹5,000 - ₹15,000",E-commerce Website,4,Neutral,Limited Time Flash Sale,Gaming/Digital,Yes
41,Female,Employed,"₹2,000 - ₹5,000",E-commerce Website,2,Happy,Free Shipping Threshold,Beauty/Cosmetics,No
25,Male,Student,"Above ₹15,000",Social Media Stores,5,Sad,Limited Time Flash Sale,Food/Snacks,No
18,Female,Employed,"Under ₹2,000",E-commerce Website,3,Stressed,Social Media Ad,Clothing,Yes
26,Male,Student,"₹5,000 - ₹15,000",E-commerce Website,3,Bored,Attractive Packaging,Gaming/Digital,No
25,Female,Student,"₹5,000 - ₹15,000",E-commerce Website,7,Neutral,Free Shipping Threshold,Beauty/Cosmetics,No
18,Female,Student,"Under ₹2,000",E-commerce Website,9,Happy,Heavy Discount,Electronics,Yes
27,Male,Self-employed,"₹2,000 - ₹5,000",Quick Commerce,2,Neutral,Social Media Ad,Clothing,Yes
26,Male,Employed,"₹2,000 - ₹5,000",Quick Commerce,4,Bored,Social Media Ad,Clothing,No
33,Female,Employed,"Under ₹2,000",E-commerce Website,5,Neutral,Free Shipping Threshold,Clothing,No
42,Female,Employed,"₹5,000 - ₹15,000",Quick Commerce,3,Neutral,Limited Time Flash Sale,Gaming/Digital,Yes
37,Female,Student,"Above ₹15,000",E-commerce Website,7,Sad,Attractive Packaging,Gaming/Digital,Yes
25,Female,Employed,"₹5,000 - ₹15,000",E-commerce Website,8,Happy,Limited Time Flash Sale,Electronics,No
19,Male,Employed,"₹5,000 - ₹15,000",Physical In-Store,4,Stressed,Free Shipping Threshold,Electronics,No
48,Female,Student,"Under ₹2,000",Social Media Stores,2,Bored,Free Shipping Threshold,Food/Snacks,No
28,Male,Employed,"Under ₹2,000",Physical In-Store,9,Neutral,Social Media Ad,Electronics,Yes
28,Female,Student,"₹5,000 - ₹15,000",E-commerce Website,2,Bored,Attractive Packaging,Food/Snacks,Yes
27,Male,Student,"Above ₹15,000",Physical In-Store,5,Stressed,Social Media Ad,Clothing,Yes
29,Female,Self-employed,"Above ₹15,000",E-commerce Website,2,Bored,Social Media Ad,Beauty/Cosmetics,No
26,Male,Employed,"₹2,000 - ₹5,000",Social Media Stores,9,Stressed,Social Media Ad,Food/Snacks,No
23,Male,Employed,"₹5,000 - ₹15,000",Quick Commerce,3,Stressed,Heavy Discount,Clothing,No
23,Other,Employed,"₹5,000 - ₹15,000",Social Media Stores,4,Sad,Social Media Ad,Electronics,No
27,Male,Employed,"₹5,000 - ₹15,000",Quick Commerce,5,Neutral,Attractive Packaging,Clothing,Yes
23,Male,Employed,"₹5,000 - ₹15,000",Social Media Stores,4,Bored,Limited Time Flash Sale,Clothing,Yes
22,Female,Employed,"₹5,000 - ₹15,000",E-commerce Website,9,Neutral,Free Shipping Threshold,Clothing,No
28,Female,Employed,"Under ₹2,000",E-commerce Website,4,Neutral,Social Media Ad,Beauty/Cosmetics,No
25,Male,Unemployed,"Above ₹15,000",E-commerce Website,7,Bored,Free Shipping Threshold,Beauty/Cosmetics,Yes
40,Female,Unemployed,"Under ₹2,000",E-commerce Website,4,Stressed,Social Media Ad,Food/Snacks,Yes
18,Female,Employed,"₹2,000 - ₹5,000",E-commerce Website,1,Bored,Heavy Discount,Food/Snacks,No
36,Male,Self-employed,"Above ₹15,000",Social Media Stores,4,Happy,Heavy Discount,Food/Snacks,No
37,Male,Employed,"₹2,000 - ₹5,000",Physical In-Store,5,Neutral,Social Media Ad,Beauty/Cosmetics,No
18,Male,Employed,"Under ₹2,000",Social Media Stores,4,Neutral,Free Shipping Threshold,Food/Snacks,Yes
25,Female,Student,"₹2,000 - ₹5,000",E-commerce Website,6,Neutral,Social Media Ad,Electronics,No
25,Male,Employed,"₹5,000 - ₹15,000",Physical In-Store,5,Bored,Limited Time Flash Sale,Food/Snacks,Yes
18,Male,Self-employed,"Under ₹2,000",E-commerce Website,4,Neutral,Social Media Ad,Gaming/Digital,No
21,Female,Employed,"₹2,000 - ₹5,000",E-commerce Website,9,Bored,Free Shipping Threshold,Clothing,Yes
19,Female,Employed,"₹2,000 - ₹5,000",Physical In-Store,2,Neutral,Social Media Ad,Beauty/Cosmetics,No
42,Male,Student,"₹5,000 - ₹15,000",E-commerce Website,5,Stressed,Free Shipping Threshold,Clothing,No
35,Female,Employed,"Under ₹2,000",E-commerce Website,7,Happy,Social Media Ad,Electronics,Yes
38,Male,Student,"₹5,000 - ₹15,000",Physical In-Store,4,Sad,Social Media Ad,Beauty/Cosmetics,No
33,Male,Employed,"₹2,000 - ₹5,000",Social Media Stores,6,Happy,Heavy Discount,Electronics,No
18,Female,Employed,"₹5,000 - ₹15,000",E-commerce Website,9,Stressed,Attractive Packaging,Gaming/Digital,No
23,Female,Employed,"₹2,000 - ₹5,000",Social Media Stores,8,Neutral,Social Media Ad,Beauty/Cosmetics,No
31,Male,Employed,"₹5,000 - ₹15,000",E-commerce Website,1,Sad,Free Shipping Threshold,Food/Snacks,No
18,Female,Employed,"₹5,000 - ₹15,000",E-commerce Website,4,Neutral,Attractive Packaging,Clothing,No
33,Female,Student,"Under ₹2,000",Quick Commerce,7,Stressed,Attractive Packaging,Clothing,Yes
26,Male,Student,"₹5,000 - ₹15,000",Quick Commerce,8,Bored,Limited Time Flash Sale,Clothing,Yes
25,Female,Self-employed,"Above ₹15,000",Social Media Stores,5,Stressed,Limited Time Flash Sale,Electronics,Yes
33,Male,Student,"Under ₹2,000",E-commerce Website,8,Happy,Social Media Ad,Beauty/Cosmetics,No
31,Other,Student,"₹5,000 - ₹15,000",Physical In-Store,4,Bored,Free Shipping Threshold,Clothing,Yes
25,Female,Self-employed,"₹5,000 - ₹15,000",Social Media Stores,8,Happy,Social Media Ad,Electronics,Yes
37,Male,Unemployed,"Under ₹2,000",E-commerce Website,3,Sad,Free Shipping Threshold,Gaming/Digital,Yes
19,Male,Employed,"₹2,000 - ₹5,000",Quick Commerce,3,Bored,Attractive Packaging,Food/Snacks,Yes
32,Male,Student,"Above ₹15,000",E-commerce Website,2,Happy,Heavy Discount,Beauty/Cosmetics,No
32,Male,Student,"₹5,000 - ₹15,000",E-commerce Website,6,Bored,Social Media Ad,Food/Snacks,Yes
25,Male,Unemployed,"Above ₹15,000",E-commerce Website,4,Bored,Attractive Packaging,Beauty/Cosmetics,Yes
30,Male,Self-employed,"₹5,000 - ₹15,000",Social Media Stores,14,Stressed,Social Media Ad,Clothing,No
18,Female,Employed,"Under ₹2,000",E-commerce Website,4,Bored,Free Shipping Threshold,Gaming/Digital,Yes
35,Male,Student,"Under ₹2,000",Quick Commerce,7,Happy,Social Media Ad,Food/Snacks,Yes
26,Female,Student,"₹5,000 - ₹15,000",E-commerce Website,8,Sad,Heavy Discount,Beauty/Cosmetics,Yes
23,Female,Student,"₹5,000 - ₹15,000",Quick Commerce,4,Stressed,Social Media Ad,Gaming/Digital,Yes
36,Female,Employed,"Under ₹2,000",E-commerce Website,7,Neutral,Attractive Packaging,Electronics,No
22,Female,Student,"₹5,000 - ₹15,000",Social Media Stores,4,Sad,Attractive Packaging,Food/Snacks,No
18,Male,Unemployed,"₹5,000 - ₹15,000",Physical In-Store,3,Neutral,Attractive Packaging,Clothing,No
18,Male,Student,"₹5,000 - ₹15,000",Social Media Stores,2,Happy,Heavy Discount,Clothing,Yes
32,Female,Employed,"₹2,000 - ₹5,000",E-commerce Website,5,Happy,Heavy Discount,Electronics,No
18,Female,Student,"₹2,000 - ₹5,000",E-commerce Website,8,Neutral,Heavy Discount,Electronics,No
42,Female,Employed,"Above ₹15,000",E-commerce Website,3,Stressed,Limited Time Flash Sale,Food/Snacks,Yes
18,Female,Student,"Above ₹15,000",Social Media Stores,2,Bored,Attractive Packaging,Electronics,Yes
41,Other,Employed,"₹2,000 - ₹5,000",E-commerce Website,9,Bored,Attractive Packaging,Food/Snacks,No
29,Female,Employed,"₹5,000 - ₹15,000",E-commerce Website,2,Bored,Heavy Discount,Gaming/Digital,No
27,Female,Student,"Under ₹2,000",E-commerce Website,4,Happy,Limited Time Flash Sale,Beauty/Cosmetics,Yes
23,Male,Self-employed,"Under ₹2,000",Physical In-Store,7,Sad,Limited Time Flash Sale,Electronics,Yes
31,Male,Employed,"Under ₹2,000",Social Media Stores,6,Happy,Heavy Discount,Gaming/Digital,No
27,Female,Self-employed,"Under ₹2,000",E-commerce Website,5,Bored,Limited Time Flash Sale,Electronics,Yes
36,Male,Self-employed,"Above ₹15,000",E-commerce Website,4,Stressed,Heavy Discount,Gaming/Digital,No
28,Male,Self-employed,"₹5,000 - ₹15,000",E-commerce Website,5,Bored,Attractive Packaging,Gaming/Digital,Yes
29,Male,Student,"₹2,000 - ₹5,000",E-commerce Website,5,Bored,Social Media Ad,Food/Snacks,Yes
25,Female,Student,"₹5,000 - ₹15,000",E-commerce Website,8,Bored,Attractive Packaging,Clothing,Yes
27,Male,Unemployed,"₹5,000 - ₹15,000",E-commerce Website,3,Happy,Attractive Packaging,Gaming/Digital,No
30,Female,Employed,"Under ₹2,000",E-commerce Website,3,Neutral,Free Shipping Threshold,Food/Snacks,Yes
18,Male,Student,"₹5,000 - ₹15,000",E-commerce Website,2,Stressed,Attractive Packaging,Electronics,Yes
18,Male,Employed,"₹5,000 - ₹15,000",Quick Commerce,3,Bored,Free Shipping Threshold,Electronics,No
33,Male,Student,"₹5,000 - ₹15,000",Physical In-Store,9,Stressed,Limited Time Flash Sale,Electronics,Yes
29,Male,Employed,"₹5,000 - ₹15,000",Quick Commerce,6,Stressed,Heavy Discount,Beauty/Cosmetics,Yes
26,Female,Self-employed,"Under ₹2,000",E-commerce Website,2,Bored,Limited Time Flash Sale,Beauty/Cosmetics,No
28,Male,Employed,"₹2,000 - ₹5,000",Social Media Stores,5,Neutral,Limited Time Flash Sale,Beauty/Cosmetics,Yes
30,Male,Student,"₹5,000 - ₹15,000",E-commerce Website,5,Bored,Social Media Ad,Electronics,Yes
23,Female,Employed,"Above ₹15,000",E-commerce Website,6,Bored,Heavy Discount,Electronics,Yes
21,Female,Employed,"₹2,000 - ₹5,000",Social Media Stores,6,Stressed,Social Media Ad,Beauty/Cosmetics,Yes
29,Male,Employed,"Under ₹2,000",Social Media Stores,7,Neutral,Social Media Ad,Food/Snacks,No
20,Male,Student,"Above ₹15,000",E-commerce Website,2,Happy,Social Media Ad,Electronics,Yes
31,Other,Employed,"₹2,000 - ₹5,000",E-commerce Website,1,Happy,Attractive Packaging,Electronics,No
18,Female,Employed,"₹2,000 - ₹5,000",Physical In-Store,2,Happy,Limited Time Flash Sale,Food/Snacks,Yes
36,Male,Employed,"₹2,000 - ₹5,000",Quick Commerce,4,Bored,Heavy Discount,Clothing,Yes
31,Female,Self-employed,"₹2,000 - ₹5,000",Quick Commerce,7,Neutral,Attractive Packaging,Clothing,Yes
30,Male,Employed,"₹2,000 - ₹5,000",E-commerce Website,6,Happy,Social Media Ad,Beauty/Cosmetics,Yes
35,Male,Student,"₹5,000 - ₹15,000",Social Media Stores,6,Neutral,Social Media Ad,Food/Snacks,Yes
41,Female,Employed,"Under ₹2,000",E-commerce Website,8,Stressed,Social Media Ad,Food/Snacks,Yes
36,Female,Employed,"Above ₹15,000",Social Media Stores,5,Stressed,Social Media Ad,Beauty/Cosmetics,Yes
18,Male,Employed,"Above ₹15,000",E-commerce Website,7,Bored,Free Shipping Threshold,Beauty/Cosmetics,Yes
18,Female,Employed,"Above ₹15,000",E-commerce Website,7,Stressed,Free Shipping Threshold,Electronics,Yes
23,Male,Student,"Above ₹15,000",Physical In-Store,5,Bored,Social Media Ad,Clothing,Yes
28,Male,Employed,"₹5,000 - ₹15,000",Quick Commerce,5,Neutral,Free Shipping Threshold,Food/Snacks,Yes
32,Male,Self-employed,"₹2,000 - ₹5,000",Quick Commerce,7,Stressed,Heavy Discount,Food/Snacks,No
22,Male,Self-employed,"Under ₹2,000",Social Media Stores,10,Stressed,Social Media Ad,Gaming/Digital,Yes
29,Female,Employed,"Under ₹2,000",E-commerce Website,6,Bored,Free Shipping Threshold,Electronics,No
21,Female,Employed,"₹2,000 - ₹5,000",E-commerce Website,1,Neutral,Free Shipping Threshold,Clothing,No
23,Male,Self-employed,"₹5,000 - ₹15,000",E-commerce Website,5,Happy,Limited Time Flash Sale,Clothing,Yes
18,Other,Unemployed,"Above ₹15,000",Quick Commerce,6,Happy,Limited Time Flash Sale,Gaming/Digital,Yes
20,Female,Employed,"₹2,000 - ₹5,000",Quick Commerce,5,Bored,Heavy Discount,Electronics,Yes
18,Female,Employed,"₹5,000 - ₹15,000",E-commerce Website,2,Sad,Social Media Ad,Clothing,No
20,Female,Employed,"₹5,000 - ₹15,000",Social Media Stores,5,Sad,Limited Time Flash Sale,Beauty/Cosmetics,No
36,Male,Student,"Under ₹2,000",Social Media Stores,6,Neutral,Social Media Ad,Electronics,No
20,Female,Employed,"Above ₹15,000",E-commerce Website,7,Stressed,Limited Time Flash Sale,Clothing,Yes
49,Female,Employed,"₹5,000 - ₹15,000",E-commerce Website,3,Neutral,Social Media Ad,Beauty/Cosmetics,No
31,Female,Self-employed,"₹2,000 - ₹5,000",E-commerce Website,5,Stressed,Free Shipping Threshold,Gaming/Digital,Yes
29,Female,Self-employed,"Above ₹15,000",Social Media Stores,5,Bored,Free Shipping Threshold,Clothing,Yes
21,Male,Student,"₹5,000 - ₹15,000",Quick Commerce,3,Sad,Heavy Discount,Electronics,Yes
33,Female,Employed,"₹2,000 - ₹5,000",Quick Commerce,3,Bored,Attractive Packaging,Food/Snacks,No
23,Male,Student,"₹5,000 - ₹15,000",Social Media Stores,1,Neutral,Free Shipping Threshold,Gaming/Digital,No
28,Male,Student,"₹5,000 - ₹15,000",E-commerce Website,4,Bored,Limited Time Flash Sale,Food/Snacks,Yes
48,Male,Self-employed,"Under ₹2,000",Social Media Stores,5,Stressed,Social Media Ad,Electronics,No
27,Female,Employed,"Above ₹15,000",Quick Commerce,8,Bored,Social Media Ad,Clothing,Yes
37,Male,Employed,"Above ₹15,000",Social Media Stores,4,Happy,Heavy Discount,Clothing,Yes
22,Female,Student,"₹5,000 - ₹15,000",E-commerce Website,7,Neutral,Free Shipping Threshold,Electronics,Yes
27,Male,Employed,"₹5,000 - ₹15,000",Quick Commerce,3,Bored,Attractive Packaging,Electronics,Yes
42,Other,Employed,"Above ₹15,000",Quick Commerce,6,Bored,Attractive Packaging,Gaming/Digital,No
22,Male,Student,"₹2,000 - ₹5,000",Quick Commerce,4,Bored,Attractive Packaging,Electronics,Yes
42,Female,Employed,"Above ₹15,000",Quick Commerce,7,Neutral,Attractive Packaging,Electronics,Yes
33,Female,Student,"₹5,000 - ₹15,000",E-commerce Website,2,Stressed,Free Shipping Threshold,Clothing,No
23,Male,Employed,"₹2,000 - ₹5,000",Quick Commerce,6,Happy,Free Shipping Threshold,Gaming/Digital,Yes
33,Male,Unemployed,"₹5,000 - ₹15,000",E-commerce Website,6,Stressed,Attractive Packaging,Clothing,No
35,Female,Self-employed,"₹5,000 - ₹15,000",Physical In-Store,4,Sad,Social Media Ad,Gaming/Digital,No
32,Female,Unemployed,"Under ₹2,000",Social Media Stores,7,Happy,Social Media Ad,Food/Snacks,No
18,Female,Self-employed,"₹5,000 - ₹15,000",E-commerce Website,8,Neutral,Social Media Ad,Food/Snacks,No
22,Male,Self-employed,"₹5,000 - ₹15,000",E-commerce Website,4,Stressed,Limited Time Flash Sale,Beauty/Cosmetics,Yes
26,Female,Employed,"₹5,000 - ₹15,000",Quick Commerce,9,Stressed,Free Shipping Threshold,Electronics,No
27,Male,Employed,"Under ₹2,000",Physical In-Store,3,Neutral,Social Media Ad,Clothing,No
32,Female,Employed,"₹5,000 - ₹15,000",Quick Commerce,6,Bored,Free Shipping Threshold,Gaming/Digital,Yes
29,Female,Self-employed,"₹5,000 - ₹15,000",E-commerce Website,4,Sad,Attractive Packaging,Beauty/Cosmetics,Yes
18,Male,Student,"Above ₹15,000",E-commerce Website,1,Neutral,Free Shipping Threshold,Food/Snacks,No
31,Female,Student,"Above ₹15,000",E-commerce Website,6,Neutral,Attractive Packaging,Beauty/Cosmetics,No
32,Female,Self-employed,"Above ₹15,000",Social Media Stores,6,Sad,Heavy Discount,Clothing,No
32,Female,Student,"₹2,000 - ₹5,000",E-commerce Website,4,Bored,Free Shipping Threshold,Beauty/Cosmetics,Yes
36,Male,Unemployed,"₹5,000 - ₹15,000",Quick Commerce,8,Stressed,Limited Time Flash Sale,Beauty/Cosmetics,Yes
34,Male,Employed,"Under ₹2,000",Social Media Stores,4,Bored,Free Shipping Threshold,Food/Snacks,No
31,Female,Employed,"Under ₹2,000",Social Media Stores,7,Neutral,Free Shipping Threshold,Beauty/Cosmetics,No
27,Male,Employed,"Under ₹2,000",E-commerce Website,7,Sad,Social Media Ad,Beauty/Cosmetics,No
18,Male,Self-employed,"Above ₹15,000",E-commerce Website,4,Happy,Heavy Discount,Gaming/Digital,No
31,Other,Student,"Under ₹2,000",Quick Commerce,7,Neutral,Social Media Ad,Food/Snacks,No
29,Male,Employed,"Under ₹2,000",E-commerce Website,2,Stressed,Attractive Packaging,Clothing,No
30,Other,Self-employed,"₹2,000 - ₹5,000",E-commerce Website,9,Neutral,Heavy Discount,Electronics,No
18,Male,Student,"₹5,000 - ₹15,000",E-commerce Website,5,Bored,Heavy Discount,Clothing,Yes
19,Male,Student,"Above ₹15,000",Quick Commerce,9,Neutral,Heavy Discount,Food/Snacks,Yes
36,Female,Student,"₹2,000 - ₹5,000",E-commerce Website,10,Stressed,Free Shipping Threshold,Beauty/Cosmetics,No
27,Female,Student,"₹5,000 - ₹15,000",E-commerce Website,4,Neutral,Social Media Ad,Food/Snacks,No
33,Female,Student,"Under ₹2,000",Social Media Stores,9,Bored,Attractive Packaging,Electronics,Yes
28,Female,Employed,"₹2,000 - ₹5,000",Quick Commerce,5,Stressed,Free Shipping Threshold,Electronics,No
28,Female,Employed,"Under ₹2,000",Physical In-Store,3,Neutral,Limited Time Flash Sale,Food/Snacks,Yes
35,Male,Self-employed,"₹2,000 - ₹5,000",E-commerce Website,3,Stressed,Limited Time Flash Sale,Beauty/Cosmetics,Yes
23,Male,Student,"₹5,000 - ₹15,000",E-commerce Website,6,Neutral,Limited Time Flash Sale,Electronics,No
28,Male,Employed,"₹2,000 - ₹5,000",Physical In-Store,3,Happy,Social Media Ad,Clothing,No
24,Female,Employed,"₹5,000 - ₹15,000",E-commerce Website,7,Happy,Free Shipping Threshold,Food/Snacks,No
24,Male,Self-employed,"Above ₹15,000",E-commerce Website,3,Happy,Heavy Discount,Food/Snacks,Yes
25,Male,Employed,"Under ₹2,000",E-commerce Website,6,Happy,Free Shipping Threshold,Clothing,No
29,Female,Employed,"Under ₹2,000",E-commerce Website,2,Happy,Free Shipping Threshold,Electronics,No
24,Male,Self-employed,"₹5,000 - ₹15,000",E-commerce Website,5,Bored,Heavy Discount,Electronics,Yes
38,Male,Employed,"Under ₹2,000",Quick Commerce,5,Bored,Limited Time Flash Sale,Clothing,Yes
20,Female,Student,"₹2,000 - ₹5,000",E-commerce Website,4,Sad,Heavy Discount,Gaming/Digital,No
26,Male,Employed,"₹2,000 - ₹5,000",E-commerce Website,8,Sad,Limited Time Flash Sale,Electronics,Yes
24,Female,Employed,"Above ₹15,000",E-commerce Website,7,Neutral,Free Shipping Threshold,Clothing,Yes
39,Female,Student,"₹5,000 - ₹15,000",E-commerce Website,4,Neutral,Limited Time Flash Sale,Food/Snacks,Yes
29,Male,Employed,"Under ₹2,000",Social Media Stores,4,Bored,Heavy Discount,Beauty/Cosmetics,Yes
36,Female,Employed,"Under ₹2,000",Quick Commerce,3,Neutral,Attractive Packaging,Gaming/Digital,No
18,Male,Self-employed,"Under ₹2,000",E-commerce Website,4,Bored,Limited Time Flash Sale,Beauty/Cosmetics,Yes
30,Female,Student,"₹2,000 - ₹5,000",Quick Commerce,3,Happy,Social Media Ad,Gaming/Digital,No
35,Other,Student,"₹2,000 - ₹5,000",Social Media Stores,2,Stressed,Free Shipping Threshold,Beauty/Cosmetics,Yes
28,Female,Employed,"₹5,000 - ₹15,000",E-commerce Website,5,Bored,Heavy Discount,Gaming/Digital,Yes
36,Female,Employed,"₹2,000 - ₹5,000",E-commerce Website,8,Bored,Heavy Discount,Gaming/Digital,Yes
23,Male,Employed,"₹2,000 - ₹5,000",Social Media Stores,7,Stressed,Attractive Packaging,Gaming/Digital,Yes
39,Male,Employed,"₹2,000 - ₹5,000",Quick Commerce,7,Neutral,Limited Time Flash Sale,Clothing,Yes
46,Female,Employed,"Under ₹2,000",E-commerce Website,4,Happy,Free Shipping Threshold,Clothing,Yes
25,Male,Self-employed,"Above ₹15,000",E-commerce Website,3,Bored,Free Shipping Threshold,Food/Snacks,Yes
24,Male,Self-employed,"Under ₹2,000",Quick Commerce,4,Sad,Limited Time Flash Sale,Food/Snacks,No
39,Male,Employed,"₹2,000 - ₹5,000",E-commerce Website,5,Bored,Free Shipping Threshold,Beauty/Cosmetics,Yes
40,Female,Unemployed,"Under ₹2,000",Social Media Stores,2,Bored,Social Media Ad,Clothing,Yes
23,Male,Student,"₹2,000 - ₹5,000",Physical In-Store,7,Neutral,Limited Time Flash Sale,Clothing,Yes
24,Female,Employed,"Above ₹15,000",Physical In-Store,2,Stressed,Social Media Ad,Clothing,Yes
25,Male,Employed,"Under ₹2,000",E-commerce Website,6,Neutral,Social Media Ad,Food/Snacks,No
18,Male,Self-employed,"₹2,000 - ₹5,000",Social Media Stores,9,Sad,Heavy Discount,Electronics,No
20,Female,Employed,"Under ₹2,000",E-commerce Website,6,Stressed,Free Shipping Threshold,Beauty/Cosmetics,No
19,Male,Employed,"₹5,000 - ₹15,000",Social Media Stores,9,Neutral,Free Shipping Threshold,Gaming/Digital,No
21,Female,Self-employed,"₹5,000 - ₹15,000",E-commerce Website,2,Neutral,Attractive Packaging,Food/Snacks,No
27,Male,Employed,"₹5,000 - ₹15,000",E-commerce Website,4,Stressed,Free Shipping Threshold,Gaming/Digital,No
29,Male,Employed,"₹2,000 - ₹5,000",E-commerce Website,4,Stressed,Limited Time Flash Sale,Beauty/Cosmetics,Yes
40,Male,Student,"Above ₹15,000",Social Media Stores,5,Happy,Social Media Ad,Clothing,No
20,Female,Student,"₹2,000 - ₹5,000",Quick Commerce,4,Happy,Limited Time Flash Sale,Beauty/Cosmetics,Yes
35,Female,Unemployed,"₹5,000 - ₹15,000",Physical In-Store,6,Happy,Free Shipping Threshold,Clothing,Yes
26,Female,Employed,"₹5,000 - ₹15,000",E-commerce Website,5,Bored,Limited Time Flash Sale,Gaming/Digital,No
27,Male,Employed,"₹5,000 - ₹15,000",Quick Commerce,3,Bored,Free Shipping Threshold,Food/Snacks,Yes
33,Female,Employed,"Under ₹2,000",E-commerce Website,6,Happy,Attractive Packaging,Beauty/Cosmetics,Yes
19,Female,Student,"₹2,000 - ₹5,000",E-commerce Website,5,Happy,Attractive Packaging,Electronics,No
31,Female,Employed,"Under ₹2,000",E-commerce Website,5,Neutral,Free Shipping Threshold,Beauty/Cosmetics,No
29,Female,Employed,"₹2,000 - ₹5,000",Quick Commerce,5,Happy,Limited Time Flash Sale,Beauty/Cosmetics,Yes
31,Female,Student,"₹5,000 - ₹15,000",Quick Commerce,3,Bored,Social Media Ad,Electronics,No
30,Male,Student,"Under ₹2,000",Physical In-Store,8,Stressed,Free Shipping Threshold,Beauty/Cosmetics,No
47,Female,Employed,"₹5,000 - ₹15,000",E-commerce Website,8,Bored,Attractive Packaging,Gaming/Digital,Yes
22,Female,Employed,"Above ₹15,000",Quick Commerce,4,Bored,Heavy Discount,Gaming/Digital,Yes
23,Female,Student,"₹2,000 - ₹5,000",E-commerce Website,2,Happy,Free Shipping Threshold,Beauty/Cosmetics,No
23,Male,Employed,"₹2,000 - ₹5,000",E-commerce Website,6,Sad,Heavy Discount,Clothing,No
23,Male,Self-employed,"Above ₹15,000",E-commerce Website,7,Neutral,Heavy Discount,Food/Snacks,Yes
22,Male,Employed,"₹5,000 - ₹15,000",Physical In-Store,9,Happy,Social Media Ad,Food/Snacks,No
37,Male,Self-employed,"Under ₹2,000",Social Media Stores,7,Bored,Attractive Packaging,Food/Snacks,No
39,Male,Self-employed,"₹2,000 - ₹5,000",E-commerce Website,5,Neutral,Free Shipping Threshold,Food/Snacks,Yes
23,Female,Student,"₹5,000 - ₹15,000",E-commerce Website,7,Neutral,Heavy Discount,Clothing,No
21,Female,Student,"₹5,000 - ₹15,000",E-commerce Website,4,Stressed,Attractive Packaging,Clothing,Yes
31,Female,Employed,"₹5,000 - ₹15,000",Social Media Stores,8,Happy,Attractive Packaging,Clothing,Yes
23,Female,Employed,"₹5,000 - ₹15,000",Social Media Stores,6,Happy,Attractive Packaging,Beauty/Cosmetics,No
33,Male,Employed,"₹5,000 - ₹15,000",E-commerce Website,2,Stressed,Attractive Packaging,Beauty/Cosmetics,Yes
29,Female,Employed,"₹2,000 - ₹5,000",Quick Commerce,5,Stressed,Attractive Packaging,Beauty/Cosmetics,No
18,Male,Employed,"₹5,000 - ₹15,000",E-commerce Website,4,Neutral,Attractive Packaging,Food/Snacks,Yes
40,Female,Student,"Above ₹15,000",Social Media Stores,4,Neutral,Limited Time Flash Sale,Food/Snacks,Yes
42,Male,Unemployed,"₹2,000 - ₹5,000",E-commerce Website,5,Stressed,Limited Time Flash Sale,Beauty/Cosmetics,Yes
23,Male,Student,"₹5,000 - ₹15,000",E-commerce Website,6,Happy,Attractive Packaging,Food/Snacks,No
24,Male,Self-employed,"₹2,000 - ₹5,000",E-commerce Website,4,Bored,Limited Time Flash Sale,Clothing,No
30,Female,Student,"₹2,000 - ₹5,000",E-commerce Website,6,Sad,Free Shipping Threshold,Gaming/Digital,No
30,Male,Student,"Above ₹15,000",Quick Commerce,4,Neutral,Social Media Ad,Clothing,No
33,Male,Student,"Under ₹2,000",Social Media Stores,4,Happy,Limited Time Flash Sale,Electronics,No
44,Female,Unemployed,"₹2,000 - ₹5,000",Social Media Stores,8,Bored,Limited Time Flash Sale,Clothing,No
26,Female,Student,"₹2,000 - ₹5,000",Physical In-Store,4,Happy,Heavy Discount,Beauty/Cosmetics,Yes
21,Male,Employed,"₹2,000 - ₹5,000",Quick Commerce,4,Bored,Social Media Ad,Clothing,No
18,Female,Self-employed,"₹5,000 - ₹15,000",E-commerce Website,5,Neutral,Attractive Packaging,Electronics,No
22,Female,Employed,"Under ₹2,000",Social Media Stores,4,Happy,Attractive Packaging,Electronics,Yes
27,Male,Employed,"Under ₹2,000",Quick Commerce,4,Neutral,Attractive Packaging,Clothing,Yes
42,Female,Unemployed,"₹2,000 - ₹5,000",E-commerce Website,5,Stressed,Free Shipping Threshold,Beauty/Cosmetics,Yes
23,Male,Self-employed,"₹5,000 - ₹15,000",Social Media Stores,3,Stressed,Heavy Discount,Gaming/Digital,Yes
29,Female,Employed,"₹5,000 - ₹15,000",Physical In-Store,10,Neutral,Social Media Ad,Clothing,Yes
27,Female,Employed,"₹5,000 - ₹15,000",E-commerce Website,5,Neutral,Limited Time Flash Sale,Food/Snacks,No
37,Female,Unemployed,"₹5,000 - ₹15,000",Social Media Stores,7,Bored,Heavy Discount,Food/Snacks,No
48,Female,Unemployed,"₹2,000 - ₹5,000",E-commerce Website,3,Neutral,Limited Time Flash Sale,Gaming/Digital,No
23,Male,Employed,"₹5,000 - ₹15,000",E-commerce Website,4,Neutral,Free Shipping Threshold,Beauty/Cosmetics,No
24,Male,Self-employed,"Under ₹2,000",E-commerce Website,2,Happy,Heavy Discount,Food/Snacks,No
36,Female,Employed,"Under ₹2,000",E-commerce Website,10,Neutral,Heavy Discount,Clothing,No
33,Female,Employed,"₹5,000 - ₹15,000",Physical In-Store,6,Stressed,Limited Time Flash Sale,Electronics,No
42,Male,Student,"₹2,000 - ₹5,000",Social Media Stores,6,Bored,Heavy Discount,Gaming/Digital,Yes
32,Female,Student,"₹2,000 - ₹5,000",Physical In-Store,5,Happy,Social Media Ad,Clothing,No
25,Male,Employed,"₹2,000 - ₹5,000",Quick Commerce,5,Neutral,Limited Time Flash Sale,Beauty/Cosmetics,Yes
32,Male,Employed,"₹5,000 - ₹15,000",Social Media Stores,9,Happy,Attractive Packaging,Food/Snacks,No
36,Female,Student,"₹2,000 - ₹5,000",E-commerce Website,6,Bored,Free Shipping Threshold,Gaming/Digital,Yes
34,Male,Employed,"Above ₹15,000",Quick Commerce,2,Stressed,Limited Time Flash Sale,Food/Snacks,Yes
32,Female,Employed,"₹2,000 - ₹5,000",E-commerce Website,2,Bored,Attractive Packaging,Electronics,Yes
36,Male,Unemployed,"₹5,000 - ₹15,000",E-commerce Website,5,Happy,Limited Time Flash Sale,Electronics,No
37,Male,Self-employed,"Above ₹15,000",E-commerce Website,6,Happy,Free Shipping Threshold,Gaming/Digital,Yes
39,Female,Employed,"₹5,000 - ₹15,000",E-commerce Website,7,Sad,Attractive Packaging,Beauty/Cosmetics,No
33,Female,Self-employed,"₹5,000 - ₹15,000",Quick Commerce,5,Bored,Limited Time Flash Sale,Gaming/Digital,Yes
26,Male,Employed,"₹5,000 - ₹15,000",E-commerce Website,6,Neutral,Limited Time Flash Sale,Gaming/Digital,Yes
29,Male,Employed,"₹2,000 - ₹5,000",Quick Commerce,10,Neutral,Social Media Ad,Beauty/Cosmetics,Yes
37,Male,Unemployed,"₹5,000 - ₹15,000",Social Media Stores,6,Stressed,Free Shipping Threshold,Electronics,No
21,Female,Employed,"Under ₹2,000",Physical In-Store,5,Neutral,Social Media Ad,Food/Snacks,No
30,Other,Employed,"Above ₹15,000",Quick Commerce,4,Happy,Social Media Ad,Electronics,Yes
24,Female,Student,"₹5,000 - ₹15,000",Quick Commerce,3,Happy,Attractive Packaging,Food/Snacks,No
28,Male,Student,"₹5,000 - ₹15,000",Quick Commerce,4,Bored,Free Shipping Threshold,Food/Snacks,No
38,Male,Employed,"Under ₹2,000",E-commerce Website,1,Neutral,Free Shipping Threshold,Gaming/Digital,No
29,Female,Unemployed,"Above ₹15,000",E-commerce Website,7,Neutral,Social Media Ad,Gaming/Digital,Yes
28,Female,Employed,"Under ₹2,000",E-commerce Website,5,Sad,Heavy Discount,Gaming/Digital,No
18,Female,Self-employed,"₹5,000 - ₹15,000",Social Media Stores,6,Bored,Attractive Packaging,Food/Snacks,Yes
33,Female,Self-employed,"₹2,000 - ₹5,000",E-commerce Website,2,Happy,Social Media Ad,Clothing,No
33,Male,Student,"₹5,000 - ₹15,000",Social Media Stores,3,Stressed,Free Shipping Threshold,Food/Snacks,Yes
45,Female,Employed,"₹5,000 - ₹15,000",Social Media Stores,4,Happy,Social Media Ad,Gaming/Digital,No
25,Other,Employed,"Under ₹2,000",E-commerce Website,4,Sad,Limited Time Flash Sale,Clothing,No
29,Female,Employed,"₹5,000 - ₹15,000",E-commerce Website,3,Bored,Free Shipping Threshold,Clothing,No
29,Male,Student,"₹2,000 - ₹5,000",Quick Commerce,4,Bored,Social Media Ad,Electronics,Yes
40,Male,Unemployed,"₹5,000 - ₹15,000",E-commerce Website,3,Sad,Attractive Packaging,Gaming/Digital,Yes
27,Male,Employed,"₹5,000 - ₹15,000",E-commerce Website,3,Bored,Social Media Ad,Gaming/Digital,Yes
30,Female,Employed,"Under ₹2,000",Physical In-Store,3,Happy,Heavy Discount,Clothing,Yes
32,Male,Employed,"₹5,000 - ₹15,000",E-commerce Website,7,Stressed,Social Media Ad,Gaming/Digital,No
29,Male,Student,"₹5,000 - ₹15,000",E-commerce Website,8,Neutral,Attractive Packaging,Food/Snacks,No
24,Female,Employed,"₹2,000 - ₹5,000",Physical In-Store,7,Neutral,Free Shipping Threshold,Beauty/Cosmetics,No
29,Male,Self-employed,"Above ₹15,000",Physical In-Store,4,Neutral,Heavy Discount,Beauty/Cosmetics,No
36,Male,Self-employed,"₹5,000 - ₹15,000",E-commerce Website,4,Bored,Social Media Ad,Gaming/Digital,No
19,Male,Employed,"Under ₹2,000",E-commerce Website,6,Neutral,Social Media Ad,Clothing,No
29,Male,Employed,"Under ₹2,000",Physical In-Store,7,Bored,Heavy Discount,Clothing,No
22,Male,Employed,"₹5,000 - ₹15,000",Quick Commerce,4,Neutral,Heavy Discount,Beauty/Cosmetics,Yes
37,Female,Employed,"₹2,000 - ₹5,000",E-commerce Website,3,Stressed,Free Shipping Threshold,Beauty/Cosmetics,Yes
18,Female,Student,"Under ₹2,000",E-commerce Website,6,Neutral,Heavy Discount,Gaming/Digital,No
23,Female,Employed,"Under ₹2,000",Quick Commerce,1,Bored,Limited Time Flash Sale,Electronics,Yes
31,Male,Employed,"₹5,000 - ₹15,000",E-commerce Website,6,Sad,Free Shipping Threshold,Clothing,No
40,Female,Student,"₹5,000 - ₹15,000",E-commerce Website,10,Neutral,Free Shipping Threshold,Gaming/Digital,No
27,Male,Student,"Under ₹2,000",Quick Commerce,2,Sad,Social Media Ad,Food/Snacks,Yes
23,Male,Student,"₹5,000 - ₹15,000",E-commerce Website,7,Sad,Attractive Packaging,Clothing,No
43,Female,Employed,"Above ₹15,000",Quick Commerce,9,Sad,Limited Time Flash Sale,Gaming/Digital,Yes
18,Male,Employed,"Above ₹15,000",Quick Commerce,8,Neutral,Attractive Packaging,Clothing,No
18,Male,Student,"Above ₹15,000",E-commerce Website,4,Sad,Free Shipping Threshold,Electronics,Yes
31,Female,Student,"₹5,000 - ₹15,000",Physical In-Store,6,Happy,Limited Time Flash Sale,Electronics,No
23,Female,Self-employed,"₹2,000 - ₹5,000",Physical In-Store,5,Bored,Social Media Ad,Clothing,Yes
19,Male,Student,"Under ₹2,000",E-commerce Website,4,Neutral,Attractive Packaging,Clothing,No
33,Male,Employed,"₹2,000 - ₹5,000",Quick Commerce,6,Bored,Social Media Ad,Food/Snacks,Yes
29,Male,Unemployed,"₹5,000 - ₹15,000",E-commerce Website,6,Bored,Limited Time Flash Sale,Food/Snacks,No
23,Female,Employed,"Above ₹15,000",Physical In-Store,5,Neutral,Heavy Discount,Gaming/Digital,Yes
18,Male,Employed,"₹2,000 - ₹5,000",E-commerce Website,10,Stressed,Limited Time Flash Sale,Food/Snacks,Yes
34,Male,Employed,"₹2,000 - ₹5,000",E-commerce Website,4,Bored,Limited Time Flash Sale,Gaming/Digital,Yes
33,Female,Student,"₹5,000 - ₹15,000",E-commerce Website,9,Neutral,Social Media Ad,Gaming/Digital,Yes
27,Female,Employed,"₹2,000 - ₹5,000",E-commerce Website,5,Neutral,Social Media Ad,Food/Snacks,No
42,Male,Employed,"₹2,000 - ₹5,000",Social Media Stores,5,Bored,Attractive Packaging,Clothing,No
19,Male,Student,"₹2,000 - ₹5,000",Physical In-Store,7,Stressed,Heavy Discount,Beauty/Cosmetics,No
18,Female,Employed,"Above ₹15,000",E-commerce Website,6,Bored,Limited Time Flash Sale,Gaming/Digital,Yes
22,Female,Self-employed,"₹2,000 - ₹5,000",Physical In-Store,5,Neutral,Heavy Discount,Food/Snacks,Yes
27,Male,Student,"₹5,000 - ₹15,000",E-commerce Website,3,Bored,Heavy Discount,Food/Snacks,Yes
29,Male,Employed,"₹2,000 - ₹5,000",E-commerce Website,9,Stressed,Free Shipping Threshold,Clothing,No
26,Male,Employed,"₹5,000 - ₹15,000",Physical In-Store,6,Neutral,Heavy Discount,Clothing,No
30,Male,Self-employed,"₹2,000 - ₹5,000",E-commerce Website,1,Happy,Heavy Discount,Electronics,Yes
18,Female,Self-employed,"₹2,000 - ₹5,000",E-commerce Website,5,Neutral,Social Media Ad,Electronics,No
39,Male,Employed,"₹2,000 - ₹5,000",E-commerce Website,3,Bored,Heavy Discount,Food/Snacks,Yes
27,Female,Employed,"Under ₹2,000",Social Media Stores,5,Bored,Free Shipping Threshold,Food/Snacks,Yes
36,Female,Student,"₹5,000 - ₹15,000",E-commerce Website,3,Stressed,Limited Time Flash Sale,Beauty/Cosmetics,Yes
30,Female,Employed,"₹2,000 - ₹5,000",Social Media Stores,3,Sad,Heavy Discount,Beauty/Cosmetics,No
31,Male,Employed,"Above ₹15,000",E-commerce Website,3,Bored,Attractive Packaging,Clothing,Yes
32,Female,Employed,"Under ₹2,000",Quick Commerce,3,Bored,Attractive Packaging,Food/Snacks,Yes
31,Male,Unemployed,"Under ₹2,000",E-commerce Website,4,Neutral,Heavy Discount,Food/Snacks,No
33,Female,Employed,"Above ₹15,000",E-commerce Website,1,Stressed,Limited Time Flash Sale,Food/Snacks,Yes
38,Other,Employed,"Under ₹2,000",Quick Commerce,0,Happy,Attractive Packaging,Beauty/Cosmetics,Yes
29,Male,Employed,"Under ₹2,000",Social Media Stores,2,Sad,Attractive Packaging,Gaming/Digital,No
33,Male,Student,"Under ₹2,000",Quick Commerce,4,Bored,Social Media Ad,Gaming/Digital,No
27,Male,Employed,"₹5,000 - ₹15,000",Physical In-Store,6,Happy,Attractive Packaging,Electronics,Yes
39,Female,Employed,"₹5,000 - ₹15,000",E-commerce Website,4,Bored,Attractive Packaging,Gaming/Digital,No
22,Female,Unemployed,"₹2,000 - ₹5,000",E-commerce Website,6,Bored,Heavy Discount,Electronics,Yes
42,Female,Employed,"₹5,000 - ₹15,000",Social Media Stores,2,Stressed,Heavy Discount,Gaming/Digital,No
27,Female,Unemployed,"₹5,000 - ₹15,000",Quick Commerce,3,Neutral,Limited Time Flash Sale,Electronics,No
18,Male,Employed,"Above ₹15,000",E-commerce Website,5,Neutral,Limited Time Flash Sale,Clothing,Yes
29,Female,Student,"Under ₹2,000",Social Media Stores,4,Happy,Attractive Packaging,Clothing,Yes
22,Female,Student,"₹5,000 - ₹15,000",E-commerce Website,4,Neutral,Limited Time Flash Sale,Beauty/Cosmetics,No
34,Female,Student,"Under ₹2,000",E-commerce Website,7,Neutral,Limited Time Flash Sale,Beauty/Cosmetics,No
22,Female,Employed,"₹2,000 - ₹5,000",E-commerce Website,4,Stressed,Free Shipping Threshold,Food/Snacks,No
24,Female,Student,"Under ₹2,000",Physical In-Store,6,Bored,Social Media Ad,Clothing,Yes
18,Female,Employed,"₹5,000 - ₹15,000",E-commerce Website,2,Stressed,Social Media Ad,Beauty/Cosmetics,Yes
24,Female,Unemployed,"₹5,000 - ₹15,000",E-commerce Website,9,Stressed,Free Shipping Threshold,Electronics,No
18,Female,Employed,"₹5,000 - ₹15,000",E-commerce Website,3,Happy,Free Shipping Threshold,Clothing,No
18,Female,Employed,"₹5,000 - ₹15,000",E-commerce Website,6,Happy,Limited Time Flash Sale,Clothing,Yes
34,Female,Student,"₹5,000 - ₹15,000",Social Media Stores,6,Happy,Attractive Packaging,Electronics,No
34,Female,Employed,"₹5,000 - ₹15,000",E-commerce Website,4,Happy,Free Shipping Threshold,Electronics,Yes
31,Female,Student,"₹2,000 - ₹5,000",E-commerce Website,6,Bored,Limited Time Flash Sale,Clothing,Yes
20,Male,Self-employed,"₹2,000 - ₹5,000",E-commerce Website,6,Stressed,Heavy Discount,Food/Snacks,No
27,Male,Student,"Under ₹2,000",Quick Commerce,7,Stressed,Social Media Ad,Clothing,Yes
27,Male,Employed,"₹2,000 - ₹5,000",Physical In-Store,8,Sad,Free Shipping Threshold,Clothing,No
18,Female,Employed,"₹5,000 - ₹15,000",Quick Commerce,2,Bored,Free Shipping Threshold,Food/Snacks,No
40,Female,Employed,"₹5,000 - ₹15,000",E-commerce Website,5,Bored,Free Shipping Threshold,Clothing,No
35,Other,Self-employed,"₹5,000 - ₹15,000",E-commerce Website,4,Stressed,Social Media Ad,Electronics,No
26,Male,Student,"₹2,000 - ₹5,000",E-commerce Website,5,Happy,Free Shipping Threshold,Gaming/Digital,No
28,Male,Employed,"₹5,000 - ₹15,000",Physical In-Store,7,Neutral,Limited Time Flash Sale,Electronics,No
29,Male,Employed,"₹2,000 - ₹5,000",E-commerce Website,3,Neutral,Social Media Ad,Food/Snacks,No
18,Male,Employed,"Above ₹15,000",E-commerce Website,8,Sad,Social Media Ad,Food/Snacks,Yes
26,Female,Employed,"₹2,000 - ₹5,000",E-commerce Website,7,Sad,Attractive Packaging,Food/Snacks,Yes
22,Male,Student,"₹5,000 - ₹15,000",E-commerce Website,3,Bored,Free Shipping Threshold,Clothing,Yes
19,Female,Employed,"₹5,000 - ₹15,000",Social Media Stores,2,Neutral,Limited Time Flash Sale,Food/Snacks,Yes
25,Female,Unemployed,"Above ₹15,000",Quick Commerce,9,Bored,Free Shipping Threshold,Electronics,Yes
42,Female,Employed,"₹2,000 - ₹5,000",E-commerce Website,6,Happy,Limited Time Flash Sale,Electronics,No
33,Female,Self-employed,"₹2,000 - ₹5,000",E-commerce Website,2,Bored,Heavy Discount,Food/Snacks,Yes
23,Male,Employed,"₹2,000 - ₹5,000",E-commerce Website,6,Happy,Free Shipping Threshold,Gaming/Digital,No
32,Male,Student,"₹2,000 - ₹5,000",Physical In-Store,7,Bored,Social Media Ad,Food/Snacks,Yes
39,Female,Student,"₹5,000 - ₹15,000",Social Media Stores,5,Happy,Attractive Packaging,Electronics,No
35,Female,Employed,"Above ₹15,000",Social Media Stores,8,Bored,Free Shipping Threshold,Clothing,Yes
28,Male,Employed,"Under ₹2,000",E-commerce Website,4,Bored,Social Media Ad,Beauty/Cosmetics,No
22,Male,Employed,"₹5,000 - ₹15,000",E-commerce Website,7,Neutral,Social Media Ad,Beauty/Cosmetics,No
33,Male,Employed,"Above ₹15,000",E-commerce Website,2,Stressed,Attractive Packaging,Gaming/Digital,No
31,Male,Unemployed,"Under ₹2,000",Quick Commerce,5,Neutral,Heavy Discount,Electronics,Yes
35,Other,Employed,"₹2,000 - ₹5,000",E-commerce Website,2,Bored,Heavy Discount,Food/Snacks,Yes
33,Female,Employed,"Above ₹15,000",Quick Commerce,4,Happy,Social Media Ad,Electronics,Yes
36,Male,Student,"Above ₹15,000",Quick Commerce,11,Neutral,Heavy Discount,Clothing,Yes
23,Female,Employed,"₹5,000 - ₹15,000",Quick Commerce,4,Stressed,Free Shipping Threshold,Beauty/Cosmetics,Yes
38,Female,Self-employed,"Under ₹2,000",E-commerce Website,6,Stressed,Limited Time Flash Sale,Clothing,Yes
29,Male,Student,"Under ₹2,000",E-commerce Website,7,Neutral,Heavy Discount,Electronics,Yes
44,Female,Unemployed,"₹5,000 - ₹15,000",E-commerce Website,5,Stressed,Limited Time Flash Sale,Beauty/Cosmetics,Yes
22,Female,Unemployed,"Under ₹2,000",Quick Commerce,4,Sad,Limited Time Flash Sale,Food/Snacks,Yes
41,Female,Employed,"Under ₹2,000",E-commerce Website,7,Neutral,Social Media Ad,Electronics,Yes
29,Female,Employed,"₹5,000 - ₹15,000",Social Media Stores,6,Bored,Heavy Discount,Food/Snacks,No
22,Female,Student,"₹5,000 - ₹15,000",Quick Commerce,8,Happy,Limited Time Flash Sale,Beauty/Cosmetics,Yes
24,Male,Student,"₹5,000 - ₹15,000",Quick Commerce,5,Sad,Heavy Discount,Electronics,No
25,Female,Student,"Under ₹2,000",E-commerce Website,4,Stressed,Social Media Ad,Beauty/Cosmetics,No
31,Other,Employed,"Under ₹2,000",E-commerce Website,4,Sad,Free Shipping Threshold,Beauty/Cosmetics,Yes
32,Male,Student,"₹5,000 - ₹15,000",E-commerce Website,6,Neutral,Social Media Ad,Electronics,Yes
23,Female,Employed,"₹5,000 - ₹15,000",E-commerce Website,6,Stressed,Limited Time Flash Sale,Gaming/Digital,Yes
27,Female,Employed,"₹5,000 - ₹15,000",Quick Commerce,11,Stressed,Social Media Ad,Clothing,Yes
45,Male,Student,"Above ₹15,000",Quick Commerce,5,Bored,Heavy Discount,Food/Snacks,No
41,Female,Employed,"Above ₹15,000",E-commerce Website,3,Neutral,Free Shipping Threshold,Beauty/Cosmetics,Yes
31,Male,Unemployed,"₹5,000 - ₹15,000",E-commerce Website,6,Bored,Free Shipping Threshold,Beauty/Cosmetics,Yes
28,Female,Employed,"₹2,000 - ₹5,000",E-commerce Website,9,Happy,Free Shipping Threshold,Electronics,Yes
28,Male,Employed,"₹5,000 - ₹15,000",E-commerce Website,2,Happy,Free Shipping Threshold,Food/Snacks,Yes
32,Female,Employed,"₹5,000 - ₹15,000",E-commerce Website,4,Bored,Free Shipping Threshold,Clothing,No
19,Male,Employed,"₹2,000 - ₹5,000",E-commerce Website,2,Happy,Attractive Packaging,Gaming/Digital,Yes
25,Male,Self-employed,"₹5,000 - ₹15,000",Quick Commerce,3,Stressed,Social Media Ad,Beauty/Cosmetics,Yes
18,Male,Student,"Under ₹2,000",Quick Commerce,5,Neutral,Heavy Discount,Electronics,Yes
31,Female,Self-employed,"₹5,000 - ₹15,000",E-commerce Website,2,Neutral,Free Shipping Threshold,Beauty/Cosmetics,No
33,Female,Employed,"Under ₹2,000",Social Media Stores,6,Stressed,Limited Time Flash Sale,Beauty/Cosmetics,Yes
24,Female,Self-employed,"₹2,000 - ₹5,000",E-commerce Website,5,Stressed,Attractive Packaging,Gaming/Digital,Yes
40,Female,Student,"Above ₹15,000",Social Media Stores,5,Bored,Free Shipping Threshold,Food/Snacks,No
18,Female,Self-employed,"Under ₹2,000",Physical In-Store,2,Stressed,Social Media Ad,Gaming/Digital,Yes
18,Male,Unemployed,"₹5,000 - ₹15,000",E-commerce Website,5,Stressed,Limited Time Flash Sale,Gaming/Digital,Yes
29,Female,Student,"Under ₹2,000",Physical In-Store,5,Stressed,Free Shipping Threshold,Clothing,No
36,Male,Unemployed,"Above ₹15,000",E-commerce Website,7,Happy,Limited Time Flash Sale,Beauty/Cosmetics,Yes
41,Other,Student,"₹5,000 - ₹15,000",Quick Commerce,5,Bored,Social Media Ad,Gaming/Digital,Yes
24,Female,Student,"Above ₹15,000",Quick Commerce,4,Bored,Attractive Packaging,Beauty/Cosmetics,Yes
36,Male,Employed,"Above ₹15,000",Social Media Stores,3,Stressed,Free Shipping Threshold,Food/Snacks,No
27,Male,Unemployed,"₹5,000 - ₹15,000",Social Media Stores,5,Stressed,Free Shipping Threshold,Electronics,No
26,Female,Employed,"Under ₹2,000",E-commerce Website,5,Bored,Heavy Discount,Beauty/Cosmetics,Yes
35,Male,Employed,"₹2,000 - ₹5,000",E-commerce Website,7,Happy,Social Media Ad,Food/Snacks,No
33,Male,Employed,"₹2,000 - ₹5,000",Social Media Stores,4,Bored,Heavy Discount,Food/Snacks,Yes
18,Male,Unemployed,"₹5,000 - ₹15,000",E-commerce Website,5,Bored,Attractive Packaging,Beauty/Cosmetics,No
39,Female,Employed,"₹5,000 - ₹15,000",Physical In-Store,4,Happy,Heavy Discount,Clothing,No
39,Female,Student,"₹2,000 - ₹5,000",Social Media Stores,7,Bored,Heavy Discount,Gaming/Digital,No
22,Male,Employed,"Under ₹2,000",E-commerce Website,4,Bored,Free Shipping Threshold,Gaming/Digital,Yes
31,Male,Student,"₹2,000 - ₹5,000",Physical In-Store,7,Bored,Limited Time Flash Sale,Gaming/Digital,No
31,Female,Employed,"Under ₹2,000",E-commerce Website,5,Neutral,Heavy Discount,Clothing,No
30,Female,Student,"₹5,000 - ₹15,000",Physical In-Store,4,Bored,Free Shipping Threshold,Beauty/Cosmetics,No
23,Male,Student,"₹5,000 - ₹15,000",Social Media Stores,7,Neutral,Limited Time Flash Sale,Gaming/Digital,No
22,Male,Self-employed,"₹5,000 - ₹15,000",Social Media Stores,3,Neutral,Heavy Discount,Beauty/Cosmetics,No
27,Female,Employed,"Under ₹2,000",E-commerce Website,0,Neutral,Heavy Discount,Clothing,No
37,Other,Employed,"Above ₹15,000",Quick Commerce,8,Happy,Heavy Discount,Electronics,No
32,Other,Employed,"Under ₹2,000",Quick Commerce,5,Bored,Social Media Ad,Clothing,No
25,Female,Student,"₹2,000 - ₹5,000",E-commerce Website,4,Neutral,Heavy Discount,Clothing,No
34,Male,Employed,"₹5,000 - ₹15,000",Social Media Stores,4,Happy,Heavy Discount,Food/Snacks,No
18,Male,Employed,"Under ₹2,000",E-commerce Website,5,Happy,Social Media Ad,Electronics,No
37,Male,Self-employed,"Under ₹2,000",Social Media Stores,4,Happy,Social Media Ad,Food/Snacks,Yes
18,Male,Employed,"Under ₹2,000",Quick Commerce,6,Bored,Attractive Packaging,Food/Snacks,Yes
25,Other,Employed,"₹5,000 - ₹15,000",E-commerce Website,10,Stressed,Free Shipping Threshold,Beauty/Cosmetics,Yes
19,Female,Employed,"Above ₹15,000",Social Media Stores,6,Neutral,Limited Time Flash Sale,Gaming/Digital,No
18,Female,Employed,"₹5,000 - ₹15,000",Quick Commerce,5,Neutral,Limited Time Flash Sale,Gaming/Digital,Yes
37,Male,Employed,"₹5,000 - ₹15,000",E-commerce Website,2,Stressed,Free Shipping Threshold,Food/Snacks,No
24,Female,Unemployed,"₹2,000 - ₹5,000",Physical In-Store,5,Neutral,Heavy Discount,Clothing,No
30,Female,Employed,"Under ₹2,000",Physical In-Store,8,Bored,Limited Time Flash Sale,Beauty/Cosmetics,Yes
27,Male,Employed,"Under ₹2,000",E-commerce Website,6,Stressed,Limited Time Flash Sale,Food/Snacks,Yes
31,Female,Self-employed,"Above ₹15,000",Physical In-Store,4,Happy,Social Media Ad,Beauty/Cosmetics,Yes
28,Male,Employed,"Under ₹2,000",E-commerce Website,6,Happy,Attractive Packaging,Clothing,Yes
18,Male,Student,"Above ₹15,000",E-commerce Website,7,Neutral,Attractive Packaging,Clothing,No
35,Female,Employed,"Under ₹2,000",E-commerce Website,6,Sad,Attractive Packaging,Clothing,No
24,Female,Student,"₹5,000 - ₹15,000",Social Media Stores,5,Sad,Social Media Ad,Beauty/Cosmetics,No
18,Male,Student,"Above ₹15,000",Quick Commerce,9,Neutral,Heavy Discount,Electronics,No
24,Male,Student,"₹2,000 - ₹5,000",Quick Commerce,4,Happy,Social Media Ad,Clothing,No
40,Other,Student,"₹5,000 - ₹15,000",E-commerce Website,6,Bored,Limited Time Flash Sale,Electronics,Yes
34,Female,Self-employed,"₹2,000 - ₹5,000",Social Media Stores,5,Happy,Limited Time Flash Sale,Food/Snacks,No
25,Female,Self-employed,"₹2,000 - ₹5,000",Quick Commerce,5,Neutral,Free Shipping Threshold,Electronics,Yes
25,Male,Employed,"₹2,000 - ₹5,000",Quick Commerce,3,Neutral,Attractive Packaging,Beauty/Cosmetics,No
25,Male,Self-employed,"₹5,000 - ₹15,000",Quick Commerce,6,Stressed,Limited Time Flash Sale,Electronics,Yes
44,Male,Student,"₹2,000 - ₹5,000",Social Media Stores,10,Bored,Social Media Ad,Beauty/Cosmetics,No
31,Male,Self-employed,"₹2,000 - ₹5,000",E-commerce Website,6,Bored,Social Media Ad,Gaming/Digital,No
31,Male,Employed,"Above ₹15,000",Physical In-Store,5,Neutral,Free Shipping Threshold,Clothing,No
36,Male,Student,"₹2,000 - ₹5,000",E-commerce Website,5,Neutral,Free Shipping Threshold,Electronics,No
29,Female,Student,"₹2,000 - ₹5,000",Physical In-Store,9,Bored,Free Shipping Threshold,Clothing,No
25,Male,Employed,"Above ₹15,000",Quick Commerce,7,Sad,Free Shipping Threshold,Food/Snacks,Yes
26,Female,Student,"₹2,000 - ₹5,000",E-commerce Website,5,Happy,Free Shipping Threshold,Electronics,No
27,Male,Employed,"₹2,000 - ₹5,000",Quick Commerce,7,Happy,Free Shipping Threshold,Gaming/Digital,No
27,Female,Student,"₹5,000 - ₹15,000",Social Media Stores,6,Bored,Free Shipping Threshold,Food/Snacks,Yes
33,Male,Student,"₹2,000 - ₹5,000",E-commerce Website,5,Neutral,Free Shipping Threshold,Gaming/Digital,Yes
28,Female,Student,"₹2,000 - ₹5,000",E-commerce Website,6,Happy,Free Shipping Threshold,Food/Snacks,No
33,Male,Unemployed,"₹2,000 - ₹5,000",E-commerce Website,5,Neutral,Free Shipping Threshold,Beauty/Cosmetics,Yes
27,Other,Student,"₹5,000 - ₹15,000",Social Media Stores,6,Happy,Attractive Packaging,Beauty/Cosmetics,No
28,Female,Student,"Under ₹2,000",Quick Commerce,3,Neutral,Limited Time Flash Sale,Beauty/Cosmetics,Yes
18,Female,Employed,"₹2,000 - ₹5,000",Quick Commerce,8,Happy,Free Shipping Threshold,Clothing,No
35,Male,Self-employed,"₹2,000 - ₹5,000",E-commerce Website,3,Stressed,Social Media Ad,Beauty/Cosmetics,Yes
30,Female,Employed,"₹2,000 - ₹5,000",E-commerce Website,3,Happy,Social Media Ad,Clothing,No
35,Female,Self-employed,"₹5,000 - ₹15,000",Physical In-Store,4,Neutral,Limited Time Flash Sale,Electronics,No
18,Male,Employed,"₹2,000 - ₹5,000",E-commerce Website,6,Stressed,Social Media Ad,Food/Snacks,Yes
44,Female,Student,"₹5,000 - ₹15,000",Quick Commerce,4,Neutral,Free Shipping Threshold,Gaming/Digital,Yes
26,Female,Employed,"₹5,000 - ₹15,000",E-commerce Website,5,Sad,Free Shipping Threshold,Food/Snacks,Yes
36,Female,Employed,"₹2,000 - ₹5,000",E-commerce Website,6,Bored,Free Shipping Threshold,Food/Snacks,No
19,Female,Employed,"₹2,000 - ₹5,000",E-commerce Website,3,Neutral,Limited Time Flash Sale,Electronics,Yes
32,Female,Employed,"Under ₹2,000",E-commerce Website,5,Happy,Limited Time Flash Sale,Beauty/Cosmetics,Yes
19,Female,Student,"Under ₹2,000",Social Media Stores,6,Neutral,Attractive Packaging,Clothing,Yes
23,Male,Employed,"₹5,000 - ₹15,000",E-commerce Website,6,Bored,Free Shipping Threshold,Food/Snacks,Yes
43,Female,Employed,"₹5,000 - ₹15,000",E-commerce Website,8,Neutral,Heavy Discount,Food/Snacks,No
26,Female,Employed,"Under ₹2,000",Social Media Stores,8,Neutral,Social Media Ad,Food/Snacks,Yes
29,Female,Employed,"₹5,000 - ₹15,000",E-commerce Website,4,Sad,Attractive Packaging,Gaming/Digital,No
34,Other,Employed,"Above ₹15,000",Social Media Stores,5,Happy,Free Shipping Threshold,Clothing,No
31,Male,Student,"Under ₹2,000",Quick Commerce,4,Happy,Social Media Ad,Food/Snacks,Yes
29,Male,Self-employed,"₹2,000 - ₹5,000",Social Media Stores,6,Neutral,Heavy Discount,Gaming/Digital,No
30,Male,Employed,"₹5,000 - ₹15,000",E-commerce Website,4,Neutral,Heavy Discount,Electronics,No
47,Male,Student,"Under ₹2,000",Social Media Stores,6,Happy,Free Shipping Threshold,Beauty/Cosmetics,No
27,Male,Unemployed,"₹5,000 - ₹15,000",Quick Commerce,4,Happy,Free Shipping Threshold,Electronics,Yes
29,Female,Employed,"Above ₹15,000",E-commerce Website,5,Bored,Free Shipping Threshold,Clothing,No
36,Male,Employed,"Under ₹2,000",Social Media Stores,4,Stressed,Social Media Ad,Food/Snacks,Yes
36,Female,Student,"₹5,000 - ₹15,000",E-commerce Website,5,Bored,Social Media Ad,Food/Snacks,Yes
37,Female,Employed,"₹2,000 - ₹5,000",Quick Commerce,3,Bored,Attractive Packaging,Gaming/Digital,No
33,Male,Student,"Under ₹2,000",E-commerce Website,6,Sad,Limited Time Flash Sale,Food/Snacks,No
18,Male,Employed,"₹2,000 - ₹5,000",Quick Commerce,8,Stressed,Heavy Discount,Food/Snacks,Yes
41,Female,Employed,"Under ₹2,000",E-commerce Website,3,Neutral,Free Shipping Threshold,Food/Snacks,No
18,Female,Employed,"₹5,000 - ₹15,000",E-commerce Website,4,Happy,Limited Time Flash Sale,Beauty/Cosmetics,No
30,Female,Student,"Under ₹2,000",E-commerce Website,8,Neutral,Heavy Discount,Beauty/Cosmetics,No
21,Female,Self-employed,"₹5,000 - ₹15,000",E-commerce Website,3,Stressed,Limited Time Flash Sale,Clothing,Yes
27,Other,Employed,"₹2,000 - ₹5,000",E-commerce Website,5,Neutral,Limited Time Flash Sale,Clothing,No
30,Female,Employed,"₹2,000 - ₹5,000",Physical In-Store,2,Neutral,Limited Time Flash Sale,Beauty/Cosmetics,Yes
30,Female,Employed,"Under ₹2,000",E-commerce Website,4,Happy,Social Media Ad,Beauty/Cosmetics,No
31,Female,Employed,"₹2,000 - ₹5,000",E-commerce Website,3,Neutral,Attractive Packaging,Electronics,No
40,Female,Employed,"Under ₹2,000",E-commerce Website,6,Stressed,Social Media Ad,Clothing,No
31,Male,Employed,"₹5,000 - ₹15,000",Physical In-Store,2,Stressed,Limited Time Flash Sale,Gaming/Digital,Yes
26,Other,Employed,"Under ₹2,000",E-commerce Website,3,Happy,Social Media Ad,Beauty/Cosmetics,No
35,Female,Employed,"₹5,000 - ₹15,000",E-commerce Website,1,Sad,Free Shipping Threshold,Beauty/Cosmetics,Yes
37,Female,Employed,"₹2,000 - ₹5,000",E-commerce Website,12,Stressed,Free Shipping Threshold,Food/Snacks,Yes
18,Male,Employed,"₹5,000 - ₹15,000",E-commerce Website,6,Bored,Free Shipping Threshold,Clothing,No
32,Male,Employed,"₹5,000 - ₹15,000",E-commerce Website,6,Bored,Free Shipping Threshold,Beauty/Cosmetics,No
33,Male,Student,"₹2,000 - ₹5,000",Physical In-Store,5,Neutral,Limited Time Flash Sale,Clothing,No
25,Male,Employed,"₹5,000 - ₹15,000",E-commerce Website,3,Happy,Heavy Discount,Food/Snacks,Yes
39,Male,Student,"₹2,000 - ₹5,000",E-commerce Website,6,Bored,Attractive Packaging,Clothing,No
26,Female,Employed,"₹5,000 - ₹15,000",E-commerce Website,3,Neutral,Heavy Discount,Clothing,No
29,Male,Employed,"₹5,000 - ₹15,000",E-commerce Website,3,Sad,Attractive Packaging,Clothing,No
26,Male,Employed,"₹5,000 - ₹15,000",E-commerce Website,8,Neutral,Heavy Discount,Clothing,No
28,Male,Employed,"Above ₹15,000",Quick Commerce,5,Stressed,Free Shipping Threshold,Gaming/Digital,Yes
19,Female,Student,"₹5,000 - ₹15,000",Social Media Stores,6,Neutral,Free Shipping Threshold,Clothing,No
18,Male,Self-employed,"₹5,000 - ₹15,000",Quick Commerce,7,Happy,Social Media Ad,Gaming/Digital,Yes
40,Male,Employed,"Under ₹2,000",E-commerce Website,4,Sad,Social Media Ad,Beauty/Cosmetics,Yes
21,Female,Employed,"₹5,000 - ₹15,000",E-commerce Website,7,Stressed,Limited Time Flash Sale,Beauty/Cosmetics,Yes
20,Female,Employed,"₹2,000 - ₹5,000",Quick Commerce,4,Happy,Attractive Packaging,Gaming/Digital,No
18,Male,Self-employed,"₹5,000 - ₹15,000",E-commerce Website,4,Bored,Attractive Packaging,Beauty/Cosmetics,Yes
22,Male,Employed,"₹5,000 - ₹15,000",E-commerce Website,4,Bored,Limited Time Flash Sale,Electronics,Yes
18,Male,Employed,"₹5,000 - ₹15,000",E-commerce Website,3,Neutral,Free Shipping Threshold,Food/Snacks,Yes
41,Other,Self-employed,"₹5,000 - ₹15,000",E-commerce Website,5,Sad,Social Media Ad,Food/Snacks,No
36,Male,Employed,"₹5,000 - ₹15,000",Physical In-Store,5,Neutral,Limited Time Flash Sale,Food/Snacks,Yes
22,Female,Student,"Under ₹2,000",Social Media Stores,9,Happy,Free Shipping Threshold,Food/Snacks,Yes
46,Male,Self-employed,"Under ₹2,000",Quick Commerce,6,Stressed,Heavy Discount,Beauty/Cosmetics,No
35,Female,Employed,"₹5,000 - ₹15,000",Physical In-Store,4,Neutral,Limited Time Flash Sale,Food/Snacks,Yes
25,Male,Employed,"₹2,000 - ₹5,000",Quick Commerce,7,Bored,Limited Time Flash Sale,Clothing,Yes
18,Male,Employed,"₹5,000 - ₹15,000",E-commerce Website,5,Sad,Free Shipping Threshold,Gaming/Digital,No
46,Female,Unemployed,"Under ₹2,000",E-commerce Website,6,Happy,Heavy Discount,Beauty/Cosmetics,No
18,Male,Employed,"Under ₹2,000",Social Media Stores,2,Bored,Social Media Ad,Food/Snacks,No
18,Male,Student,"₹5,000 - ₹15,000",Physical In-Store,4,Stressed,Limited Time Flash Sale,Beauty/Cosmetics,Yes
36,Female,Employed,"₹5,000 - ₹15,000",E-commerce Website,7,Happy,Limited Time Flash Sale,Food/Snacks,No
47,Other,Student,"₹2,000 - ₹5,000",Physical In-Store,6,Bored,Limited Time Flash Sale,Electronics,Yes
39,Male,Student,"₹2,000 - ₹5,000",E-commerce Website,2,Stressed,Social Media Ad,Electronics,No
32,Female,Employed,"Under ₹2,000",E-commerce Website,2,Bored,Social Media Ad,Beauty/Cosmetics,Yes
32,Other,Employed,"Under ₹2,000",Quick Commerce,5,Stressed,Heavy Discount,Electronics,No
34,Female,Employed,"Under ₹2,000",Social Media Stores,3,Neutral,Heavy Discount,Clothing,No
34,Female,Self-employed,"₹5,000 - ₹15,000",E-commerce Website,9,Happy,Attractive Packaging,Clothing,No
30,Female,Employed,"Above ₹15,000",E-commerce Website,1,Neutral,Attractive Packaging,Gaming/Digital,No
28,Male,Self-employed,"₹2,000 - ₹5,000",Quick Commerce,3,Neutral,Social Media Ad,Electronics,No
27,Female,Student,"Under ₹2,000",Social Media Stores,8,Stressed,Limited Time Flash Sale,Beauty/Cosmetics,Yes
21,Male,Self-employed,"₹5,000 - ₹15,000",E-commerce Website,0,Neutral,Social Media Ad,Beauty/Cosmetics,Yes
25,Male,Self-employed,"Above ₹15,000",E-commerce Website,6,Stressed,Attractive Packaging,Electronics,No
18,Male,Employed,"Under ₹2,000",E-commerce Website,3,Stressed,Attractive Packaging,Gaming/Digital,Yes
27,Male,Student,"₹2,000 - ₹5,000",E-commerce Website,9,Stressed,Free Shipping Threshold,Food/Snacks,Yes
20,Female,Employed,"Under ₹2,000",Social Media Stores,5,Stressed,Attractive Packaging,Food/Snacks,Yes
19,Female,Self-employed,"Under ₹2,000",E-commerce Website,9,Bored,Heavy Discount,Food/Snacks,No
29,Female,Self-employed,"₹5,000 - ₹15,000",Quick Commerce,3,Neutral,Free Shipping Threshold,Gaming/Digital,Yes
39,Male,Employed,"Above ₹15,000",E-commerce Website,4,Bored,Free Shipping Threshold,Electronics,No
35,Male,Employed,"₹5,000 - ₹15,000",E-commerce Website,2,Happy,Limited Time Flash Sale,Beauty/Cosmetics,No
18,Female,Student,"Above ₹15,000",Physical In-Store,3,Bored,Attractive Packaging,Gaming/Digital,No
20,Other,Employed,"₹2,000 - ₹5,000",E-commerce Website,3,Sad,Attractive Packaging,Gaming/Digital,No
35,Male,Unemployed,"Above ₹15,000",E-commerce Website,2,Happy,Free Shipping Threshold,Clothing,No
20,Male,Student,"₹2,000 - ₹5,000",E-commerce Website,6,Bored,Social Media Ad,Clothing,No
26,Female,Self-employed,"Under ₹2,000",Quick Commerce,2,Stressed,Heavy Discount,Electronics,No
32,Male,Self-employed,"₹5,000 - ₹15,000",E-commerce Website,2,Stressed,Attractive Packaging,Beauty/Cosmetics,Yes
20,Female,Unemployed,"₹2,000 - ₹5,000",E-commerce Website,6,Neutral,Social Media Ad,Food/Snacks,No
28,Female,Student,"₹2,000 - ₹5,000",E-commerce Website,2,Happy,Attractive Packaging,Food/Snacks,Yes
18,Male,Student,"₹5,000 - ₹15,000",E-commerce Website,8,Neutral,Social Media Ad,Food/Snacks,No
23,Male,Student,"₹2,000 - ₹5,000",E-commerce Website,5,Bored,Heavy Discount,Food/Snacks,Yes
30,Male,Employed,"₹5,000 - ₹15,000",E-commerce Website,2,Bored,Heavy Discount,Electronics,No
18,Male,Employed,"₹2,000 - ₹5,000",E-commerce Website,5,Bored,Heavy Discount,Electronics,Yes
31,Female,Student,"₹5,000 - ₹15,000",Quick Commerce,6,Neutral,Heavy Discount,Clothing,Yes
27,Female,Employed,"₹2,000 - ₹5,000",E-commerce Website,5,Bored,Limited Time Flash Sale,Food/Snacks,Yes
32,Female,Student,"₹5,000 - ₹15,000",Social Media Stores,7,Happy,Free Shipping Threshold,Food/Snacks,Yes
29,Female,Student,"Under ₹2,000",Physical In-Store,4,Bored,Attractive Packaging,Beauty/Cosmetics,Yes
38,Male,Employed,"₹5,000 - ₹15,000",E-commerce Website,6,Neutral,Attractive Packaging,Food/Snacks,No
29,Female,Student,"₹5,000 - ₹15,000",E-commerce Website,5,Stressed,Social Media Ad,Electronics,No
24,Female,Student,"Under ₹2,000",Physical In-Store,5,Happy,Limited Time Flash Sale,Clothing,No
28,Female,Employed,"₹2,000 - ₹5,000",E-commerce Website,6,Bored,Attractive Packaging,Gaming/Digital,Yes
32,Male,Self-employed,"₹2,000 - ₹5,000",E-commerce Website,6,Stressed,Heavy Discount,Food/Snacks,Yes
28,Female,Employed,"₹5,000 - ₹15,000",Quick Commerce,6,Bored,Attractive Packaging,Food/Snacks,Yes
28,Female,Employed,"₹5,000 - ₹15,000",Social Media Stores,3,Stressed,Social Media Ad,Gaming/Digital,Yes
22,Male,Employed,"₹2,000 - ₹5,000",E-commerce Website,5,Bored,Attractive Packaging,Gaming/Digital,No
22,Male,Employed,"₹5,000 - ₹15,000",E-commerce Website,5,Happy,Social Media Ad,Beauty/Cosmetics,No
18,Female,Employed,"Above ₹15,000",Physical In-Store,5,Neutral,Heavy Discount,Electronics,No
41,Male,Employed,"Under ₹2,000",Physical In-Store,3,Stressed,Social Media Ad,Food/Snacks,No
18,Female,Employed,"₹2,000 - ₹5,000",Social Media Stores,7,Neutral,Attractive Packaging,Gaming/Digital,No
22,Other,Employed,"₹5,000 - ₹15,000",Quick Commerce,2,Neutral,Attractive Packaging,Clothing,No
22,Female,Employed,"₹5,000 - ₹15,000",E-commerce Website,3,Sad,Social Media Ad,Gaming/Digital,No
35,Female,Employed,"Under ₹2,000",E-commerce Website,5,Neutral,Limited Time Flash Sale,Gaming/Digital,Yes
25,Female,Employed,"₹2,000 - ₹5,000",E-commerce Website,5,Sad,Social Media Ad,Electronics,No
37,Male,Self-employed,"Under ₹2,000",Social Media Stores,7,Bored,Attractive Packaging,Food/Snacks,Yes
22,Male,Student,"₹5,000 - ₹15,000",E-commerce Website,6,Neutral,Heavy Discount,Gaming/Digital,No
30,Female,Self-employed,"₹5,000 - ₹15,000",Quick Commerce,6,Stressed,Social Media Ad,Gaming/Digital,No
21,Female,Employed,"Under ₹2,000",Social Media Stores,5,Stressed,Heavy Discount,Food/Snacks,Yes
45,Male,Student,"₹2,000 - ₹5,000",Quick Commerce,3,Neutral,Attractive Packaging,Electronics,No
18,Male,Employed,"₹2,000 - ₹5,000",E-commerce Website,5,Happy,Attractive Packaging,Food/Snacks,Yes
30,Female,Employed,"₹5,000 - ₹15,000",E-commerce Website,3,Stressed,Free Shipping Threshold,Electronics,Yes
33,Female,Self-employed,"Under ₹2,000",Social Media Stores,5,Neutral,Attractive Packaging,Beauty/Cosmetics,No
31,Female,Employed,"₹5,000 - ₹15,000",Social Media Stores,6,Happy,Social Media Ad,Food/Snacks,No
26,Male,Employed,"₹5,000 - ₹15,000",Physical In-Store,5,Bored,Social Media Ad,Beauty/Cosmetics,No
26,Female,Employed,"₹5,000 - ₹15,000",Quick Commerce,4,Happy,Free Shipping Threshold,Electronics,No
28,Female,Student,"₹5,000 - ₹15,000",Quick Commerce,9,Neutral,Social Media Ad,Gaming/Digital,Yes
26,Female,Employed,"₹2,000 - ₹5,000",E-commerce Website,3,Bored,Limited Time Flash Sale,Clothing,Yes
35,Female,Employed,"₹5,000 - ₹15,000",E-commerce Website,3,Stressed,Attractive Packaging,Electronics,Yes
45,Male,Employed,"₹5,000 - ₹15,000",E-commerce Website,6,Bored,Attractive Packaging,Gaming/Digital,No
23,Other,Employed,"₹5,000 - ₹15,000",Quick Commerce,3,Bored,Free Shipping Threshold,Clothing,Yes
18,Male,Unemployed,"Under ₹2,000",Social Media Stores,5,Bored,Attractive Packaging,Beauty/Cosmetics,Yes
27,Male,Employed,"Under ₹2,000",E-commerce Website,3,Happy,Limited Time Flash Sale,Gaming/Digital,Yes
48,Female,Self-employed,"₹5,000 - ₹15,000",Physical In-Store,4,Neutral,Attractive Packaging,Food/Snacks,No
21,Female,Student,"Above ₹15,000",E-commerce Website,5,Bored,Social Media Ad,Food/Snacks,Yes
41,Female,Student,"₹5,000 - ₹15,000",Physical In-Store,8,Sad,Attractive Packaging,Food/Snacks,No
41,Female,Employed,"₹5,000 - ₹15,000",E-commerce Website,4,Happy,Limited Time Flash Sale,Gaming/Digital,No
23,Male,Student,"₹5,000 - ₹15,000",Social Media Stores,4,Bored,Social Media Ad,Electronics,Yes
32,Female,Employed,"₹2,000 - ₹5,000",Social Media Stores,2,Happy,Social Media Ad,Beauty/Cosmetics,No
41,Male,Employed,"₹5,000 - ₹15,000",E-commerce Website,6,Happy,Limited Time Flash Sale,Gaming/Digital,No
24,Female,Employed,"₹5,000 - ₹15,000",Social Media Stores,4,Bored,Free Shipping Threshold,Clothing,No
26,Male,Employed,"₹5,000 - ₹15,000",E-commerce Website,4,Bored,Free Shipping Threshold,Gaming/Digital,No
23,Female,Unemployed,"Above ₹15,000",E-commerce Website,8,Stressed,Attractive Packaging,Gaming/Digital,Yes
19,Male,Self-employed,"₹2,000 - ₹5,000",Social Media Stores,7,Stressed,Heavy Discount,Beauty/Cosmetics,Yes
22,Female,Student,"Under ₹2,000",E-commerce Website,5,Stressed,Social Media Ad,Electronics,Yes
18,Female,Employed,"Above ₹15,000",E-commerce Website,10,Sad,Limited Time Flash Sale,Electronics,Yes
28,Female,Student,"Under ₹2,000",E-commerce Website,4,Sad,Limited Time Flash Sale,Electronics,Yes
21,Female,Student,"₹5,000 - ₹15,000",E-commerce Website,4,Neutral,Social Media Ad,Electronics,No
29,Female,Employed,"Above ₹15,000",Quick Commerce,7,Bored,Limited Time Flash Sale,Beauty/Cosmetics,Yes
18,Female,Employed,"₹2,000 - ₹5,000",E-commerce Website,6,Neutral,Free Shipping Threshold,Clothing,No
30,Female,Student,"₹5,000 - ₹15,000",E-commerce Website,3,Sad,Free Shipping Threshold,Gaming/Digital,No
34,Male,Employed,"₹2,000 - ₹5,000",Quick Commerce,5,Sad,Social Media Ad,Food/Snacks,Yes
18,Male,Employed,"₹5,000 - ₹15,000",Physical In-Store,4,Neutral,Free Shipping Threshold,Electronics,No
30,Male,Student,"Under ₹2,000",E-commerce Website,4,Bored,Social Media Ad,Beauty/Cosmetics,Yes
37,Male,Employed,"₹5,000 - ₹15,000",E-commerce Website,5,Neutral,Attractive Packaging,Gaming/Digital,No
18,Male,Self-employed,"₹5,000 - ₹15,000",Quick Commerce,7,Happy,Heavy Discount,Electronics,No
41,Female,Employed,"₹2,000 - ₹5,000",Social Media Stores,4,Bored,Limited Time Flash Sale,Electronics,No
31,Male,Employed,"₹5,000 - ₹15,000",E-commerce Website,4,Neutral,Limited Time Flash Sale,Gaming/Digital,No
22,Male,Student,"Above ₹15,000",Social Media Stores,6,Stressed,Limited Time Flash Sale,Beauty/Cosmetics,Yes
27,Male,Student,"₹5,000 - ₹15,000",E-commerce Website,3,Stressed,Limited Time Flash Sale,Electronics,Yes
32,Female,Student,"Above ₹15,000",E-commerce Website,6,Happy,Heavy Discount,Clothing,Yes
28,Female,Self-employed,"₹2,000 - ₹5,000",Social Media Stores,2,Happy,Limited Time Flash Sale,Gaming/Digital,No
32,Male,Student,"₹5,000 - ₹15,000",E-commerce Website,4,Bored,Social Media Ad,Gaming/Digital,Yes
20,Female,Student,"₹2,000 - ₹5,000",Social Media Stores,5,Sad,Limited Time Flash Sale,Beauty/Cosmetics,Yes
29,Male,Student,"Above ₹15,000",Physical In-Store,2,Stressed,Heavy Discount,Beauty/Cosmetics,No
18,Other,Employed,"Under ₹2,000",E-commerce Website,4,Happy,Heavy Discount,Electronics,No
27,Female,Student,"₹2,000 - ₹5,000",E-commerce Website,5,Stressed,Free Shipping Threshold,Gaming/Digital,Yes
20,Male,Employed,"₹2,000 - ₹5,000",E-commerce Website,8,Stressed,Limited Time Flash Sale,Gaming/Digital,No
22,Female,Employed,"₹2,000 - ₹5,000",E-commerce Website,5,Bored,Social Media Ad,Gaming/Digital,No
37,Female,Employed,"Above ₹15,000",E-commerce Website,3,Happy,Free Shipping Threshold,Gaming/Digital,No
36,Male,Student,"₹2,000 - ₹5,000",Social Media Stores,6,Bored,Heavy Discount,Beauty/Cosmetics,No
32,Female,Student,"Above ₹15,000",Physical In-Store,1,Stressed,Attractive Packaging,Beauty/Cosmetics,No
19,Male,Employed,"₹2,000 - ₹5,000",E-commerce Website,2,Bored,Attractive Packaging,Beauty/Cosmetics,No
25,Male,Unemployed,"Above ₹15,000",E-commerce Website,7,Stressed,Heavy Discount,Gaming/Digital,No
37,Male,Employed,"₹5,000 - ₹15,000",E-commerce Website,5,Neutral,Heavy Discount,Gaming/Digital,No
29,Male,Student,"₹2,000 - ₹5,000",Quick Commerce,6,Happy,Limited Time Flash Sale,Gaming/Digital,Yes
46,Male,Student,"₹2,000 - ₹5,000",Physical In-Store,6,Stressed,Limited Time Flash Sale,Clothing,No
31,Female,Employed,"₹2,000 - ₹5,000",Quick Commerce,6,Happy,Limited Time Flash Sale,Beauty/Cosmetics,No
29,Male,Employed,"₹2,000 - ₹5,000",Social Media Stores,6,Neutral,Heavy Discount,Beauty/Cosmetics,No
25,Male,Employed,"₹2,000 - ₹5,000",E-commerce Website,1,Stressed,Social Media Ad,Food/Snacks,No
29,Female,Employed,"Under ₹2,000",Quick Commerce,1,Neutral,Heavy Discount,Food/Snacks,No
26,Female,Self-employed,"₹2,000 - ₹5,000",Social Media Stores,9,Bored,Limited Time Flash Sale,Beauty/Cosmetics,Yes
33,Other,Self-employed,"₹5,000 - ₹15,000",Quick Commerce,6,Neutral,Heavy Discount,Food/Snacks,Yes
35,Female,Employed,"₹2,000 - ₹5,000",E-commerce Website,6,Neutral,Social Media Ad,Clothing,No
21,Other,Employed,"₹5,000 - ₹15,000",E-commerce Website,1,Happy,Heavy Discount,Electronics,Yes
18,Female,Employed,"Above ₹15,000",E-commerce Website,7,Stressed,Limited Time Flash Sale,Beauty/Cosmetics,Yes
18,Other,Employed,"₹2,000 - ₹5,000",Physical In-Store,4,Stressed,Heavy Discount,Gaming/Digital,No
32,Female,Employed,"₹2,000 - ₹5,000",Quick Commerce,7,Neutral,Social Media Ad,Clothing,Yes
19,Male,Employed,"Under ₹2,000",Social Media Stores,6,Bored,Attractive Packaging,Food/Snacks,Yes
18,Male,Student,"₹2,000 - ₹5,000",Social Media Stores,7,Neutral,Social Media Ad,Clothing,Yes
31,Female,Employed,"₹5,000 - ₹15,000",Quick Commerce,8,Bored,Attractive Packaging,Clothing,Yes
47,Male,Employed,"₹2,000 - ₹5,000",Quick Commerce,2,Neutral,Free Shipping Threshold,Beauty/Cosmetics,Yes
27,Male,Employed,"Under ₹2,000",E-commerce Website,6,Neutral,Social Media Ad,Clothing,Yes
34,Female,Student,"₹2,000 - ₹5,000",Social Media Stores,1,Happy,Social Media Ad,Clothing,No
28,Female,Employed,"₹5,000 - ₹15,000",E-commerce Website,5,Neutral,Heavy Discount,Food/Snacks,No
27,Male,Student,"₹5,000 - ₹15,000",E-commerce Website,2,Bored,Heavy Discount,Clothing,No
35,Female,Self-employed,"Above ₹15,000",Quick Commerce,3,Neutral,Limited Time Flash Sale,Electronics,Yes
25,Female,Employed,"Above ₹15,000",Quick Commerce,3,Sad,Heavy Discount,Electronics,Yes
30,Other,Student,"Under ₹2,000",Social Media Stores,2,Bored,Social Media Ad,Clothing,Yes
30,Female,Student,"Under ₹2,000",E-commerce Website,5,Happy,Heavy Discount,Food/Snacks,No
22,Female,Employed,"₹2,000 - ₹5,000",Social Media Stores,2,Neutral,Free Shipping Threshold,Food/Snacks,No
35,Female,Student,"₹5,000 - ₹15,000",E-commerce Website,9,Bored,Heavy Discount,Beauty/Cosmetics,No
26,Male,Unemployed,"₹5,000 - ₹15,000",E-commerce Website,6,Sad,Attractive Packaging,Electronics,Yes
21,Female,Employed,"Under ₹2,000",E-commerce Website,4,Neutral,Heavy Discount,Gaming/Digital,Yes
32,Female,Student,"Under ₹2,000",E-commerce Website,3,Stressed,Social Media Ad,Gaming/Digital,No
20,Female,Employed,"Under ₹2,000",E-commerce Website,5,Stressed,Free Shipping Threshold,Electronics,No
28,Female,Student,"Above ₹15,000",Social Media Stores,8,Stressed,Heavy Discount,Electronics,No
27,Male,Self-employed,"Above ₹15,000",Physical In-Store,11,Bored,Free Shipping Threshold,Food/Snacks,No
36,Female,Employed,"Under ₹2,000",Social Media Stores,9,Neutral,Attractive Packaging,Electronics,No
31,Male,Unemployed,"₹2,000 - ₹5,000",Physical In-Store,6,Sad,Social Media Ad,Food/Snacks,No
27,Male,Employed,"Under ₹2,000",E-commerce Website,4,Bored,Free Shipping Threshold,Food/Snacks,Yes
34,Male,Self-employed,"Above ₹15,000",E-commerce Website,3,Neutral,Free Shipping Threshold,Gaming/Digital,Yes
39,Male,Student,"Above ₹15,000",Social Media Stores,4,Bored,Heavy Discount,Beauty/Cosmetics,Yes
32,Female,Employed,"₹2,000 - ₹5,000",Social Media Stores,3,Neutral,Free Shipping Threshold,Electronics,No
28,Male,Employed,"₹2,000 - ₹5,000",E-commerce Website,7,Happy,Attractive Packaging,Beauty/Cosmetics,Yes
18,Male,Employed,"₹2,000 - ₹5,000",Physical In-Store,4,Happy,Social Media Ad,Clothing,No
19,Other,Student,"₹5,000 - ₹15,000",Social Media Stores,5,Happy,Attractive Packaging,Gaming/Digital,Yes
25,Male,Employed,"₹5,000 - ₹15,000",E-commerce Website,2,Bored,Heavy Discount,Electronics,Yes
23,Male,Student,"₹5,000 - ₹15,000",E-commerce Website,5,Sad,Attractive Packaging,Electronics,No
26,Male,Employed,"Above ₹15,000",E-commerce Website,5,Sad,Social Media Ad,Beauty/Cosmetics,Yes
28,Male,Employed,"Under ₹2,000",E-commerce Website,3,Happy,Heavy Discount,Clothing,Yes
32,Male,Employed,"₹5,000 - ₹15,000",E-commerce Website,6,Neutral,Social Media Ad,Food/Snacks,No
27,Male,Student,"₹2,000 - ₹5,000",E-commerce Website,4,Happy,Free Shipping Threshold,Beauty/Cosmetics,No
31,Female,Employed,"₹2,000 - ₹5,000",E-commerce Website,7,Sad,Free Shipping Threshold,Gaming/Digital,No
28,Male,Student,"₹5,000 - ₹15,000",E-commerce Website,7,Stressed,Heavy Discount,Clothing,No
18,Male,Unemployed,"Above ₹15,000",E-commerce Website,4,Neutral,Social Media Ad,Beauty/Cosmetics,Yes
20,Female,Student,"₹5,000 - ₹15,000",Quick Commerce,4,Neutral,Heavy Discount,Electronics,Yes
26,Male,Self-employed,"₹5,000 - ₹15,000",E-commerce Website,4,Happy,Social Media Ad,Beauty/Cosmetics,No
18,Female,Employed,"₹5,000 - ₹15,000",E-commerce Website,4,Sad,Free Shipping Threshold,Gaming/Digital,No
32,Female,Employed,"₹2,000 - ₹5,000",Physical In-Store,6,Bored,Heavy Discount,Gaming/Digital,No
40,Male,Student,"₹5,000 - ₹15,000",E-commerce Website,5,Happy,Attractive Packaging,Gaming/Digital,Yes
37,Female,Employed,"₹5,000 - ₹15,000",Social Media Stores,2,Bored,Free Shipping Threshold,Beauty/Cosmetics,Yes
26,Male,Employed,"₹5,000 - ₹15,000",E-commerce Website,4,Neutral,Attractive Packaging,Gaming/Digital,No
39,Male,Employed,"₹5,000 - ₹15,000",Quick Commerce,7,Sad,Limited Time Flash Sale,Food/Snacks,Yes
29,Female,Student,"₹5,000 - ₹15,000",Social Media Stores,5,Neutral,Heavy Discount,Gaming/Digital,No
25,Female,Self-employed,"₹5,000 - ₹15,000",Quick Commerce,6,Neutral,Social Media Ad,Clothing,Yes
23,Female,Unemployed,"₹2,000 - ₹5,000",Physical In-Store,6,Bored,Free Shipping Threshold,Electronics,Yes
25,Female,Employed,"₹5,000 - ₹15,000",E-commerce Website,2,Happy,Free Shipping Threshold,Beauty/Cosmetics,No
24,Male,Employed,"₹5,000 - ₹15,000",E-commerce Website,5,Happy,Free Shipping Threshold,Beauty/Cosmetics,Yes
29,Female,Employed,"₹2,000 - ₹5,000",Social Media Stores,5,Neutral,Heavy Discount,Gaming/Digital,Yes
29,Female,Employed,"₹5,000 - ₹15,000",E-commerce Website,2,Happy,Attractive Packaging,Beauty/Cosmetics,No
28,Other,Student,"Under ₹2,000",Social Media Stores,9,Happy,Social Media Ad,Beauty/Cosmetics,No
31,Female,Employed,"Under ₹2,000",E-commerce Website,3,Sad,Social Media Ad,Clothing,No
37,Female,Self-employed,"₹5,000 - ₹15,000",E-commerce Website,6,Happy,Social Media Ad,Beauty/Cosmetics,Yes
35,Male,Student,"Above ₹15,000",E-commerce Website,4,Sad,Limited Time Flash Sale,Electronics,No
18,Female,Employed,"Under ₹2,000",E-commerce Website,8,Happy,Social Media Ad,Beauty/Cosmetics,No
18,Male,Self-employed,"₹5,000 - ₹15,000",E-commerce Website,5,Sad,Heavy Discount,Clothing,No
35,Male,Student,"₹5,000 - ₹15,000",E-commerce Website,0,Neutral,Limited Time Flash Sale,Food/Snacks,No
18,Female,Student,"Above ₹15,000",Physical In-Store,7,Bored,Attractive Packaging,Food/Snacks,Yes
26,Male,Employed,"₹5,000 - ₹15,000",Social Media Stores,5,Bored,Free Shipping Threshold,Beauty/Cosmetics,Yes
18,Other,Student,"Above ₹15,000",E-commerce Website,4,Happy,Attractive Packaging,Clothing,No
18,Male,Student,"₹5,000 - ₹15,000",Physical In-Store,5,Bored,Limited Time Flash Sale,Food/Snacks,Yes
32,Female,Employed,"₹5,000 - ₹15,000",E-commerce Website,7,Bored,Limited Time Flash Sale,Clothing,Yes
34,Male,Employed,"Under ₹2,000",Quick Commerce,4,Sad,Free Shipping Threshold,Food/Snacks,No
23,Male,Self-employed,"₹2,000 - ₹5,000",E-commerce Website,8,Stressed,Attractive Packaging,Clothing,Yes
18,Male,Employed,"₹2,000 - ₹5,000",Quick Commerce,6,Bored,Limited Time Flash Sale,Beauty/Cosmetics,Yes
23,Female,Employed,"₹5,000 - ₹15,000",E-commerce Website,8,Happy,Attractive Packaging,Food/Snacks,No
31,Male,Employed,"Under ₹2,000",Quick Commerce,9,Bored,Heavy Discount,Gaming/Digital,Yes
18,Female,Unemployed,"Under ₹2,000",E-commerce Website,11,Stressed,Attractive Packaging,Beauty/Cosmetics,Yes
29,Male,Student,"Above ₹15,000",E-commerce Website,6,Bored,Heavy Discount,Beauty/Cosmetics,No
27,Male,Student,"₹5,000 - ₹15,000",Social Media Stores,9,Bored,Limited Time Flash Sale,Clothing,Yes
32,Male,Unemployed,"Above ₹15,000",Quick Commerce,5,Bored,Attractive Packaging,Beauty/Cosmetics,Yes
28,Male,Unemployed,"Under ₹2,000",Quick Commerce,7,Sad,Attractive Packaging,Food/Snacks,No
20,Female,Student,"₹2,000 - ₹5,000",E-commerce Website,3,Neutral,Limited Time Flash Sale,Beauty/Cosmetics,Yes
37,Female,Student,"₹2,000 - ₹5,000",Physical In-Store,0,Stressed,Heavy Discount,Beauty/Cosmetics,Yes
26,Male,Employed,"Under ₹2,000",E-commerce Website,3,Bored,Heavy Discount,Clothing,No
27,Female,Student,"₹2,000 - ₹5,000",Physical In-Store,8,Neutral,Social Media Ad,Beauty/Cosmetics,Yes
20,Female,Employed,"₹2,000 - ₹5,000",E-commerce Website,7,Neutral,Attractive Packaging,Electronics,No
24,Male,Student,"Under ₹2,000",E-commerce Website,1,Bored,Limited Time Flash Sale,Electronics,Yes
20,Male,Student,"₹5,000 - ₹15,000",E-commerce Website,1,Bored,Limited Time Flash Sale,Food/Snacks,Yes
26,Female,Employed,"₹2,000 - ₹5,000",Quick Commerce,3,Bored,Limited Time Flash Sale,Clothing,Yes
41,Male,Unemployed,"Under ₹2,000",E-commerce Website,4,Neutral,Attractive Packaging,Food/Snacks,No
18,Male,Employed,"₹5,000 - ₹15,000",E-commerce Website,3,Neutral,Free Shipping Threshold,Beauty/Cosmetics,No
18,Male,Employed,"₹5,000 - ₹15,000",E-commerce Website,4,Bored,Limited Time Flash Sale,Clothing,Yes
39,Female,Unemployed,"₹5,000 - ₹15,000",E-commerce Website,5,Bored,Limited Time Flash Sale,Gaming/Digital,Yes
26,Male,Employed,"₹2,000 - ₹5,000",E-commerce Website,5,Bored,Free Shipping Threshold,Clothing,No
22,Male,Employed,"Above ₹15,000",E-commerce Website,3,Bored,Limited Time Flash Sale,Beauty/Cosmetics,Yes
36,Male,Employed,"Above ₹15,000",Quick Commerce,6,Neutral,Attractive Packaging,Electronics,No
23,Male,Student,"₹5,000 - ₹15,000",E-commerce Website,7,Stressed,Free Shipping Threshold,Beauty/Cosmetics,Yes
42,Male,Employed,"₹2,000 - ₹5,000",E-commerce Website,3,Stressed,Social Media Ad,Electronics,No
33,Female,Employed,"Under ₹2,000",E-commerce Website,3,Bored,Free Shipping Threshold,Clothing,No
24,Male,Student,"₹5,000 - ₹15,000",E-commerce Website,3,Happy,Heavy Discount,Beauty/Cosmetics,No
45,Female,Student,"₹5,000 - ₹15,000",E-commerce Website,5,Stressed,Social Media Ad,Food/Snacks,No
23,Male,Employed,"Above ₹15,000",E-commerce Website,5,Bored,Limited Time Flash Sale,Clothing,Yes
33,Female,Employed,"₹5,000 - ₹15,000",E-commerce Website,8,Neutral,Limited Time Flash Sale,Beauty/Cosmetics,No
30,Female,Student,"Above ₹15,000",Social Media Stores,3,Bored,Attractive Packaging,Clothing,Yes
38,Male,Student,"Above ₹15,000",Social Media Stores,6,Bored,Limited Time Flash Sale,Clothing,No
40,Female,Self-employed,"Above ₹15,000",E-commerce Website,5,Happy,Heavy Discount,Beauty/Cosmetics,No
28,Female,Employed,"₹2,000 - ₹5,000",Social Media Stores,5,Happy,Social Media Ad,Clothing,No
21,Female,Student,"Under ₹2,000",E-commerce Website,6,Sad,Attractive Packaging,Gaming/Digital,No
31,Male,Employed,"₹5,000 - ₹15,000",E-commerce Website,9,Bored,Heavy Discount,Beauty/Cosmetics,No
22,Other,Student,"₹5,000 - ₹15,000",E-commerce Website,3,Stressed,Social Media Ad,Gaming/Digital,No
44,Female,Employed,"₹2,000 - ₹5,000",E-commerce Website,4,Stressed,Attractive Packaging,Electronics,No
29,Other,Employed,"₹5,000 - ₹15,000",Physical In-Store,3,Neutral,Free Shipping Threshold,Clothing,No
25,Female,Employed,"₹5,000 - ₹15,000",Social Media Stores,7,Stressed,Limited Time Flash Sale,Electronics,No
29,Female,Employed,"Under ₹2,000",Social Media Stores,1,Stressed,Limited Time Flash Sale,Electronics,Yes
18,Female,Student,"₹5,000 - ₹15,000",Quick Commerce,3,Happy,Heavy Discount,Electronics,Yes
20,Female,Employed,"Above ₹15,000",E-commerce Website,3,Bored,Limited Time Flash Sale,Clothing,Yes
37,Other,Student,"₹5,000 - ₹15,000",Physical In-Store,4,Neutral,Attractive Packaging,Electronics,No
22,Male,Employed,"₹5,000 - ₹15,000",Physical In-Store,3,Stressed,Social Media Ad,Electronics,Yes
19,Female,Self-employed,"Under ₹2,000",Quick Commerce,7,Neutral,Social Media Ad,Beauty/Cosmetics,Yes
32,Male,Employed,"₹5,000 - ₹15,000",Social Media Stores,4,Neutral,Social Media Ad,Electronics,No
37,Female,Unemployed,"Above ₹15,000",Quick Commerce,13,Bored,Social Media Ad,Food/Snacks,No
33,Male,Student,"₹2,000 - ₹5,000",E-commerce Website,8,Bored,Social Media Ad,Clothing,Yes
35,Male,Employed,"₹2,000 - ₹5,000",E-commerce Website,3,Sad,Limited Time Flash Sale,Beauty/Cosmetics,Yes
21,Female,Student,"₹5,000 - ₹15,000",E-commerce Website,7,Bored,Social Media Ad,Gaming/Digital,Yes
18,Male,Employed,"Above ₹15,000",Quick Commerce,5,Stressed,Heavy Discount,Food/Snacks,Yes
40,Female,Student,"Under ₹2,000",Quick Commerce,0,Bored,Limited Time Flash Sale,Gaming/Digital,Yes
25,Female,Student,"₹2,000 - ₹5,000",E-commerce Website,5,Happy,Social Media Ad,Food/Snacks,No
25,Male,Student,"Under ₹2,000",E-commerce Website,7,Bored,Attractive Packaging,Beauty/Cosmetics,No
38,Male,Employed,"₹2,000 - ₹5,000",Social Media Stores,12,Bored,Free Shipping Threshold,Food/Snacks,No
32,Female,Student,"₹5,000 - ₹15,000",Physical In-Store,7,Stressed,Social Media Ad,Clothing,No
31,Male,Self-employed,"Above ₹15,000",Quick Commerce,0,Bored,Social Media Ad,Clothing,Yes
45,Female,Student,"₹2,000 - ₹5,000",E-commerce Website,10,Stressed,Limited Time Flash Sale,Clothing,No
22,Other,Student,"₹5,000 - ₹15,000",E-commerce Website,6,Bored,Limited Time Flash Sale,Food/Snacks,Yes
35,Male,Employed,"Above ₹15,000",Social Media Stores,3,Neutral,Free Shipping Threshold,Beauty/Cosmetics,No
28,Male,Unemployed,"₹2,000 - ₹5,000",Social Media Stores,3,Happy,Heavy Discount,Electronics,Yes
30,Female,Student,"₹5,000 - ₹15,000",E-commerce Website,5,Stressed,Heavy Discount,Beauty/Cosmetics,Yes
40,Female,Student,"₹5,000 - ₹15,000",Quick Commerce,5,Stressed,Heavy Discount,Beauty/Cosmetics,Yes
32,Male,Employed,"₹2,000 - ₹5,000",Quick Commerce,4,Bored,Social Media Ad,Gaming/Digital,Yes
32,Male,Employed,"Under ₹2,000",E-commerce Website,3,Happy,Limited Time Flash Sale,Beauty/Cosmetics,No
36,Female,Employed,"₹5,000 - ₹15,000",E-commerce Website,8,Happy,Social Media Ad,Electronics,Yes
25,Other,Student,"₹2,000 - ₹5,000",E-commerce Website,6,Neutral,Limited Time Flash Sale,Food/Snacks,Yes
21,Male,Employed,"₹2,000 - ₹5,000",E-commerce Website,7,Happy,Free Shipping Threshold,Food/Snacks,No
19,Male,Student,"Above ₹15,000",Quick Commerce,9,Happy,Heavy Discount,Electronics,Yes
18,Other,Employed,"₹5,000 - ₹15,000",E-commerce Website,5,Bored,Heavy Discount,Food/Snacks,Yes
44,Female,Employed,"Above ₹15,000",E-commerce Website,6,Happy,Limited Time Flash Sale,Clothing,Yes
19,Female,Employed,"Under ₹2,000",Quick Commerce,5,Happy,Attractive Packaging,Food/Snacks,Yes
26,Female,Employed,"Above ₹15,000",E-commerce Website,4,Neutral,Limited Time Flash Sale,Clothing,No
25,Other,Self-employed,"₹5,000 - ₹15,000",Social Media Stores,5,Sad,Limited Time Flash Sale,Electronics,Yes
30,Female,Student,"₹5,000 - ₹15,000",E-commerce Website,4,Happy,Attractive Packaging,Electronics,No
34,Female,Student,"₹2,000 - ₹5,000",Quick Commerce,9,Bored,Limited Time Flash Sale,Beauty/Cosmetics,Yes
34,Female,Employed,"₹2,000 - ₹5,000",Social Media Stores,5,Sad,Heavy Discount,Food/Snacks,Yes
23,Female,Employed,"₹5,000 - ₹15,000",Quick Commerce,7,Stressed,Social Media Ad,Gaming/Digital,Yes
26,Male,Student,"₹5,000 - ₹15,000",Quick Commerce,5,Stressed,Limited Time Flash Sale,Food/Snacks,Yes
30,Male,Employed,"₹5,000 - ₹15,000",Physical In-Store,4,Sad,Attractive Packaging,Beauty/Cosmetics,Yes
26,Female,Employed,"Under ₹2,000",E-commerce Website,7,Stressed,Heavy Discount,Food/Snacks,Yes
40,Male,Employed,"Above ₹15,000",Social Media Stores,3,Stressed,Heavy Discount,Gaming/Digital,Yes
31,Female,Self-employed,"Above ₹15,000",Quick Commerce,4,Stressed,Heavy Discount,Food/Snacks,Yes
33,Male,Employed,"₹5,000 - ₹15,000",E-commerce Website,5,Sad,Free Shipping Threshold,Gaming/Digital,Yes
33,Female,Student,"Under ₹2,000",Quick Commerce,3,Neutral,Social Media Ad,Gaming/Digital,No
37,Male,Employed,"₹5,000 - ₹15,000",E-commerce Website,5,Bored,Attractive Packaging,Beauty/Cosmetics,No
29,Female,Employed,"₹5,000 - ₹15,000",Quick Commerce,4,Stressed,Free Shipping Threshold,Gaming/Digital,Yes
18,Female,Student,"₹5,000 - ₹15,000",E-commerce Website,2,Neutral,Attractive Packaging,Electronics,No
31,Male,Employed,"₹5,000 - ₹15,000",E-commerce Website,4,Happy,Social Media Ad,Gaming/Digital,No
22,Female,Unemployed,"Under ₹2,000",E-commerce Website,6,Bored,Limited Time Flash Sale,Electronics,Yes
23,Male,Student,"₹5,000 - ₹15,000",E-commerce Website,4,Neutral,Attractive Packaging,Electronics,No
32,Male,Student,"₹2,000 - ₹5,000",E-commerce Website,5,Stressed,Free Shipping Threshold,Clothing,No
37,Male,Student,"Above ₹15,000",E-commerce Website,9,Happy,Attractive Packaging,Clothing,Yes
28,Male,Employed,"₹2,000 - ₹5,000",E-commerce Website,3,Stressed,Social Media Ad,Electronics,Yes
30,Other,Self-employed,"₹2,000 - ₹5,000",Social Media Stores,4,Bored,Attractive Packaging,Gaming/Digital,No
41,Male,Employed,"Above ₹15,000",E-commerce Website,7,Happy,Limited Time Flash Sale,Gaming/Digital,Yes
29,Female,Employed,"Under ₹2,000",E-commerce Website,3,Bored,Social Media Ad,Gaming/Digital,Yes
48,Male,Employed,"₹5,000 - ₹15,000",Quick Commerce,2,Bored,Heavy Discount,Clothing,Yes
32,Female,Employed,"₹2,000 - ₹5,000",Social Media Stores,3,Neutral,Free Shipping Threshold,Clothing,Yes
18,Male,Employed,"₹5,000 - ₹15,000",Physical In-Store,5,Happy,Limited Time Flash Sale,Electronics,Yes
34,Female,Student,"₹5,000 - ₹15,000",Quick Commerce,4,Neutral,Free Shipping Threshold,Gaming/Digital,No
31,Female,Employed,"₹2,000 - ₹5,000",Quick Commerce,4,Stressed,Limited Time Flash Sale,Food/Snacks,No
38,Female,Employed,"Above ₹15,000",Quick Commerce,7,Happy,Heavy Discount,Electronics,Yes
33,Male,Student,"Under ₹2,000",Quick Commerce,7,Bored,Heavy Discount,Beauty/Cosmetics,Yes
26,Female,Employed,"₹2,000 - ₹5,000",Social Media Stores,5,Stressed,Heavy Discount,Electronics,Yes
18,Male,Unemployed,"₹2,000 - ₹5,000",E-commerce Website,5,Bored,Limited Time Flash Sale,Clothing,Yes
26,Male,Employed,"₹5,000 - ₹15,000",Social Media Stores,1,Stressed,Free Shipping Threshold,Electronics,Yes
21,Male,Unemployed,"₹2,000 - ₹5,000",Social Media Stores,4,Stressed,Attractive Packaging,Gaming/Digital,Yes
23,Male,Student,"Under ₹2,000",E-commerce Website,5,Bored,Free Shipping Threshold,Clothing,No
32,Female,Employed,"Above ₹15,000",E-commerce Website,6,Neutral,Attractive Packaging,Clothing,No
41,Female,Student,"₹2,000 - ₹5,000",E-commerce Website,7,Stressed,Limited Time Flash Sale,Food/Snacks,Yes
31,Male,Student,"₹2,000 - ₹5,000",Social Media Stores,4,Bored,Limited Time Flash Sale,Gaming/Digital,No
18,Male,Employed,"₹2,000 - ₹5,000",E-commerce Website,5,Stressed,Social Media Ad,Gaming/Digital,Yes
31,Male,Employed,"₹2,000 - ₹5,000",E-commerce Website,4,Happy,Attractive Packaging,Beauty/Cosmetics,Yes
37,Female,Employed,"Under ₹2,000",Quick Commerce,5,Happy,Free Shipping Threshold,Food/Snacks,No
23,Female,Employed,"Under ₹2,000",E-commerce Website,3,Happy,Attractive Packaging,Food/Snacks,No
26,Male,Employed,"Under ₹2,000",Quick Commerce,2,Neutral,Heavy Discount,Beauty/Cosmetics,Yes
28,Female,Self-employed,"Under ₹2,000",E-commerce Website,3,Bored,Limited Time Flash Sale,Electronics,Yes
21,Female,Employed,"₹2,000 - ₹5,000",E-commerce Website,9,Neutral,Heavy Discount,Beauty/Cosmetics,Yes
33,Female,Student,"₹5,000 - ₹15,000",Physical In-Store,7,Stressed,Heavy Discount,Beauty/Cosmetics,Yes
27,Female,Student,"₹5,000 - ₹15,000",E-commerce Website,5,Stressed,Heavy Discount,Gaming/Digital,No
31,Female,Employed,"Under ₹2,000",E-commerce Website,6,Happy,Attractive Packaging,Gaming/Digital,Yes
20,Female,Employed,"Above ₹15,000",Quick Commerce,6,Happy,Limited Time Flash Sale,Electronics,Yes
24,Male,Student,"₹5,000 - ₹15,000",Social Media Stores,4,Bored,Free Shipping Threshold,Food/Snacks,Yes
33,Male,Student,"Above ₹15,000",Quick Commerce,4,Happy,Free Shipping Threshold,Gaming/Digital,Yes
25,Male,Student,"₹2,000 - ₹5,000",E-commerce Website,2,Bored,Limited Time Flash Sale,Food/Snacks,Yes
41,Female,Employed,"₹5,000 - ₹15,000",E-commerce Website,7,Stressed,Heavy Discount,Electronics,Yes
24,Female,Student,"Under ₹2,000",E-commerce Website,7,Happy,Attractive Packaging,Electronics,No
29,Male,Student,"₹5,000 - ₹15,000",E-commerce Website,4,Sad,Free Shipping Threshold,Gaming/Digital,No
35,Male,Employed,"Under ₹2,000",Social Media Stores,4,Neutral,Limited Time Flash Sale,Clothing,Yes
18,Female,Employed,"₹2,000 - ₹5,000",E-commerce Website,5,Sad,Attractive Packaging,Beauty/Cosmetics,No
18,Female,Employed,"₹2,000 - ₹5,000",Quick Commerce,6,Happy,Limited Time Flash Sale,Food/Snacks,No
18,Female,Employed,"₹5,000 - ₹15,000",Social Media Stores,4,Bored,Limited Time Flash Sale,Beauty/Cosmetics,Yes
38,Female,Student,"₹5,000 - ₹15,000",Quick Commerce,5,Sad,Free Shipping Threshold,Electronics,No
23,Female,Self-employed,"Under ₹2,000",Social Media Stores,6,Neutral,Attractive Packaging,Clothing,Yes
48,Male,Employed,"₹2,000 - ₹5,000",E-commerce Website,5,Neutral,Free Shipping Threshold,Food/Snacks,No
23,Male,Unemployed,"Above ₹15,000",Social Media Stores,4,Stressed,Social Media Ad,Clothing,Yes
29,Male,Unemployed,"Above ₹15,000",E-commerce Website,9,Happy,Limited Time Flash Sale,Food/Snacks,No
40,Female,Employed,"₹5,000 - ₹15,000",E-commerce Website,5,Neutral,Social Media Ad,Beauty/Cosmetics,Yes
44,Male,Student,"₹5,000 - ₹15,000",E-commerce Website,8,Bored,Limited Time Flash Sale,Food/Snacks,Yes
44,Female,Employed,"Under ₹2,000",E-commerce Website,7,Happy,Heavy Discount,Clothing,No
37,Female,Student,"₹2,000 - ₹5,000",E-commerce Website,6,Bored,Heavy Discount,Clothing,Yes
36,Male,Self-employed,"₹2,000 - ₹5,000",E-commerce Website,5,Bored,Social Media Ad,Electronics,No
32,Female,Employed,"₹2,000 - ₹5,000",E-commerce Website,12,Stressed,Social Media Ad,Food/Snacks,No
34,Male,Unemployed,"₹5,000 - ₹15,000",Quick Commerce,6,Bored,Heavy Discount,Beauty/Cosmetics,Yes
23,Male,Employed,"₹2,000 - ₹5,000",E-commerce Website,3,Bored,Free Shipping Threshold,Gaming/Digital,Yes
21,Female,Employed,"Under ₹2,000",E-commerce Website,4,Neutral,Social Media Ad,Food/Snacks,No
27,Male,Employed,"₹2,000 - ₹5,000",E-commerce Website,11,Neutral,Free Shipping Threshold,Gaming/Digital,Yes
26,Female,Employed,"Under ₹2,000",Social Media Stores,2,Sad,Heavy Discount,Gaming/Digital,Yes
24,Female,Employed,"₹5,000 - ₹15,000",Physical In-Store,4,Neutral,Heavy Discount,Electronics,Yes
33,Female,Employed,"Under ₹2,000",E-commerce Website,4,Bored,Heavy Discount,Food/Snacks,No
35,Female,Self-employed,"₹2,000 - ₹5,000",E-commerce Website,7,Stressed,Attractive Packaging,Gaming/Digital,No
28,Male,Employed,"₹5,000 - ₹15,000",Quick Commerce,6,Happy,Social Media Ad,Electronics,No
39,Female,Self-employed,"₹2,000 - ₹5,000",E-commerce Website,4,Neutral,Heavy Discount,Electronics,No
18,Male,Self-employed,"Under ₹2,000",E-commerce Website,10,Sad,Heavy Discount,Gaming/Digital,No
26,Male,Employed,"₹5,000 - ₹15,000",E-commerce Website,1,Bored,Attractive Packaging,Beauty/Cosmetics,No
22,Male,Employed,"Under ₹2,000",Social Media Stores,3,Bored,Heavy Discount,Beauty/Cosmetics,Yes
18,Male,Employed,"₹5,000 - ₹15,000",Physical In-Store,6,Stressed,Heavy Discount,Gaming/Digital,Yes
27,Female,Employed,"₹5,000 - ₹15,000",Quick Commerce,5,Happy,Free Shipping Threshold,Clothing,No
27,Male,Student,"₹2,000 - ₹5,000",Physical In-Store,6,Sad,Limited Time Flash Sale,Food/Snacks,Yes
40,Female,Employed,"₹2,000 - ₹5,000",Physical In-Store,6,Happy,Limited Time Flash Sale,Gaming/Digital,No
33,Male,Unemployed,"Above ₹15,000",Physical In-Store,2,Bored,Heavy Discount,Food/Snacks,Yes
19,Female,Student,"₹2,000 - ₹5,000",Social Media Stores,8,Neutral,Limited Time Flash Sale,Clothing,No
42,Other,Employed,"Above ₹15,000",E-commerce Website,8,Sad,Social Media Ad,Beauty/Cosmetics,Yes
37,Male,Self-employed,"Under ₹2,000",E-commerce Website,0,Bored,Limited Time Flash Sale,Electronics,No
32,Female,Employed,"₹5,000 - ₹15,000",Quick Commerce,6,Happy,Social Media Ad,Gaming/Digital,Yes
26,Male,Employed,"₹5,000 - ₹15,000",E-commerce Website,2,Stressed,Free Shipping Threshold,Beauty/Cosmetics,Yes
20,Male,Employed,"Above ₹15,000",E-commerce Website,5,Sad,Attractive Packaging,Food/Snacks,No
25,Female,Employed,"Under ₹2,000",E-commerce Website,4,Bored,Free Shipping Threshold,Electronics,No
36,Female,Student,"₹2,000 - ₹5,000",Quick Commerce,5,Bored,Limited Time Flash Sale,Food/Snacks,Yes
43,Male,Unemployed,"Under ₹2,000",Social Media Stores,3,Stressed,Attractive Packaging,Electronics,No
40,Male,Employed,"Above ₹15,000",Social Media Stores,3,Bored,Free Shipping Threshold,Food/Snacks,No
24,Male,Employed,"₹2,000 - ₹5,000",Physical In-Store,5,Bored,Social Media Ad,Electronics,Yes
19,Female,Employed,"Above ₹15,000",E-commerce Website,8,Bored,Limited Time Flash Sale,Food/Snacks,Yes
29,Female,Student,"₹2,000 - ₹5,000",E-commerce Website,5,Sad,Social Media Ad,Electronics,No
18,Female,Unemployed,"Under ₹2,000",E-commerce Website,1,Neutral,Limited Time Flash Sale,Gaming/Digital,No
30,Female,Employed,"₹2,000 - ₹5,000",E-commerce Website,2,Happy,Free Shipping Threshold,Electronics,Yes
26,Female,Student,"₹5,000 - ₹15,000",Quick Commerce,3,Sad,Heavy Discount,Electronics,Yes
24,Female,Unemployed,"₹5,000 - ₹15,000",Physical In-Store,4,Bored,Free Shipping Threshold,Gaming/Digital,No
18,Female,Employed,"₹2,000 - ₹5,000",Social Media Stores,7,Neutral,Limited Time Flash Sale,Gaming/Digital,No
32,Female,Employed,"Above ₹15,000",E-commerce Website,4,Stressed,Social Media Ad,Gaming/Digital,Yes
23,Female,Employed,"₹2,000 - ₹5,000",Social Media Stores,4,Happy,Limited Time Flash Sale,Food/Snacks,Yes
18,Female,Student,"₹5,000 - ₹15,000",E-commerce Website,6,Neutral,Social Media Ad,Electronics,No
18,Female,Employed,"₹5,000 - ₹15,000",E-commerce Website,7,Bored,Attractive Packaging,Beauty/Cosmetics,No
27,Female,Student,"₹2,000 - ₹5,000",E-commerce Website,6,Happy,Free Shipping Threshold,Gaming/Digital,No
42,Male,Employed,"Under ₹2,000",Quick Commerce,6,Happy,Limited Time Flash Sale,Food/Snacks,No
41,Male,Employed,"₹2,000 - ₹5,000",Quick Commerce,8,Happy,Heavy Discount,Food/Snacks,Yes
24,Other,Self-employed,"Under ₹2,000",E-commerce Website,3,Sad,Limited Time Flash Sale,Electronics,Yes
23,Male,Employed,"Above ₹15,000",E-commerce Website,7,Happy,Heavy Discount,Gaming/Digital,No
31,Female,Student,"Above ₹15,000",E-commerce Website,5,Neutral,Heavy Discount,Electronics,No
20,Male,Self-employed,"₹5,000 - ₹15,000",E-commerce Website,4,Neutral,Limited Time Flash Sale,Clothing,No
30,Male,Employed,"₹5,000 - ₹15,000",Social Media Stores,4,Bored,Limited Time Flash Sale,Gaming/Digital,Yes
34,Male,Employed,"₹2,000 - ₹5,000",E-commerce Website,1,Stressed,Limited Time Flash Sale,Beauty/Cosmetics,No
37,Male,Student,"Under ₹2,000",E-commerce Website,4,Stressed,Limited Time Flash Sale,Food/Snacks,Yes
27,Male,Self-employed,"₹5,000 - ₹15,000",Social Media Stores,6,Neutral,Limited Time Flash Sale,Food/Snacks,No
26,Female,Self-employed,"₹5,000 - ₹15,000",E-commerce Website,9,Stressed,Free Shipping Threshold,Gaming/Digital,Yes
20,Female,Employed,"₹5,000 - ₹15,000",Social Media Stores,5,Bored,Heavy Discount,Clothing,Yes
21,Other,Self-employed,"₹5,000 - ₹15,000",E-commerce Website,2,Bored,Free Shipping Threshold,Beauty/Cosmetics,Yes
26,Male,Employed,"₹2,000 - ₹5,000",Quick Commerce,4,Neutral,Heavy Discount,Food/Snacks,No
30,Female,Self-employed,"Under ₹2,000",E-commerce Website,5,Neutral,Attractive Packaging,Electronics,Yes
35,Female,Employed,"₹5,000 - ₹15,000",E-commerce Website,7,Stressed,Free Shipping Threshold,Electronics,Yes
21,Female,Student,"₹2,000 - ₹5,000",Quick Commerce,3,Neutral,Free Shipping Threshold,Electronics,Yes
39,Female,Employed,"₹5,000 - ₹15,000",E-commerce Website,2,Neutral,Social Media Ad,Food/Snacks,Yes
25,Male,Employed,"₹2,000 - ₹5,000",Quick Commerce,6,Sad,Heavy Discount,Electronics,No
27,Male,Student,"₹2,000 - ₹5,000",Social Media Stores,4,Bored,Limited Time Flash Sale,Food/Snacks,Yes
22,Male,Student,"Under ₹2,000",Quick Commerce,6,Bored,Social Media Ad,Gaming/Digital,Yes
18,Male,Student,"₹5,000 - ₹15,000",E-commerce Website,7,Bored,Heavy Discount,Electronics,Yes
35,Female,Employed,"₹5,000 - ₹15,000",Physical In-Store,5,Bored,Attractive Packaging,Electronics,No
33,Male,Student,"₹2,000 - ₹5,000",Quick Commerce,8,Neutral,Free Shipping Threshold,Food/Snacks,Yes
25,Female,Student,"₹2,000 - ₹5,000",Quick Commerce,1,Stressed,Limited Time Flash Sale,Food/Snacks,Yes
28,Female,Employed,"₹5,000 - ₹15,000",Social Media Stores,2,Sad,Free Shipping Threshold,Food/Snacks,Yes
32,Other,Unemployed,"₹2,000 - ₹5,000",E-commerce Website,6,Neutral,Limited Time Flash Sale,Beauty/Cosmetics,No
18,Female,Employed,"₹2,000 - ₹5,000",Quick Commerce,2,Stressed,Heavy Discount,Gaming/Digital,No
23,Male,Employed,"₹2,000 - ₹5,000",E-commerce Website,5,Bored,Social Media Ad,Electronics,Yes
34,Female,Unemployed,"₹2,000 - ₹5,000",Social Media Stores,7,Happy,Social Media Ad,Food/Snacks,No
18,Male,Employed,"₹5,000 - ₹15,000",Physical In-Store,5,Bored,Attractive Packaging,Food/Snacks,No
30,Female,Employed,"Under ₹2,000",E-commerce Website,2,Neutral,Limited Time Flash Sale,Food/Snacks,No
18,Female,Employed,"₹2,000 - ₹5,000",E-commerce Website,7,Neutral,Free Shipping Threshold,Electronics,No
31,Female,Employed,"₹2,000 - ₹5,000",Quick Commerce,4,Neutral,Free Shipping Threshold,Food/Snacks,Yes
27,Male,Student,"₹2,000 - ₹5,000",Social Media Stores,6,Neutral,Attractive Packaging,Beauty/Cosmetics,No
18,Female,Employed,"Above ₹15,000",Quick Commerce,4,Happy,Limited Time Flash Sale,Beauty/Cosmetics,Yes
37,Male,Employed,"Under ₹2,000",Physical In-Store,8,Stressed,Attractive Packaging,Food/Snacks,No
22,Male,Employed,"₹5,000 - ₹15,000",E-commerce Website,4,Happy,Attractive Packaging,Gaming/Digital,No
21,Female,Employed,"Under ₹2,000",E-commerce Website,6,Bored,Free Shipping Threshold,Beauty/Cosmetics,Yes
29,Male,Employed,"₹5,000 - ₹15,000",Physical In-Store,2,Sad,Social Media Ad,Electronics,No
37,Other,Employed,"Above ₹15,000",E-commerce Website,8,Neutral,Social Media Ad,Clothing,No
19,Male,Employed,"₹2,000 - ₹5,000",E-commerce Website,5,Sad,Heavy Discount,Clothing,Yes
28,Female,Unemployed,"₹5,000 - ₹15,000",E-commerce Website,5,Neutral,Heavy Discount,Beauty/Cosmetics,No
31,Female,Employed,"₹2,000 - ₹5,000",E-commerce Website,5,Neutral,Social Media Ad,Gaming/Digital,Yes
33,Female,Self-employed,"Under ₹2,000",E-commerce Website,3,Sad,Limited Time Flash Sale,Beauty/Cosmetics,Yes
29,Female,Self-employed,"₹2,000 - ₹5,000",Quick Commerce,5,Sad,Free Shipping Threshold,Electronics,No
25,Female,Employed,"₹2,000 - ₹5,000",Social Media Stores,7,Stressed,Attractive Packaging,Gaming/Digital,Yes
21,Male,Employed,"₹2,000 - ₹5,000",Quick Commerce,4,Bored,Heavy Discount,Electronics,Yes
28,Female,Student,"₹2,000 - ₹5,000",Quick Commerce,3,Neutral,Free Shipping Threshold,Food/Snacks,Yes
19,Male,Unemployed,"₹2,000 - ₹5,000",E-commerce Website,8,Sad,Attractive Packaging,Food/Snacks,No
18,Male,Student,"₹5,000 - ₹15,000",Social Media Stores,2,Neutral,Attractive Packaging,Food/Snacks,No
31,Male,Employed,"₹2,000 - ₹5,000",Social Media Stores,4,Bored,Attractive Packaging,Food/Snacks,Yes
35,Female,Employed,"Under ₹2,000",E-commerce Website,7,Sad,Heavy Discount,Food/Snacks,No
18,Female,Employed,"₹2,000 - ₹5,000",Quick Commerce,6,Stressed,Social Media Ad,Gaming/Digital,Yes
19,Female,Employed,"₹2,000 - ₹5,000",E-commerce Website,6,Stressed,Heavy Discount,Electronics,Yes
32,Female,Self-employed,"Under ₹2,000",Physical In-Store,4,Happy,Limited Time Flash Sale,Gaming/Digital,No
44,Male,Employed,"Under ₹2,000",Social Media Stores,3,Bored,Limited Time Flash Sale,Beauty/Cosmetics,Yes
28,Female,Unemployed,"₹5,000 - ₹15,000",Social Media Stores,4,Neutral,Attractive Packaging,Gaming/Digital,No
22,Male,Employed,"₹2,000 - ₹5,000",E-commerce Website,5,Bored,Social Media Ad,Food/Snacks,Yes
26,Female,Student,"Above ₹15,000",E-commerce Website,2,Neutral,Free Shipping Threshold,Food/Snacks,No
38,Male,Student,"Under ₹2,000",E-commerce Website,5,Happy,Social Media Ad,Clothing,No
22,Female,Employed,"Under ₹2,000",E-commerce Website,9,Stressed,Attractive Packaging,Gaming/Digital,Yes
21,Male,Student,"₹2,000 - ₹5,000",Quick Commerce,6,Happy,Limited Time Flash Sale,Electronics,Yes
24,Male,Employed,"Above ₹15,000",Quick Commerce,2,Neutral,Social Media Ad,Clothing,No
20,Male,Student,"₹5,000 - ₹15,000",Social Media Stores,5,Neutral,Limited Time Flash Sale,Gaming/Digital,No
28,Male,Employed,"₹2,000 - ₹5,000",E-commerce Website,1,Bored,Attractive Packaging,Electronics,No
40,Male,Employed,"Under ₹2,000",E-commerce Website,6,Stressed,Social Media Ad,Clothing,Yes
30,Male,Employed,"₹2,000 - ₹5,000",E-commerce Website,6,Bored,Attractive Packaging,Clothing,Yes
25,Female,Student,"₹2,000 - ₹5,000",E-commerce Website,4,Sad,Social Media Ad,Clothing,No
25,Female,Student,"₹5,000 - ₹15,000",Physical In-Store,8,Bored,Heavy Discount,Gaming/Digital,Yes
18,Female,Employed,"₹5,000 - ₹15,000",E-commerce Website,6,Sad,Limited Time Flash Sale,Clothing,Yes
35,Female,Student,"₹2,000 - ₹5,000",E-commerce Website,6,Bored,Attractive Packaging,Food/Snacks,No
27,Female,Employed,"Under ₹2,000",E-commerce Website,5,Neutral,Free Shipping Threshold,Gaming/Digital,No
26,Female,Employed,"₹5,000 - ₹15,000",Physical In-Store,4,Happy,Limited Time Flash Sale,Clothing,No
53,Female,Student,"₹5,000 - ₹15,000",E-commerce Website,4,Neutral,Limited Time Flash Sale,Beauty/Cosmetics,No
30,Male,Employed,"₹5,000 - ₹15,000",Social Media Stores,4,Happy,Attractive Packaging,Electronics,No
21,Female,Employed,"₹2,000 - ₹5,000",E-commerce Website,7,Bored,Limited Time Flash Sale,Electronics,Yes
24,Male,Employed,"₹5,000 - ₹15,000",Social Media Stores,2,Sad,Attractive Packaging,Clothing,No
37,Female,Employed,"Under ₹2,000",Social Media Stores,7,Stressed,Heavy Discount,Beauty/Cosmetics,Yes
28,Female,Employed,"₹2,000 - ₹5,000",Quick Commerce,8,Bored,Limited Time Flash Sale,Electronics,Yes
18,Male,Employed,"₹5,000 - ₹15,000",Physical In-Store,4,Neutral,Free Shipping Threshold,Beauty/Cosmetics,No
35,Female,Employed,"₹5,000 - ₹15,000",E-commerce Website,2,Sad,Attractive Packaging,Food/Snacks,Yes
22,Male,Student,"₹2,000 - ₹5,000",E-commerce Website,10,Bored,Heavy Discount,Gaming/Digital,No
42,Male,Employed,"₹5,000 - ₹15,000",Quick Commerce,5,Neutral,Heavy Discount,Beauty/Cosmetics,Yes
36,Male,Employed,"₹5,000 - ₹15,000",Social Media Stores,3,Bored,Social Media Ad,Clothing,Yes
24,Female,Employed,"₹2,000 - ₹5,000",E-commerce Website,3,Sad,Attractive Packaging,Clothing,No
38,Female,Employed,"Above ₹15,000",E-commerce Website,5,Bored,Attractive Packaging,Clothing,Yes
28,Female,Employed,"₹5,000 - ₹15,000",E-commerce Website,2,Happy,Attractive Packaging,Beauty/Cosmetics,Yes
34,Male,Employed,"₹5,000 - ₹15,000",E-commerce Website,4,Stressed,Social Media Ad,Electronics,Yes
31,Female,Employed,"₹2,000 - ₹5,000",Social Media Stores,2,Happy,Heavy Discount,Gaming/Digital,No
21,Female,Self-employed,"₹2,000 - ₹5,000",E-commerce Website,4,Stressed,Free Shipping Threshold,Beauty/Cosmetics,Yes
22,Male,Unemployed,"₹5,000 - ₹15,000",E-commerce Website,4,Happy,Social Media Ad,Electronics,No
36,Female,Employed,"₹2,000 - ₹5,000",Physical In-Store,6,Bored,Attractive Packaging,Food/Snacks,Yes
25,Male,Self-employed,"Under ₹2,000",Physical In-Store,6,Neutral,Attractive Packaging,Food/Snacks,No
24,Male,Student,"Above ₹15,000",E-commerce Website,5,Neutral,Attractive Packaging,Beauty/Cosmetics,Yes
20,Female,Employed,"₹5,000 - ₹15,000",E-commerce Website,3,Bored,Free Shipping Threshold,Gaming/Digital,Yes
31,Female,Student,"₹2,000 - ₹5,000",E-commerce Website,14,Neutral,Attractive Packaging,Gaming/Digital,Yes
44,Male,Student,"Under ₹2,000",Social Media Stores,6,Neutral,Social Media Ad,Electronics,No
19,Male,Employed,"₹5,000 - ₹15,000",Physical In-Store,6,Sad,Attractive Packaging,Beauty/Cosmetics,No
28,Male,Employed,"Under ₹2,000",E-commerce Website,4,Stressed,Heavy Discount,Gaming/Digital,No
39,Male,Employed,"₹2,000 - ₹5,000",Quick Commerce,6,Neutral,Heavy Discount,Clothing,No
27,Male,Employed,"Under ₹2,000",E-commerce Website,6,Neutral,Heavy Discount,Clothing,Yes
31,Male,Employed,"₹5,000 - ₹15,000",E-commerce Website,6,Stressed,Attractive Packaging,Beauty/Cosmetics,No
19,Female,Employed,"Under ₹2,000",E-commerce Website,11,Sad,Social Media Ad,Clothing,No
31,Male,Student,"₹5,000 - ₹15,000",E-commerce Website,4,Neutral,Heavy Discount,Food/Snacks,No
26,Female,Employed,"₹5,000 - ₹15,000",E-commerce Website,6,Neutral,Heavy Discount,Beauty/Cosmetics,No
35,Female,Employed,"₹2,000 - ₹5,000",E-commerce Website,3,Neutral,Limited Time Flash Sale,Gaming/Digital,Yes
37,Male,Employed,"Under ₹2,000",E-commerce Website,1,Neutral,Free Shipping Threshold,Clothing,No
48,Male,Student,"Under ₹2,000",Social Media Stores,11,Happy,Attractive Packaging,Food/Snacks,No
32,Female,Student,"₹2,000 - ₹5,000",E-commerce Website,6,Neutral,Attractive Packaging,Electronics,Yes
30,Male,Employed,"₹2,000 - ₹5,000",Quick Commerce,4,Stressed,Attractive Packaging,Beauty/Cosmetics,No
29,Male,Employed,"₹5,000 - ₹15,000",Quick Commerce,2,Bored,Heavy Discount,Gaming/Digital,Yes
25,Male,Employed,"Under ₹2,000",Social Media Stores,5,Stressed,Social Media Ad,Beauty/Cosmetics,Yes
30,Female,Student,"₹5,000 - ₹15,000",Social Media Stores,6,Happy,Heavy Discount,Beauty/Cosmetics,Yes
25,Female,Employed,"₹5,000 - ₹15,000",Physical In-Store,7,Happy,Social Media Ad,Beauty/Cosmetics,No
29,Other,Employed,"₹2,000 - ₹5,000",E-commerce Website,10,Stressed,Attractive Packaging,Food/Snacks,Yes
38,Female,Self-employed,"₹2,000 - ₹5,000",Quick Commerce,3,Happy,Limited Time Flash Sale,Beauty/Cosmetics,Yes
19,Male,Employed,"₹5,000 - ₹15,000",Physical In-Store,6,Happy,Social Media Ad,Clothing,No
37,Male,Student,"₹5,000 - ₹15,000",E-commerce Website,5,Stressed,Free Shipping Threshold,Electronics,Yes
38,Male,Employed,"Above ₹15,000",Physical In-Store,5,Bored,Limited Time Flash Sale,Beauty/Cosmetics,Yes
27,Male,Student,"₹2,000 - ₹5,000",E-commerce Website,4,Bored,Social Media Ad,Food/Snacks,Yes
18,Male,Employed,"Above ₹15,000",E-commerce Website,7,Happy,Heavy Discount,Electronics,No
23,Male,Student,"Under ₹2,000",E-commerce Website,8,Neutral,Free Shipping Threshold,Clothing,Yes
38,Male,Employed,"₹2,000 - ₹5,000",Social Media Stores,5,Stressed,Limited Time Flash Sale,Gaming/Digital,Yes
27,Male,Employed,"₹2,000 - ₹5,000",E-commerce Website,4,Happy,Social Media Ad,Electronics,No
20,Male,Employed,"₹2,000 - ₹5,000",Social Media Stores,3,Bored,Attractive Packaging,Beauty/Cosmetics,No
23,Other,Employed,"₹5,000 - ₹15,000",Physical In-Store,3,Neutral,Free Shipping Threshold,Gaming/Digital,No
34,Female,Student,"Under ₹2,000",E-commerce Website,3,Neutral,Limited Time Flash Sale,Food/Snacks,No
32,Other,Employed,"Above ₹15,000",E-commerce Website,7,Happy,Social Media Ad,Clothing,No
26,Male,Employed,"₹5,000 - ₹15,000",Social Media Stores,2,Neutral,Social Media Ad,Gaming/Digital,No
25,Female,Employed,"Above ₹15,000",Quick Commerce,6,Stressed,Limited Time Flash Sale,Gaming/Digital,Yes
24,Male,Employed,"Under ₹2,000",E-commerce Website,3,Happy,Free Shipping Threshold,Beauty/Cosmetics,No
20,Male,Student,"₹5,000 - ₹15,000",Physical In-Store,9,Sad,Heavy Discount,Electronics,No
40,Male,Employed,"₹2,000 - ₹5,000",Quick Commerce,8,Stressed,Limited Time Flash Sale,Beauty/Cosmetics,Yes
25,Female,Employed,"₹5,000 - ₹15,000",Social Media Stores,4,Neutral,Heavy Discount,Food/Snacks,No
37,Other,Employed,"₹5,000 - ₹15,000",E-commerce Website,5,Bored,Social Media Ad,Electronics,Yes
40,Male,Employed,"₹2,000 - ₹5,000",E-commerce Website,4,Neutral,Social Media Ad,Gaming/Digital,Yes
35,Male,Self-employed,"₹2,000 - ₹5,000",Quick Commerce,3,Neutral,Free Shipping Threshold,Gaming/Digital,No
24,Male,Student,"₹5,000 - ₹15,000",Physical In-Store,3,Stressed,Heavy Discount,Beauty/Cosmetics,No
31,Male,Employed,"₹5,000 - ₹15,000",Physical In-Store,4,Sad,Limited Time Flash Sale,Electronics,No
27,Male,Employed,"₹2,000 - ₹5,000",E-commerce Website,11,Happy,Social Media Ad,Beauty/Cosmetics,No
20,Male,Student,"₹2,000 - ₹5,000",Social Media Stores,6,Happy,Attractive Packaging,Electronics,No
30,Female,Student,"₹2,000 - ₹5,000",E-commerce Website,3,Bored,Limited Time Flash Sale,Beauty/Cosmetics,Yes
18,Male,Employed,"₹5,000 - ₹15,000",Quick Commerce,11,Sad,Free Shipping Threshold,Beauty/Cosmetics,Yes
37,Male,Student,"Under ₹2,000",Social Media Stores,6,Happy,Attractive Packaging,Electronics,No
24,Male,Student,"₹5,000 - ₹15,000",E-commerce Website,5,Bored,Social Media Ad,Gaming/Digital,Yes
29,Male,Unemployed,"₹5,000 - ₹15,000",E-commerce Website,4,Neutral,Social Media Ad,Beauty/Cosmetics,No
30,Other,Employed,"₹5,000 - ₹15,000",Quick Commerce,5,Neutral,Limited Time Flash Sale,Food/Snacks,No
25,Male,Student,"Above ₹15,000",E-commerce Website,1,Bored,Free Shipping Threshold,Clothing,No
32,Female,Employed,"₹2,000 - ₹5,000",E-commerce Website,7,Neutral,Social Media Ad,Gaming/Digital,No
24,Female,Employed,"₹2,000 - ₹5,000",Quick Commerce,2,Happy,Social Media Ad,Gaming/Digital,No
34,Other,Self-employed,"Under ₹2,000",Quick Commerce,8,Bored,Attractive Packaging,Clothing,Yes
18,Female,Employed,"₹2,000 - ₹5,000",E-commerce Website,4,Stressed,Social Media Ad,Clothing,Yes
29,Female,Self-employed,"Under ₹2,000",E-commerce Website,9,Stressed,Social Media Ad,Gaming/Digital,Yes
43,Female,Student,"₹5,000 - ₹15,000",Physical In-Store,3,Bored,Free Shipping Threshold,Electronics,Yes
19,Male,Employed,"₹5,000 - ₹15,000",Quick Commerce,3,Stressed,Free Shipping Threshold,Clothing,Yes
22,Female,Student,"₹2,000 - ₹5,000",Quick Commerce,3,Happy,Heavy Discount,Gaming/Digital,Yes
32,Other,Student,"₹2,000 - ₹5,000",E-commerce Website,4,Happy,Attractive Packaging,Food/Snacks,Yes
29,Female,Employed,"Under ₹2,000",Social Media Stores,3,Bored,Attractive Packaging,Clothing,No
30,Other,Student,"Above ₹15,000",Social Media Stores,6,Happy,Free Shipping Threshold,Beauty/Cosmetics,Yes
31,Female,Employed,"Above ₹15,000",E-commerce Website,7,Stressed,Free Shipping Threshold,Gaming/Digital,Yes
33,Female,Self-employed,"₹2,000 - ₹5,000",Social Media Stores,5,Bored,Social Media Ad,Clothing,Yes
36,Female,Employed,"₹5,000 - ₹15,000",E-commerce Website,5,Stressed,Attractive Packaging,Food/Snacks,No
31,Female,Student,"₹2,000 - ₹5,000",Social Media Stores,6,Happy,Limited Time Flash Sale,Beauty/Cosmetics,Yes
26,Female,Employed,"₹2,000 - ₹5,000",E-commerce Website,4,Neutral,Limited Time Flash Sale,Food/Snacks,No
33,Female,Self-employed,"Under ₹2,000",Social Media Stores,2,Neutral,Attractive Packaging,Food/Snacks,No
43,Female,Employed,"₹5,000 - ₹15,000",E-commerce Website,4,Neutral,Heavy Discount,Clothing,No
26,Female,Employed,"Under ₹2,000",Physical In-Store,8,Bored,Attractive Packaging,Electronics,Yes
20,Female,Student,"Under ₹2,000",E-commerce Website,5,Happy,Attractive Packaging,Clothing,No
36,Male,Student,"Under ₹2,000",Social Media Stores,8,Stressed,Limited Time Flash Sale,Beauty/Cosmetics,Yes
27,Male,Employed,"₹2,000 - ₹5,000",E-commerce Website,4,Happy,Limited Time Flash Sale,Electronics,Yes
18,Female,Student,"₹5,000 - ₹15,000",Social Media Stores,5,Bored,Heavy Discount,Beauty/Cosmetics,No
34,Female,Self-employed,"₹2,000 - ₹5,000",E-commerce Website,4,Neutral,Heavy Discount,Gaming/Digital,Yes
23,Male,Employed,"Above ₹15,000",Social Media Stores,8,Stressed,Attractive Packaging,Beauty/Cosmetics,Yes
27,Male,Employed,"₹2,000 - ₹5,000",E-commerce Website,2,Happy,Limited Time Flash Sale,Beauty/Cosmetics,Yes
30,Female,Employed,"₹2,000 - ₹5,000",E-commerce Website,3,Stressed,Free Shipping Threshold,Beauty/Cosmetics,Yes
29,Female,Employed,"₹2,000 - ₹5,000",E-commerce Website,3,Stressed,Social Media Ad,Beauty/Cosmetics,No
33,Female,Employed,"₹2,000 - ₹5,000",E-commerce Website,5,Happy,Heavy Discount,Clothing,No
24,Female,Self-employed,"Under ₹2,000",Social Media Stores,4,Neutral,Free Shipping Threshold,Beauty/Cosmetics,No
32,Male,Unemployed,"₹2,000 - ₹5,000",Social Media Stores,5,Neutral,Heavy Discount,Electronics,Yes
25,Male,Self-employed,"Above ₹15,000",E-commerce Website,9,Neutral,Free Shipping Threshold,Clothing,Yes
33,Male,Self-employed,"₹5,000 - ₹15,000",Social Media Stores,6,Stressed,Free Shipping Threshold,Food/Snacks,No
32,Female,Employed,"Above ₹15,000",E-commerce Website,3,Bored,Attractive Packaging,Clothing,Yes
20,Male,Employed,"Under ₹2,000",E-commerce Website,4,Bored,Free Shipping Threshold,Electronics,No
36,Female,Student,"₹2,000 - ₹5,000",E-commerce Website,5,Bored,Free Shipping Threshold,Clothing,Yes
23,Female,Student,"₹2,000 - ₹5,000",E-commerce Website,5,Sad,Limited Time Flash Sale,Gaming/Digital,Yes
34,Female,Student,"₹5,000 - ₹15,000",Social Media Stores,9,Stressed,Free Shipping Threshold,Gaming/Digital,Yes
30,Female,Student,"Above ₹15,000",Quick Commerce,8,Sad,Limited Time Flash Sale,Food/Snacks,Yes
42,Male,Employed,"₹5,000 - ₹15,000",E-commerce Website,7,Happy,Heavy Discount,Beauty/Cosmetics,Yes
26,Female,Student,"Under ₹2,000",E-commerce Website,5,Neutral,Limited Time Flash Sale,Clothing,No
25,Male,Self-employed,"₹2,000 - ₹5,000",Quick Commerce,3,Sad,Limited Time Flash Sale,Electronics,No
27,Male,Self-employed,"Under ₹2,000",E-commerce Website,3,Neutral,Heavy Discount,Food/Snacks,Yes
25,Male,Student,"Under ₹2,000",E-commerce Website,9,Stressed,Limited Time Flash Sale,Clothing,Yes
34,Male,Student,"Under ₹2,000",E-commerce Website,7,Stressed,Limited Time Flash Sale,Food/Snacks,Yes
18,Female,Self-employed,"₹2,000 - ₹5,000",Social Media Stores,7,Happy,Free Shipping Threshold,Clothing,Yes
19,Female,Self-employed,"₹2,000 - ₹5,000",Social Media Stores,5,Happy,Limited Time Flash Sale,Electronics,No
19,Male,Self-employed,"₹2,000 - ₹5,000",Social Media Stores,5,Happy,Free Shipping Threshold,Gaming/Digital,No
35,Male,Unemployed,"₹2,000 - ₹5,000",E-commerce Website,6,Neutral,Attractive Packaging,Clothing,Yes
41,Female,Unemployed,"₹5,000 - ₹15,000",Social Media Stores,5,Sad,Attractive Packaging,Beauty/Cosmetics,No
27,Female,Employed,"Under ₹2,000",Physical In-Store,3,Bored,Limited Time Flash Sale,Gaming/Digital,Yes
26,Male,Student,"Under ₹2,000",Quick Commerce,4,Happy,Heavy Discount,Beauty/Cosmetics,Yes
28,Female,Employed,"₹5,000 - ₹15,000",E-commerce Website,4,Bored,Heavy Discount,Electronics,Yes
37,Female,Student,"₹5,000 - ₹15,000",E-commerce Website,5,Stressed,Social Media Ad,Food/Snacks,Yes
20,Female,Self-employed,"Under ₹2,000",Quick Commerce,6,Neutral,Social Media Ad,Gaming/Digital,Yes
29,Male,Employed,"Above ₹15,000",Quick Commerce,1,Bored,Heavy Discount,Electronics,Yes
35,Female,Employed,"₹2,000 - ₹5,000",Social Media Stores,5,Neutral,Free Shipping Threshold,Gaming/Digital,No
32,Female,Student,"₹2,000 - ₹5,000",E-commerce Website,7,Bored,Limited Time Flash Sale,Beauty/Cosmetics,Yes
29,Female,Employed,"₹2,000 - ₹5,000",Quick Commerce,4,Bored,Social Media Ad,Clothing,No
36,Female,Employed,"₹2,000 - ₹5,000",Social Media Stores,8,Happy,Limited Time Flash Sale,Gaming/Digital,No
18,Other,Self-employed,"₹5,000 - ₹15,000",Social Media Stores,4,Neutral,Limited Time Flash Sale,Food/Snacks,Yes
33,Male,Student,"₹2,000 - ₹5,000",Quick Commerce,7,Bored,Free Shipping Threshold,Beauty/Cosmetics,Yes
22,Other,Self-employed,"₹2,000 - ₹5,000",E-commerce Website,1,Bored,Attractive Packaging,Food/Snacks,No
18,Female,Self-employed,"Above ₹15,000",E-commerce Website,4,Stressed,Heavy Discount,Clothing,Yes
32,Female,Employed,"₹2,000 - ₹5,000",Social Media Stores,5,Happy,Social Media Ad,Clothing,Yes
38,Male,Employed,"₹5,000 - ₹15,000",E-commerce Website,5,Sad,Social Media Ad,Clothing,No
26,Male,Employed,"₹2,000 - ₹5,000",Physical In-Store,6,Bored,Attractive Packaging,Food/Snacks,Yes
35,Female,Student,"₹2,000 - ₹5,000",E-commerce Website,5,Happy,Attractive Packaging,Food/Snacks,No
40,Female,Student,"₹2,000 - ₹5,000",Social Media Stores,2,Bored,Social Media Ad,Gaming/Digital,No
38,Male,Self-employed,"₹5,000 - ₹15,000",E-commerce Website,5,Stressed,Heavy Discount,Clothing,No
41,Female,Employed,"₹5,000 - ₹15,000",E-commerce Website,6,Neutral,Social Media Ad,Beauty/Cosmetics,No
33,Male,Student,"Under ₹2,000",E-commerce Website,6,Neutral,Heavy Discount,Clothing,No
28,Other,Employed,"Under ₹2,000",E-commerce Website,4,Neutral,Limited Time Flash Sale,Electronics,Yes
18,Female,Employed,"Above ₹15,000",Physical In-Store,3,Stressed,Free Shipping Threshold,Food/Snacks,No
26,Male,Student,"Above ₹15,000",E-commerce Website,4,Sad,Social Media Ad,Clothing,No
21,Female,Employed,"₹5,000 - ₹15,000",Quick Commerce,6,Neutral,Limited Time Flash Sale,Food/Snacks,Yes
45,Female,Student,"₹2,000 - ₹5,000",Physical In-Store,3,Happy,Limited Time Flash Sale,Gaming/Digital,Yes
26,Male,Student,"₹5,000 - ₹15,000",Social Media Stores,5,Happy,Social Media Ad,Beauty/Cosmetics,No
28,Female,Employed,"Under ₹2,000",Social Media Stores,2,Sad,Heavy Discount,Gaming/Digital,No
32,Male,Employed,"₹5,000 - ₹15,000",E-commerce Website,7,Happy,Social Media Ad,Electronics,No
28,Female,Student,"₹2,000 - ₹5,000",E-commerce Website,4,Happy,Free Shipping Threshold,Food/Snacks,No
41,Male,Employed,"₹5,000 - ₹15,000",Quick Commerce,6,Happy,Limited Time Flash Sale,Electronics,No
23,Male,Student,"Under ₹2,000",E-commerce Website,7,Sad,Heavy Discount,Food/Snacks,No
29,Male,Student,"₹5,000 - ₹15,000",E-commerce Website,2,Neutral,Social Media Ad,Food/Snacks,No
22,Male,Student,"₹5,000 - ₹15,000",E-commerce Website,2,Happy,Heavy Discount,Electronics,No
18,Female,Student,"₹5,000 - ₹15,000",E-commerce Website,6,Happy,Heavy Discount,Electronics,No
23,Male,Student,"₹5,000 - ₹15,000",E-commerce Website,4,Neutral,Social Media Ad,Gaming/Digital,No
27,Male,Self-employed,"Above ₹15,000",E-commerce Website,6,Happy,Heavy Discount,Clothing,No
24,Female,Employed,"Above ₹15,000",E-commerce Website,1,Happy,Limited Time Flash Sale,Gaming/Digital,No
22,Female,Student,"₹2,000 - ₹5,000",Social Media Stores,2,Neutral,Heavy Discount,Food/Snacks,No
18,Female,Student,"Under ₹2,000",Quick Commerce,7,Bored,Limited Time Flash Sale,Electronics,Yes
27,Other,Student,"₹5,000 - ₹15,000",E-commerce Website,5,Happy,Free Shipping Threshold,Gaming/Digital,No
18,Female,Employed,"Above ₹15,000",E-commerce Website,6,Bored,Limited Time Flash Sale,Beauty/Cosmetics,Yes
34,Male,Employed,"Under ₹2,000",Social Media Stores,7,Stressed,Social Media Ad,Gaming/Digital,Yes
28,Female,Student,"₹5,000 - ₹15,000",E-commerce Website,6,Stressed,Heavy Discount,Beauty/Cosmetics,No
18,Other,Employed,"Under ₹2,000",E-commerce Website,4,Stressed,Social Media Ad,Clothing,Yes
25,Male,Employed,"Under ₹2,000",Quick Commerce,7,Neutral,Attractive Packaging,Gaming/Digital,Yes
21,Male,Student,"₹5,000 - ₹15,000",Quick Commerce,3,Happy,Free Shipping Threshold,Beauty/Cosmetics,No
30,Male,Employed,"₹5,000 - ₹15,000",E-commerce Website,4,Happy,Social Media Ad,Beauty/Cosmetics,Yes
38,Male,Employed,"₹5,000 - ₹15,000",E-commerce Website,7,Stressed,Attractive Packaging,Electronics,Yes
18,Female,Student,"Above ₹15,000",E-commerce Website,3,Neutral,Limited Time Flash Sale,Beauty/Cosmetics,Yes
28,Female,Employed,"Under ₹2,000",E-commerce Website,5,Neutral,Limited Time Flash Sale,Clothing,No
26,Other,Employed,"Under ₹2,000",E-commerce Website,4,Neutral,Heavy Discount,Clothing,Yes
33,Female,Employed,"Above ₹15,000",E-commerce Website,4,Sad,Limited Time Flash Sale,Beauty/Cosmetics,Yes
29,Male,Employed,"₹5,000 - ₹15,000",E-commerce Website,6,Stressed,Limited Time Flash Sale,Gaming/Digital,Yes
21,Male,Employed,"₹2,000 - ₹5,000",E-commerce Website,7,Bored,Heavy Discount,Gaming/Digital,Yes
25,Other,Employed,"₹5,000 - ₹15,000",E-commerce Website,11,Neutral,Attractive Packaging,Gaming/Digital,No
21,Male,Employed,"Above ₹15,000",Quick Commerce,5,Happy,Social Media Ad,Food/Snacks,No
36,Male,Employed,"₹5,000 - ₹15,000",Quick Commerce,8,Happy,Free Shipping Threshold,Food/Snacks,Yes
28,Female,Student,"₹5,000 - ₹15,000",Social Media Stores,8,Bored,Free Shipping Threshold,Beauty/Cosmetics,Yes
43,Female,Employed,"₹2,000 - ₹5,000",E-commerce Website,4,Neutral,Heavy Discount,Clothing,No
27,Male,Employed,"₹2,000 - ₹5,000",E-commerce Website,2,Happy,Attractive Packaging,Clothing,No
22,Female,Employed,"Above ₹15,000",Social Media Stores,5,Stressed,Limited Time Flash Sale,Beauty/Cosmetics,No
18,Other,Self-employed,"₹5,000 - ₹15,000",Social Media Stores,5,Bored,Attractive Packaging,Electronics,Yes
18,Male,Self-employed,"₹2,000 - ₹5,000",Social Media Stores,3,Happy,Heavy Discount,Clothing,No
18,Female,Student,"₹5,000 - ₹15,000",E-commerce Website,9,Neutral,Social Media Ad,Beauty/Cosmetics,No
30,Male,Self-employed,"₹5,000 - ₹15,000",Social Media Stores,2,Happy,Limited Time Flash Sale,Clothing,Yes
32,Female,Employed,"₹2,000 - ₹5,000",Quick Commerce,9,Neutral,Free Shipping Threshold,Food/Snacks,Yes
18,Female,Employed,"₹5,000 - ₹15,000",Physical In-Store,5,Bored,Social Media Ad,Beauty/Cosmetics,Yes
35,Other,Self-employed,"Under ₹2,000",E-commerce Website,2,Happy,Limited Time Flash Sale,Electronics,No
24,Male,Employed,"₹2,000 - ₹5,000",E-commerce Website,12,Stressed,Limited Time Flash Sale,Beauty/Cosmetics,Yes
29,Male,Employed,"₹5,000 - ₹15,000",Social Media Stores,7,Stressed,Social Media Ad,Gaming/Digital,Yes
40,Male,Self-employed,"Under ₹2,000",Physical In-Store,3,Bored,Free Shipping Threshold,Electronics,Yes
35,Female,Student,"₹2,000 - ₹5,000",Quick Commerce,4,Bored,Attractive Packaging,Electronics,Yes
25,Male,Student,"Above ₹15,000",Physical In-Store,0,Neutral,Attractive Packaging,Clothing,No
20,Male,Employed,"₹5,000 - ₹15,000",Quick Commerce,2,Stressed,Attractive Packaging,Electronics,Yes
18,Male,Self-employed,"₹2,000 - ₹5,000",Physical In-Store,7,Neutral,Attractive Packaging,Clothing,Yes
22,Male,Self-employed,"₹2,000 - ₹5,000",E-commerce Website,3,Neutral,Social Media Ad,Beauty/Cosmetics,No
26,Male,Student,"₹2,000 - ₹5,000",Quick Commerce,6,Stressed,Attractive Packaging,Food/Snacks,Yes
20,Female,Self-employed,"₹5,000 - ₹15,000",Quick Commerce,5,Happy,Attractive Packaging,Gaming/Digital,Yes
26,Male,Student,"Under ₹2,000",Quick Commerce,4,Happy,Limited Time Flash Sale,Electronics,No
28,Male,Unemployed,"₹2,000 - ₹5,000",E-commerce Website,3,Neutral,Attractive Packaging,Food/Snacks,Yes
26,Female,Employed,"₹2,000 - ₹5,000",E-commerce Website,5,Happy,Heavy Discount,Food/Snacks,No
22,Female,Student,"₹2,000 - ₹5,000",Physical In-Store,3,Stressed,Attractive Packaging,Clothing,Yes
29,Male,Student,"Under ₹2,000",E-commerce Website,6,Happy,Limited Time Flash Sale,Clothing,No
31,Male,Student,"Under ₹2,000",E-commerce Website,3,Neutral,Social Media Ad,Gaming/Digital,Yes
19,Female,Student,"Above ₹15,000",Physical In-Store,2,Stressed,Heavy Discount,Beauty/Cosmetics,No
39,Male,Employed,"Above ₹15,000",Quick Commerce,1,Stressed,Limited Time Flash Sale,Clothing,Yes
27,Female,Student,"₹2,000 - ₹5,000",E-commerce Website,4,Bored,Social Media Ad,Beauty/Cosmetics,Yes
28,Male,Unemployed,"₹5,000 - ₹15,000",Social Media Stores,3,Happy,Heavy Discount,Beauty/Cosmetics,No
33,Male,Employed,"₹5,000 - ₹15,000",Social Media Stores,4,Neutral,Limited Time Flash Sale,Food/Snacks,Yes
29,Female,Employed,"Under ₹2,000",E-commerce Website,3,Stressed,Heavy Discount,Electronics,No
35,Female,Student,"₹2,000 - ₹5,000",Quick Commerce,6,Neutral,Attractive Packaging,Food/Snacks,Yes
30,Female,Self-employed,"₹2,000 - ₹5,000",E-commerce Website,4,Neutral,Heavy Discount,Gaming/Digital,No
23,Male,Employed,"₹5,000 - ₹15,000",Quick Commerce,6,Neutral,Attractive Packaging,Electronics,No
30,Female,Self-employed,"₹5,000 - ₹15,000",Quick Commerce,5,Sad,Attractive Packaging,Food/Snacks,Yes
18,Male,Unemployed,"Above ₹15,000",Quick Commerce,4,Neutral,Heavy Discount,Gaming/Digital,No
28,Female,Student,"₹5,000 - ₹15,000",Social Media Stores,6,Stressed,Attractive Packaging,Electronics,Yes
27,Female,Student,"Above ₹15,000",E-commerce Website,8,Neutral,Attractive Packaging,Beauty/Cosmetics,No
26,Male,Self-employed,"Above ₹15,000",E-commerce Website,4,Neutral,Free Shipping Threshold,Gaming/Digital,No
26,Female,Self-employed,"₹5,000 - ₹15,000",E-commerce Website,7,Bored,Attractive Packaging,Beauty/Cosmetics,Yes
18,Female,Employed,"₹2,000 - ₹5,000",E-commerce Website,7,Bored,Heavy Discount,Electronics,Yes
23,Female,Employed,"₹2,000 - ₹5,000",Quick Commerce,3,Bored,Social Media Ad,Gaming/Digital,No
28,Female,Employed,"₹5,000 - ₹15,000",Social Media Stores,8,Sad,Social Media Ad,Gaming/Digital,No
29,Male,Employed,"₹5,000 - ₹15,000",E-commerce Website,4,Bored,Heavy Discount,Food/Snacks,Yes
19,Male,Student,"₹2,000 - ₹5,000",Physical In-Store,3,Happy,Social Media Ad,Beauty/Cosmetics,Yes
38,Male,Employed,"₹5,000 - ₹15,000",E-commerce Website,6,Sad,Attractive Packaging,Beauty/Cosmetics,No
21,Male,Student,"Above ₹15,000",E-commerce Website,6,Happy,Social Media Ad,Gaming/Digital,Yes
35,Female,Employed,"₹5,000 - ₹15,000",Physical In-Store,6,Happy,Free Shipping Threshold,Gaming/Digital,No
31,Female,Unemployed,"₹2,000 - ₹5,000",Social Media Stores,4,Neutral,Heavy Discount,Clothing,No
22,Other,Self-employed,"₹5,000 - ₹15,000",Social Media Stores,6,Stressed,Limited Time Flash Sale,Food/Snacks,Yes
42,Male,Self-employed,"Under ₹2,000",E-commerce Website,7,Happy,Attractive Packaging,Beauty/Cosmetics,Yes
18,Female,Self-employed,"Under ₹2,000",E-commerce Website,4,Happy,Social Media Ad,Beauty/Cosmetics,Yes
35,Female,Employed,"₹5,000 - ₹15,000",Social Media Stores,4,Stressed,Limited Time Flash Sale,Gaming/Digital,Yes
36,Female,Self-employed,"₹5,000 - ₹15,000",E-commerce Website,6,Stressed,Free Shipping Threshold,Beauty/Cosmetics,No
22,Male,Self-employed,"₹2,000 - ₹5,000",Quick Commerce,8,Sad,Social Media Ad,Electronics,No
39,Female,Self-employed,"Above ₹15,000",E-commerce Website,5,Stressed,Free Shipping Threshold,Gaming/Digital,Yes
25,Male,Employed,"₹2,000 - ₹5,000",E-commerce Website,3,Bored,Attractive Packaging,Beauty/Cosmetics,Yes
30,Male,Student,"₹5,000 - ₹15,000",Quick Commerce,2,Neutral,Attractive Packaging,Electronics,No
30,Male,Student,"₹5,000 - ₹15,000",E-commerce Website,1,Bored,Heavy Discount,Gaming/Digital,Yes
26,Female,Student,"Under ₹2,000",E-commerce Website,7,Stressed,Heavy Discount,Clothing,No
34,Female,Unemployed,"₹2,000 - ₹5,000",Social Media Stores,7,Neutral,Heavy Discount,Beauty/Cosmetics,No
34,Female,Employed,"Above ₹15,000",Social Media Stores,7,Bored,Social Media Ad,Food/Snacks,Yes
18,Other,Self-employed,"Under ₹2,000",Physical In-Store,3,Stressed,Attractive Packaging,Electronics,No
38,Male,Employed,"Under ₹2,000",E-commerce Website,4,Bored,Social Media Ad,Gaming/Digital,Yes
18,Female,Employed,"₹2,000 - ₹5,000",E-commerce Website,5,Happy,Social Media Ad,Beauty/Cosmetics,No
36,Female,Student,"Under ₹2,000",Social Media Stores,6,Bored,Limited Time Flash Sale,Beauty/Cosmetics,Yes
37,Male,Student,"Above ₹15,000",E-commerce Website,8,Neutral,Social Media Ad,Beauty/Cosmetics,Yes
19,Female,Employed,"Under ₹2,000",Social Media Stores,10,Stressed,Free Shipping Threshold,Clothing,Yes
24,Male,Employed,"₹5,000 - ₹15,000",Social Media Stores,5,Happy,Attractive Packaging,Beauty/Cosmetics,Yes
19,Female,Student,"₹2,000 - ₹5,000",E-commerce Website,5,Bored,Social Media Ad,Food/Snacks,Yes
26,Male,Employed,"₹5,000 - ₹15,000",E-commerce Website,5,Bored,Social Media Ad,Food/Snacks,Yes
25,Male,Employed,"₹5,000 - ₹15,000",E-commerce Website,4,Neutral,Heavy Discount,Clothing,No
34,Female,Self-employed,"₹2,000 - ₹5,000",E-commerce Website,3,Neutral,Heavy Discount,Clothing,No
38,Male,Student,"Above ₹15,000",Social Media Stores,7,Stressed,Free Shipping Threshold,Electronics,Yes
39,Male,Employed,"Under ₹2,000",Social Media Stores,6,Bored,Social Media Ad,Beauty/Cosmetics,Yes
23,Male,Student,"₹5,000 - ₹15,000",E-commerce Website,2,Happy,Limited Time Flash Sale,Beauty/Cosmetics,No
26,Male,Employed,"Above ₹15,000",Quick Commerce,1,Happy,Heavy Discount,Gaming/Digital,No
18,Female,Employed,"₹5,000 - ₹15,000",E-commerce Website,4,Happy,Heavy Discount,Electronics,No
21,Female,Employed,"₹5,000 - ₹15,000",E-commerce Website,11,Neutral,Attractive Packaging,Clothing,Yes
35,Female,Self-employed,"Under ₹2,000",E-commerce Website,3,Sad,Social Media Ad,Gaming/Digital,No
40,Female,Student,"Under ₹2,000",E-commerce Website,2,Happy,Heavy Discount,Clothing,No
18,Male,Student,"Under ₹2,000",E-commerce Website,4,Bored,Social Media Ad,Food/Snacks,Yes
23,Male,Employed,"Above ₹15,000",Quick Commerce,4,Happy,Limited Time Flash Sale,Food/Snacks,Yes
27,Female,Employed,"Above ₹15,000",E-commerce Website,9,Happy,Free Shipping Threshold,Clothing,Yes
30,Female,Student,"₹2,000 - ₹5,000",Quick Commerce,3,Happy,Attractive Packaging,Food/Snacks,No
21,Male,Employed,"₹2,000 - ₹5,000",E-commerce Website,2,Bored,Limited Time Flash Sale,Food/Snacks,Yes
31,Male,Student,"Under ₹2,000",Social Media Stores,6,Neutral,Social Media Ad,Gaming/Digital,No
24,Female,Student,"₹2,000 - ₹5,000",Quick Commerce,5,Happy,Social Media Ad,Clothing,Yes
27,Female,Employed,"₹2,000 - ₹5,000",E-commerce Website,6,Stressed,Social Media Ad,Gaming/Digital,No
32,Female,Self-employed,"₹5,000 - ₹15,000",E-commerce Website,4,Sad,Heavy Discount,Electronics,Yes
28,Male,Employed,"Above ₹15,000",E-commerce Website,1,Bored,Free Shipping Threshold,Food/Snacks,Yes
24,Female,Employed,"₹5,000 - ₹15,000",Quick Commerce,3,Stressed,Attractive Packaging,Clothing,Yes
27,Male,Self-employed,"₹5,000 - ₹15,000",Social Media Stores,5,Sad,Free Shipping Threshold,Gaming/Digital,No
27,Female,Employed,"₹5,000 - ₹15,000",Social Media Stores,7,Neutral,Social Media Ad,Food/Snacks,No
25,Female,Employed,"₹5,000 - ₹15,000",Social Media Stores,9,Stressed,Heavy Discount,Electronics,Yes
25,Female,Self-employed,"₹2,000 - ₹5,000",Physical In-Store,2,Happy,Free Shipping Threshold,Beauty/Cosmetics,Yes
40,Male,Student,"₹2,000 - ₹5,000",E-commerce Website,5,Stressed,Heavy Discount,Electronics,Yes
32,Other,Employed,"₹2,000 - ₹5,000",Physical In-Store,4,Happy,Heavy Discount,Electronics,No
25,Female,Unemployed,"₹5,000 - ₹15,000",E-commerce Website,3,Happy,Limited Time Flash Sale,Food/Snacks,Yes
33,Female,Unemployed,"Above ₹15,000",Quick Commerce,4,Sad,Heavy Discount,Beauty/Cosmetics,Yes
25,Male,Student,"₹5,000 - ₹15,000",Social Media Stores,7,Sad,Attractive Packaging,Food/Snacks,Yes
37,Male,Student,"Above ₹15,000",Quick Commerce,5,Bored,Social Media Ad,Clothing,Yes
30,Female,Student,"Under ₹2,000",E-commerce Website,3,Bored,Social Media Ad,Food/Snacks,No
27,Female,Employed,"₹5,000 - ₹15,000",E-commerce Website,6,Neutral,Free Shipping Threshold,Clothing,Yes
31,Female,Employed,"Above ₹15,000",Quick Commerce,2,Bored,Heavy Discount,Gaming/Digital,Yes
18,Male,Employed,"₹5,000 - ₹15,000",E-commerce Website,6,Neutral,Social Media Ad,Food/Snacks,No
18,Male,Self-employed,"Above ₹15,000",E-commerce Website,4,Neutral,Free Shipping Threshold,Electronics,No
18,Other,Employed,"₹5,000 - ₹15,000",E-commerce Website,4,Neutral,Social Media Ad,Food/Snacks,No
29,Female,Self-employed,"₹2,000 - ₹5,000",E-commerce Website,6,Neutral,Heavy Discount,Beauty/Cosmetics,No
41,Male,Student,"₹2,000 - ₹5,000",Quick Commerce,2,Happy,Limited Time Flash Sale,Electronics,Yes
45,Male,Student,"₹5,000 - ₹15,000",E-commerce Website,4,Bored,Social Media Ad,Food/Snacks,Yes
33,Female,Employed,"Above ₹15,000",Quick Commerce,1,Bored,Limited Time Flash Sale,Electronics,Yes
32,Male,Student,"Under ₹2,000",Quick Commerce,7,Neutral,Attractive Packaging,Clothing,No
18,Female,Employed,"₹5,000 - ₹15,000",E-commerce Website,4,Stressed,Attractive Packaging,Clothing,Yes
23,Male,Self-employed,"₹5,000 - ₹15,000",Social Media Stores,6,Bored,Attractive Packaging,Beauty/Cosmetics,Yes
21,Female,Student,"Under ₹2,000",E-commerce Website,3,Stressed,Free Shipping Threshold,Food/Snacks,Yes
23,Male,Employed,"Under ₹2,000",Physical In-Store,11,Neutral,Attractive Packaging,Electronics,Yes
26,Other,Employed,"₹2,000 - ₹5,000",Quick Commerce,4,Happy,Heavy Discount,Clothing,Yes
24,Male,Student,"₹2,000 - ₹5,000",E-commerce Website,7,Happy,Free Shipping Threshold,Beauty/Cosmetics,Yes
18,Female,Employed,"Under ₹2,000",E-commerce Website,11,Stressed,Heavy Discount,Beauty/Cosmetics,Yes
33,Male,Self-employed,"Under ₹2,000",E-commerce Website,2,Bored,Heavy Discount,Electronics,Yes
19,Female,Employed,"Under ₹2,000",E-commerce Website,3,Neutral,Heavy Discount,Clothing,No
29,Other,Employed,"₹5,000 - ₹15,000",E-commerce Website,2,Bored,Free Shipping Threshold,Beauty/Cosmetics,Yes
44,Female,Self-employed,"₹5,000 - ₹15,000",E-commerce Website,3,Neutral,Limited Time Flash Sale,Gaming/Digital,No
20,Female,Employed,"₹5,000 - ₹15,000",E-commerce Website,7,Neutral,Heavy Discount,Electronics,No
18,Female,Student,"₹5,000 - ₹15,000",Quick Commerce,4,Bored,Heavy Discount,Food/Snacks,No
25,Female,Employed,"Above ₹15,000",E-commerce Website,5,Neutral,Heavy Discount,Gaming/Digital,No
36,Female,Employed,"Above ₹15,000",Physical In-Store,5,Neutral,Limited Time Flash Sale,Electronics,No
43,Other,Employed,"Above ₹15,000",E-commerce Website,5,Neutral,Attractive Packaging,Beauty/Cosmetics,Yes
18,Male,Employed,"₹2,000 - ₹5,000",Social Media Stores,5,Neutral,Attractive Packaging,Beauty/Cosmetics,No
31,Other,Student,"Above ₹15,000",E-commerce Website,7,Neutral,Social Media Ad,Food/Snacks,No
24,Male,Employed,"₹5,000 - ₹15,000",Quick Commerce,6,Neutral,Free Shipping Threshold,Clothing,No
27,Male,Employed,"₹2,000 - ₹5,000",Social Media Stores,3,Happy,Free Shipping Threshold,Food/Snacks,No
49,Male,Employed,"Under ₹2,000",E-commerce Website,7,Bored,Limited Time Flash Sale,Clothing,Yes
18,Male,Self-employed,"₹5,000 - ₹15,000",E-commerce Website,6,Stressed,Limited Time Flash Sale,Gaming/Digital,Yes
30,Female,Self-employed,"Under ₹2,000",E-commerce Website,5,Happy,Limited Time Flash Sale,Gaming/Digital,Yes
31,Female,Employed,"₹2,000 - ₹5,000",Social Media Stores,2,Stressed,Social Media Ad,Beauty/Cosmetics,Yes
36,Female,Employed,"₹5,000 - ₹15,000",E-commerce Website,6,Stressed,Attractive Packaging,Food/Snacks,No
28,Female,Employed,"₹5,000 - ₹15,000",Social Media Stores,6,Bored,Free Shipping Threshold,Electronics,Yes
30,Female,Employed,"Above ₹15,000",Quick Commerce,3,Neutral,Social Media Ad,Electronics,Yes
24,Female,Unemployed,"₹5,000 - ₹15,000",Social Media Stores,11,Bored,Heavy Discount,Electronics,Yes
30,Male,Employed,"₹5,000 - ₹15,000",Social Media Stores,5,Bored,Attractive Packaging,Electronics,No
25,Female,Student,"₹2,000 - ₹5,000",Social Media Stores,6,Happy,Social Media Ad,Beauty/Cosmetics,No
32,Female,Employed,"₹5,000 - ₹15,000",E-commerce Website,7,Happy,Attractive Packaging,Electronics,No
25,Female,Employed,"₹2,000 - ₹5,000",E-commerce Website,5,Happy,Heavy Discount,Beauty/Cosmetics,Yes
31,Female,Employed,"Above ₹15,000",Physical In-Store,5,Stressed,Free Shipping Threshold,Electronics,Yes
27,Female,Employed,"₹2,000 - ₹5,000",E-commerce Website,5,Neutral,Heavy Discount,Beauty/Cosmetics,Yes
37,Male,Student,"₹2,000 - ₹5,000",Quick Commerce,5,Stressed,Social Media Ad,Food/Snacks,Yes
27,Male,Student,"₹2,000 - ₹5,000",E-commerce Website,4,Stressed,Heavy Discount,Gaming/Digital,Yes
18,Female,Employed,"₹5,000 - ₹15,000",Social Media Stores,7,Neutral,Limited Time Flash Sale,Beauty/Cosmetics,No
38,Female,Employed,"Above ₹15,000",Social Media Stores,3,Neutral,Social Media Ad,Beauty/Cosmetics,Yes
20,Female,Student,"₹2,000 - ₹5,000",Social Media Stores,4,Happy,Limited Time Flash Sale,Gaming/Digital,Yes
22,Male,Self-employed,"₹2,000 - ₹5,000",E-commerce Website,3,Stressed,Social Media Ad,Beauty/Cosmetics,No
23,Male,Employed,"₹5,000 - ₹15,000",E-commerce Website,2,Bored,Heavy Discount,Food/Snacks,Yes
38,Female,Self-employed,"Above ₹15,000",E-commerce Website,4,Neutral,Free Shipping Threshold,Clothing,Yes
18,Female,Student,"₹2,000 - ₹5,000",Quick Commerce,3,Sad,Limited Time Flash Sale,Gaming/Digital,Yes
53,Female,Student,"Under ₹2,000",Physical In-Store,7,Bored,Heavy Discount,Beauty/Cosmetics,Yes
36,Male,Employed,"₹2,000 - ₹5,000",Physical In-Store,2,Sad,Limited Time Flash Sale,Food/Snacks,No
29,Male,Student,"₹5,000 - ₹15,000",E-commerce Website,4,Neutral,Social Media Ad,Electronics,No
27,Female,Self-employed,"₹2,000 - ₹5,000",E-commerce Website,6,Bored,Social Media Ad,Gaming/Digital,No
30,Male,Student,"Under ₹2,000",E-commerce Website,4,Stressed,Free Shipping Threshold,Electronics,No
32,Female,Employed,"Under ₹2,000",Quick Commerce,7,Stressed,Attractive Packaging,Food/Snacks,No
33,Female,Self-employed,"₹5,000 - ₹15,000",Social Media Stores,6,Neutral,Heavy Discount,Gaming/Digital,No
32,Male,Employed,"Above ₹15,000",Quick Commerce,5,Bored,Attractive Packaging,Beauty/Cosmetics,Yes
28,Female,Student,"Above ₹15,000",E-commerce Website,2,Bored,Social Media Ad,Clothing,Yes
26,Female,Employed,"₹5,000 - ₹15,000",E-commerce Website,7,Stressed,Limited Time Flash Sale,Clothing,Yes
26,Male,Employed,"₹5,000 - ₹15,000",Social Media Stores,7,Neutral,Attractive Packaging,Beauty/Cosmetics,No
26,Male,Student,"₹2,000 - ₹5,000",Quick Commerce,6,Neutral,Free Shipping Threshold,Food/Snacks,No
37,Male,Employed,"₹5,000 - ₹15,000",E-commerce Website,5,Happy,Limited Time Flash Sale,Electronics,Yes
32,Female,Self-employed,"Under ₹2,000",Quick Commerce,4,Bored,Heavy Discount,Food/Snacks,Yes
18,Female,Self-employed,"₹5,000 - ₹15,000",Quick Commerce,8,Neutral,Social Media Ad,Gaming/Digital,Yes
33,Female,Student,"Above ₹15,000",E-commerce Website,7,Bored,Social Media Ad,Clothing,Yes
29,Female,Student,"Above ₹15,000",E-commerce Website,8,Stressed,Limited Time Flash Sale,Clothing,Yes
27,Female,Student,"₹5,000 - ₹15,000",E-commerce Website,2,Sad,Limited Time Flash Sale,Beauty/Cosmetics,Yes
24,Female,Employed,"₹5,000 - ₹15,000",Quick Commerce,7,Bored,Limited Time Flash Sale,Gaming/Digital,Yes
36,Female,Employed,"Above ₹15,000",E-commerce Website,3,Happy,Heavy Discount,Gaming/Digital,No
35,Male,Self-employed,"₹2,000 - ₹5,000",Social Media Stores,3,Stressed,Free Shipping Threshold,Clothing,Yes
21,Female,Employed,"₹5,000 - ₹15,000",Social Media Stores,11,Neutral,Heavy Discount,Electronics,No
31,Female,Student,"₹2,000 - ₹5,000",E-commerce Website,9,Happy,Attractive Packaging,Gaming/Digital,No
20,Female,Employed,"Above ₹15,000",E-commerce Website,4,Neutral,Attractive Packaging,Food/Snacks,No
18,Female,Student,"Under ₹2,000",E-commerce Website,4,Bored,Attractive Packaging,Beauty/Cosmetics,Yes
22,Male,Student,"Under ₹2,000",Quick Commerce,3,Happy,Social Media Ad,Food/Snacks,No
34,Female,Student,"₹5,000 - ₹15,000",Social Media Stores,7,Sad,Attractive Packaging,Gaming/Digital,Yes
35,Male,Student,"Under ₹2,000",Quick Commerce,5,Bored,Free Shipping Threshold,Beauty/Cosmetics,No
32,Female,Employed,"Under ₹2,000",E-commerce Website,6,Neutral,Free Shipping Threshold,Clothing,Yes
33,Female,Employed,"₹5,000 - ₹15,000",Physical In-Store,5,Neutral,Heavy Discount,Food/Snacks,No
32,Female,Student,"₹5,000 - ₹15,000",Quick Commerce,9,Sad,Social Media Ad,Food/Snacks,Yes
22,Female,Unemployed,"₹2,000 - ₹5,000",E-commerce Website,10,Happy,Free Shipping Threshold,Food/Snacks,No
31,Female,Employed,"₹5,000 - ₹15,000",E-commerce Website,5,Sad,Social Media Ad,Food/Snacks,No
34,Male,Student,"₹5,000 - ₹15,000",Physical In-Store,6,Stressed,Social Media Ad,Beauty/Cosmetics,Yes
34,Other,Student,"₹5,000 - ₹15,000",E-commerce Website,3,Bored,Free Shipping Threshold,Electronics,Yes
37,Female,Employed,"₹5,000 - ₹15,000",E-commerce Website,8,Happy,Free Shipping Threshold,Beauty/Cosmetics,No
33,Female,Unemployed,"Under ₹2,000",E-commerce Website,3,Happy,Free Shipping Threshold,Gaming/Digital,No
30,Male,Employed,"₹2,000 - ₹5,000",Social Media Stores,3,Stressed,Free Shipping Threshold,Electronics,Yes
36,Female,Self-employed,"₹2,000 - ₹5,000",E-commerce Website,2,Bored,Limited Time Flash Sale,Food/Snacks,Yes
27,Male,Employed,"Under ₹2,000",Quick Commerce,2,Bored,Attractive Packaging,Clothing,Yes
20,Female,Employed,"₹2,000 - ₹5,000",E-commerce Website,4,Neutral,Limited Time Flash Sale,Clothing,No
26,Male,Employed,"₹2,000 - ₹5,000",E-commerce Website,2,Neutral,Heavy Discount,Clothing,No
22,Female,Employed,"₹5,000 - ₹15,000",E-commerce Website,7,Stressed,Limited Time Flash Sale,Beauty/Cosmetics,Yes
22,Female,Employed,"₹5,000 - ₹15,000",Quick Commerce,9,Bored,Heavy Discount,Gaming/Digital,Yes
26,Male,Self-employed,"Above ₹15,000",Quick Commerce,1,Stressed,Limited Time Flash Sale,Gaming/Digital,Yes
21,Female,Student,"Under ₹2,000",E-commerce Website,8,Neutral,Heavy Discount,Electronics,No
25,Female,Employed,"Under ₹2,000",E-commerce Website,5,Bored,Attractive Packaging,Clothing,Yes
18,Male,Employed,"₹5,000 - ₹15,000",E-commerce Website,4,Neutral,Attractive Packaging,Clothing,Yes
29,Female,Employed,"Under ₹2,000",Quick Commerce,5,Bored,Attractive Packaging,Electronics,Yes
28,Male,Student,"₹5,000 - ₹15,000",Social Media Stores,3,Happy,Free Shipping Threshold,Food/Snacks,No
21,Male,Employed,"₹5,000 - ₹15,000",Quick Commerce,1,Neutral,Social Media Ad,Clothing,Yes
33,Male,Employed,"₹2,000 - ₹5,000",E-commerce Website,3,Bored,Heavy Discount,Food/Snacks,Yes
35,Female,Employed,"₹2,000 - ₹5,000",E-commerce Website,5,Bored,Heavy Discount,Beauty/Cosmetics,Yes
18,Male,Employed,"₹2,000 - ₹5,000",Social Media Stores,5,Happy,Free Shipping Threshold,Food/Snacks,No
21,Female,Employed,"₹2,000 - ₹5,000",Quick Commerce,3,Neutral,Attractive Packaging,Electronics,Yes
21,Female,Employed,"Under ₹2,000",E-commerce Website,7,Sad,Heavy Discount,Food/Snacks,Yes
20,Male,Unemployed,"Under ₹2,000",E-commerce Website,8,Happy,Attractive Packaging,Beauty/Cosmetics,No
34,Female,Self-employed,"₹5,000 - ₹15,000",Quick Commerce,7,Stressed,Attractive Packaging,Electronics,Yes
26,Male,Student,"Under ₹2,000",Physical In-Store,8,Neutral,Limited Time Flash Sale,Clothing,Yes
25,Female,Student,"₹5,000 - ₹15,000",E-commerce Website,4,Bored,Attractive Packaging,Clothing,Yes
18,Male,Employed,"₹2,000 - ₹5,000",E-commerce Website,6,Bored,Heavy Discount,Gaming/Digital,No
33,Male,Employed,"Under ₹2,000",E-commerce Website,4,Neutral,Attractive Packaging,Gaming/Digital,No
18,Female,Self-employed,"₹2,000 - ₹5,000",E-commerce Website,6,Stressed,Attractive Packaging,Clothing,Yes
28,Other,Employed,"₹2,000 - ₹5,000",Social Media Stores,6,Bored,Social Media Ad,Beauty/Cosmetics,No
30,Male,Self-employed,"Under ₹2,000",E-commerce Website,5,Neutral,Attractive Packaging,Beauty/Cosmetics,Yes
38,Female,Student,"Under ₹2,000",E-commerce Website,2,Neutral,Free Shipping Threshold,Clothing,Yes
18,Male,Employed,"₹2,000 - ₹5,000",Social Media Stores,4,Happy,Attractive Packaging,Beauty/Cosmetics,Yes
18,Female,Student,"₹2,000 - ₹5,000",Quick Commerce,5,Sad,Attractive Packaging,Electronics,Yes
29,Female,Student,"₹5,000 - ₹15,000",Social Media Stores,7,Sad,Social Media Ad,Food/Snacks,Yes
42,Male,Employed,"₹5,000 - ₹15,000",Quick Commerce,3,Sad,Free Shipping Threshold,Electronics,Yes
37,Male,Student,"Under ₹2,000",Quick Commerce,7,Stressed,Free Shipping Threshold,Electronics,Yes
29,Male,Employed,"Under ₹2,000",Quick Commerce,3,Neutral,Limited Time Flash Sale,Beauty/Cosmetics,Yes
24,Male,Employed,"₹5,000 - ₹15,000",Quick Commerce,8,Stressed,Attractive Packaging,Clothing,Yes
34,Male,Self-employed,"₹5,000 - ₹15,000",Social Media Stores,4,Stressed,Limited Time Flash Sale,Clothing,Yes
20,Female,Student,"Above ₹15,000",Social Media Stores,5,Happy,Heavy Discount,Clothing,No
31,Other,Employed,"Under ₹2,000",Social Media Stores,9,Neutral,Heavy Discount,Food/Snacks,No
32,Male,Unemployed,"₹2,000 - ₹5,000",Quick Commerce,4,Stressed,Social Media Ad,Clothing,Yes
36,Female,Self-employed,"₹5,000 - ₹15,000",Social Media Stores,6,Happy,Limited Time Flash Sale,Clothing,Yes
50,Female,Employed,"₹5,000 - ₹15,000",Social Media Stores,4,Neutral,Heavy Discount,Beauty/Cosmetics,No
31,Female,Employed,"Under ₹2,000",E-commerce Website,4,Neutral,Social Media Ad,Gaming/Digital,No
23,Female,Employed,"₹5,000 - ₹15,000",Quick Commerce,2,Neutral,Heavy Discount,Gaming/Digital,No
27,Female,Employed,"₹2,000 - ₹5,000",E-commerce Website,9,Stressed,Limited Time Flash Sale,Beauty/Cosmetics,Yes
18,Female,Employed,"Under ₹2,000",E-commerce Website,2,Bored,Limited Time Flash Sale,Clothing,Yes
22,Male,Employed,"₹2,000 - ₹5,000",Social Media Stores,7,Sad,Social Media Ad,Gaming/Digital,No
24,Male,Employed,"Under ₹2,000",E-commerce Website,7,Sad,Limited Time Flash Sale,Clothing,Yes
23,Male,Employed,"₹5,000 - ₹15,000",E-commerce Website,5,Happy,Attractive Packaging,Electronics,Yes
29,Male,Student,"₹5,000 - ₹15,000",E-commerce Website,7,Sad,Limited Time Flash Sale,Food/Snacks,No
21,Female,Employed,"₹5,000 - ₹15,000",Physical In-Store,4,Bored,Attractive Packaging,Clothing,Yes
36,Male,Student,"₹2,000 - ₹5,000",Physical In-Store,5,Neutral,Free Shipping Threshold,Beauty/Cosmetics,No
28,Female,Employed,"Under ₹2,000",E-commerce Website,3,Happy,Social Media Ad,Beauty/Cosmetics,Yes
27,Male,Student,"₹2,000 - ₹5,000",Quick Commerce,3,Happy,Social Media Ad,Beauty/Cosmetics,Yes
25,Female,Employed,"₹2,000 - ₹5,000",E-commerce Website,3,Happy,Heavy Discount,Food/Snacks,No
29,Female,Self-employed,"₹5,000 - ₹15,000",Social Media Stores,7,Happy,Free Shipping Threshold,Clothing,No
34,Male,Employed,"₹2,000 - ₹5,000",Quick Commerce,6,Neutral,Heavy Discount,Gaming/Digital,No
21,Male,Student,"₹5,000 - ₹15,000",E-commerce Website,6,Bored,Heavy Discount,Electronics,No
22,Female,Employed,"₹5,000 - ₹15,000",Social Media Stores,5,Neutral,Social Media Ad,Clothing,No
25,Male,Student,"Under ₹2,000",E-commerce Website,7,Stressed,Attractive Packaging,Food/Snacks,No
18,Male,Employed,"₹5,000 - ₹15,000",Social Media Stores,7,Happy,Heavy Discount,Clothing,No
21,Male,Employed,"₹2,000 - ₹5,000",E-commerce Website,6,Bored,Limited Time Flash Sale,Electronics,No
24,Female,Self-employed,"₹5,000 - ₹15,000",Quick Commerce,4,Happy,Free Shipping Threshold,Food/Snacks,No
34,Female,Student,"₹5,000 - ₹15,000",Physical In-Store,5,Neutral,Social Media Ad,Gaming/Digital,Yes
30,Female,Employed,"Under ₹2,000",E-commerce Website,6,Stressed,Social Media Ad,Clothing,Yes
29,Female,Self-employed,"₹2,000 - ₹5,000",E-commerce Website,2,Stressed,Attractive Packaging,Food/Snacks,Yes
34,Female,Unemployed,"₹5,000 - ₹15,000",Social Media Stores,5,Happy,Free Shipping Threshold,Clothing,No
26,Female,Student,"Under ₹2,000",E-commerce Website,4,Bored,Free Shipping Threshold,Food/Snacks,Yes
31,Other,Employed,"₹5,000 - ₹15,000",E-commerce Website,7,Stressed,Free Shipping Threshold,Electronics,No
27,Male,Student,"₹2,000 - ₹5,000",E-commerce Website,4,Neutral,Social Media Ad,Beauty/Cosmetics,No
30,Male,Employed,"₹5,000 - ₹15,000",E-commerce Website,6,Sad,Limited Time Flash Sale,Clothing,Yes
23,Female,Student,"Above ₹15,000",Social Media Stores,5,Happy,Social Media Ad,Food/Snacks,Yes
18,Female,Self-employed,"₹5,000 - ₹15,000",E-commerce Website,7,Happy,Social Media Ad,Food/Snacks,Yes
26,Male,Student,"₹2,000 - ₹5,000",Social Media Stores,3,Stressed,Social Media Ad,Food/Snacks,No
39,Male,Employed,"Under ₹2,000",E-commerce Website,1,Neutral,Limited Time Flash Sale,Electronics,Yes
35,Female,Employed,"Under ₹2,000",Physical In-Store,3,Neutral,Social Media Ad,Beauty/Cosmetics,No
35,Female,Unemployed,"₹5,000 - ₹15,000",E-commerce Website,4,Bored,Social Media Ad,Clothing,No
37,Male,Employed,"₹2,000 - ₹5,000",Quick Commerce,4,Bored,Free Shipping Threshold,Food/Snacks,Yes
28,Female,Student,"₹2,000 - ₹5,000",Social Media Stores,6,Bored,Free Shipping Threshold,Clothing,No
29,Female,Student,"Above ₹15,000",E-commerce Website,8,Stressed,Attractive Packaging,Clothing,No
23,Female,Student,"₹2,000 - ₹5,000",Social Media Stores,3,Sad,Heavy Discount,Food/Snacks,Yes
25,Male,Employed,"₹5,000 - ₹15,000",Quick Commerce,4,Happy,Limited Time Flash Sale,Gaming/Digital,Yes
32,Male,Employed,"₹5,000 - ₹15,000",E-commerce Website,5,Bored,Attractive Packaging,Beauty/Cosmetics,Yes
37,Male,Employed,"₹5,000 - ₹15,000",E-commerce Website,9,Happy,Social Media Ad,Food/Snacks,Yes
26,Female,Student,"₹2,000 - ₹5,000",E-commerce Website,3,Happy,Social Media Ad,Electronics,No
24,Female,Employed,"₹2,000 - ₹5,000",Physical In-Store,3,Bored,Heavy Discount,Clothing,Yes
28,Male,Employed,"Above ₹15,000",E-commerce Website,3,Bored,Free Shipping Threshold,Clothing,No
32,Other,Unemployed,"₹2,000 - ₹5,000",Social Media Stores,6,Stressed,Limited Time Flash Sale,Clothing,No
18,Male,Employed,"₹5,000 - ₹15,000",E-commerce Website,2,Neutral,Attractive Packaging,Electronics,No
18,Male,Employed,"₹5,000 - ₹15,000",E-commerce Website,3,Bored,Free Shipping Threshold,Food/Snacks,Yes
23,Female,Employed,"Under ₹2,000",E-commerce Website,2,Bored,Attractive Packaging,Beauty/Cosmetics,No
18,Female,Student,"₹5,000 - ₹15,000",E-commerce Website,9,Neutral,Heavy Discount,Food/Snacks,Yes
23,Male,Employed,"₹5,000 - ₹15,000",E-commerce Website,9,Stressed,Attractive Packaging,Gaming/Digital,No
26,Female,Employed,"₹5,000 - ₹15,000",Social Media Stores,8,Bored,Attractive Packaging,Electronics,Yes
24,Female,Student,"₹5,000 - ₹15,000",Physical In-Store,7,Neutral,Free Shipping Threshold,Beauty/Cosmetics,No
39,Female,Student,"Above ₹15,000",Quick Commerce,5,Stressed,Social Media Ad,Beauty/Cosmetics,Yes
30,Female,Student,"₹2,000 - ₹5,000",E-commerce Website,3,Stressed,Social Media Ad,Gaming/Digital,Yes
30,Male,Self-employed,"₹5,000 - ₹15,000",Social Media Stores,2,Neutral,Attractive Packaging,Gaming/Digital,Yes
32,Female,Student,"₹2,000 - ₹5,000",E-commerce Website,5,Sad,Attractive Packaging,Electronics,No
18,Female,Employed,"₹5,000 - ₹15,000",Social Media Stores,5,Neutral,Heavy Discount,Food/Snacks,No
36,Male,Student,"Under ₹2,000",Quick Commerce,4,Stressed,Limited Time Flash Sale,Clothing,Yes
27,Male,Employed,"Under ₹2,000",E-commerce Website,3,Happy,Attractive Packaging,Clothing,No
33,Female,Employed,"Under ₹2,000",Social Media Stores,4,Happy,Attractive Packaging,Beauty/Cosmetics,No
19,Male,Self-employed,"₹2,000 - ₹5,000",E-commerce Website,8,Neutral,Social Media Ad,Gaming/Digital,No
18,Female,Student,"Under ₹2,000",E-commerce Website,4,Happy,Limited Time Flash Sale,Beauty/Cosmetics,No
34,Other,Employed,"₹5,000 - ₹15,000",Quick Commerce,6,Sad,Heavy Discount,Electronics,Yes
31,Male,Employed,"₹2,000 - ₹5,000",E-commerce Website,5,Bored,Attractive Packaging,Beauty/Cosmetics,Yes
20,Male,Unemployed,"₹5,000 - ₹15,000",E-commerce Website,4,Bored,Social Media Ad,Food/Snacks,Yes
21,Female,Student,"Under ₹2,000",E-commerce Website,5,Bored,Free Shipping Threshold,Food/Snacks,Yes
37,Female,Student,"₹2,000 - ₹5,000",E-commerce Website,1,Happy,Free Shipping Threshold,Clothing,No
18,Female,Employed,"₹2,000 - ₹5,000",Quick Commerce,7,Neutral,Limited Time Flash Sale,Electronics,No
41,Female,Student,"₹2,000 - ₹5,000",E-commerce Website,3,Neutral,Heavy Discount,Gaming/Digital,No
20,Female,Student,"Under ₹2,000",E-commerce Website,4,Bored,Social Media Ad,Clothing,Yes
33,Female,Employed,"Above ₹15,000",E-commerce Website,5,Neutral,Free Shipping Threshold,Beauty/Cosmetics,Yes
25,Male,Employed,"₹2,000 - ₹5,000",E-commerce Website,7,Neutral,Free Shipping Threshold,Beauty/Cosmetics,Yes
32,Male,Employed,"₹5,000 - ₹15,000",E-commerce Website,4,Neutral,Attractive Packaging,Food/Snacks,No
23,Female,Employed,"₹2,000 - ₹5,000",E-commerce Website,1,Bored,Heavy Discount,Beauty/Cosmetics,Yes
26,Female,Employed,"Above ₹15,000",E-commerce Website,7,Sad,Free Shipping Threshold,Gaming/Digital,No
28,Female,Employed,"₹2,000 - ₹5,000",Quick Commerce,5,Stressed,Heavy Discount,Food/Snacks,No
19,Other,Employed,"Above ₹15,000",Physical In-Store,5,Sad,Free Shipping Threshold,Clothing,No
33,Female,Employed,"₹2,000 - ₹5,000",Physical In-Store,4,Happy,Free Shipping Threshold,Gaming/Digital,No
23,Female,Student,"Under ₹2,000",Quick Commerce,3,Sad,Free Shipping Threshold,Food/Snacks,Yes
26,Male,Student,"₹5,000 - ₹15,000",Social Media Stores,8,Stressed,Limited Time Flash Sale,Food/Snacks,Yes
20,Female,Employed,"₹5,000 - ₹15,000",Quick Commerce,7,Bored,Heavy Discount,Beauty/Cosmetics,No
18,Female,Employed,"Under ₹2,000",Social Media Stores,4,Neutral,Limited Time Flash Sale,Clothing,Yes
26,Female,Employed,"₹2,000 - ₹5,000",E-commerce Website,6,Sad,Social Media Ad,Electronics,No
47,Male,Employed,"₹5,000 - ₹15,000",Social Media Stores,4,Neutral,Social Media Ad,Food/Snacks,No
34,Female,Student,"Under ₹2,000",Physical In-Store,6,Neutral,Attractive Packaging,Gaming/Digital,No
27,Female,Student,"₹2,000 - ₹5,000",Social Media Stores,3,Bored,Attractive Packaging,Beauty/Cosmetics,No
25,Male,Student,"₹5,000 - ₹15,000",E-commerce Website,3,Sad,Limited Time Flash Sale,Beauty/Cosmetics,No
28,Female,Employed,"₹5,000 - ₹15,000",Quick Commerce,6,Happy,Attractive Packaging,Clothing,Yes
32,Female,Employed,"Under ₹2,000",Social Media Stores,4,Stressed,Heavy Discount,Gaming/Digital,No
18,Male,Employed,"₹5,000 - ₹15,000",E-commerce Website,5,Neutral,Limited Time Flash Sale,Beauty/Cosmetics,Yes
36,Female,Employed,"Under ₹2,000",E-commerce Website,13,Neutral,Limited Time Flash Sale,Gaming/Digital,Yes
33,Male,Self-employed,"₹2,000 - ₹5,000",Physical In-Store,5,Bored,Limited Time Flash Sale,Beauty/Cosmetics,No
33,Male,Unemployed,"₹2,000 - ₹5,000",Social Media Stores,6,Happy,Free Shipping Threshold,Electronics,No
31,Male,Employed,"Above ₹15,000",E-commerce Website,4,Neutral,Limited Time Flash Sale,Gaming/Digital,Yes
28,Female,Self-employed,"Under ₹2,000",E-commerce Website,2,Bored,Attractive Packaging,Gaming/Digital,No
33,Other,Employed,"Under ₹2,000",Quick Commerce,6,Neutral,Free Shipping Threshold,Food/Snacks,No
32,Female,Self-employed,"₹5,000 - ₹15,000",Quick Commerce,6,Happy,Social Media Ad,Gaming/Digital,Yes
25,Female,Self-employed,"₹2,000 - ₹5,000",Quick Commerce,6,Neutral,Free Shipping Threshold,Beauty/Cosmetics,No
23,Male,Unemployed,"₹5,000 - ₹15,000",E-commerce Website,5,Happy,Free Shipping Threshold,Food/Snacks,No
28,Male,Employed,"Above ₹15,000",Social Media Stores,5,Stressed,Attractive Packaging,Food/Snacks,Yes
40,Female,Employed,"Above ₹15,000",Quick Commerce,10,Neutral,Attractive Packaging,Gaming/Digital,No
18,Male,Employed,"₹2,000 - ₹5,000",E-commerce Website,5,Stressed,Social Media Ad,Food/Snacks,Yes
18,Female,Student,"₹5,000 - ₹15,000",E-commerce Website,6,Happy,Limited Time Flash Sale,Gaming/Digital,No
29,Female,Employed,"Above ₹15,000",Quick Commerce,5,Happy,Attractive Packaging,Gaming/Digital,No
28,Other,Self-employed,"Under ₹2,000",Quick Commerce,6,Bored,Limited Time Flash Sale,Food/Snacks,Yes
29,Male,Student,"₹2,000 - ₹5,000",Social Media Stores,4,Stressed,Attractive Packaging,Beauty/Cosmetics,No
29,Female,Employed,"₹2,000 - ₹5,000",E-commerce Website,8,Stressed,Attractive Packaging,Food/Snacks,Yes
26,Female,Employed,"₹2,000 - ₹5,000",E-commerce Website,5,Bored,Free Shipping Threshold,Clothing,Yes
39,Male,Employed,"Above ₹15,000",Social Media Stores,9,Bored,Free Shipping Threshold,Gaming/Digital,Yes
18,Female,Self-employed,"₹5,000 - ₹15,000",E-commerce Website,6,Happy,Free Shipping Threshold,Electronics,No
21,Male,Self-employed,"₹2,000 - ₹5,000",Social Media Stores,3,Stressed,Attractive Packaging,Electronics,Yes
27,Male,Employed,"₹5,000 - ₹15,000",E-commerce Website,6,Happy,Limited Time Flash Sale,Electronics,Yes
18,Male,Student,"₹2,000 - ₹5,000",E-commerce Website,4,Happy,Attractive Packaging,Electronics,No
26,Male,Employed,"Above ₹15,000",E-commerce Website,8,Sad,Attractive Packaging,Gaming/Digital,No
41,Female,Employed,"₹2,000 - ₹5,000",E-commerce Website,7,Neutral,Free Shipping Threshold,Gaming/Digital,Yes
28,Male,Employed,"₹2,000 - ₹5,000",Social Media Stores,2,Bored,Limited Time Flash Sale,Food/Snacks,Yes
29,Male,Student,"₹2,000 - ₹5,000",E-commerce Website,5,Stressed,Attractive Packaging,Food/Snacks,Yes
18,Male,Employed,"₹5,000 - ₹15,000",Social Media Stores,5,Happy,Limited Time Flash Sale,Electronics,Yes
23,Male,Employed,"₹2,000 - ₹5,000",Social Media Stores,6,Sad,Attractive Packaging,Gaming/Digital,Yes
24,Male,Employed,"Under ₹2,000",E-commerce Website,6,Stressed,Heavy Discount,Food/Snacks,Yes
25,Male,Employed,"Above ₹15,000",Quick Commerce,8,Stressed,Social Media Ad,Food/Snacks,Yes
38,Female,Employed,"Above ₹15,000",Social Media Stores,5,Sad,Attractive Packaging,Food/Snacks,No
32,Female,Student,"₹5,000 - ₹15,000",Social Media Stores,2,Sad,Limited Time Flash Sale,Gaming/Digital,Yes
19,Female,Unemployed,"Above ₹15,000",Quick Commerce,4,Neutral,Free Shipping Threshold,Clothing,No
29,Female,Employed,"Above ₹15,000",E-commerce Website,8,Happy,Social Media Ad,Electronics,No
31,Female,Student,"₹5,000 - ₹15,000",E-commerce Website,4,Bored,Social Media Ad,Food/Snacks,No
37,Female,Employed,"₹5,000 - ₹15,000",Physical In-Store,5,Happy,Heavy Discount,Food/Snacks,No
40,Female,Self-employed,"Above ₹15,000",E-commerce Website,5,Stressed,Heavy Discount,Electronics,Yes
19,Male,Employed,"₹5,000 - ₹15,000",E-commerce Website,4,Neutral,Attractive Packaging,Gaming/Digital,No
21,Female,Employed,"Under ₹2,000",Social Media Stores,4,Happy,Social Media Ad,Beauty/Cosmetics,No
18,Male,Student,"₹2,000 - ₹5,000",Physical In-Store,2,Stressed,Limited Time Flash Sale,Electronics,No
26,Male,Employed,"₹2,000 - ₹5,000",Physical In-Store,7,Neutral,Free Shipping Threshold,Electronics,No
31,Female,Employed,"Above ₹15,000",E-commerce Website,4,Neutral,Social Media Ad,Beauty/Cosmetics,No
35,Male,Employed,"₹5,000 - ₹15,000",E-commerce Website,5,Happy,Free Shipping Threshold,Beauty/Cosmetics,Yes
27,Male,Self-employed,"Above ₹15,000",Social Media Stores,6,Stressed,Attractive Packaging,Electronics,Yes
25,Male,Student,"₹5,000 - ₹15,000",Social Media Stores,5,Happy,Heavy Discount,Food/Snacks,No
29,Male,Student,"₹2,000 - ₹5,000",E-commerce Website,6,Sad,Heavy Discount,Beauty/Cosmetics,No
21,Male,Self-employed,"₹5,000 - ₹15,000",Physical In-Store,6,Sad,Free Shipping Threshold,Clothing,No
44,Female,Employed,"Under ₹2,000",E-commerce Website,3,Sad,Limited Time Flash Sale,Clothing,Yes
18,Female,Student,"₹2,000 - ₹5,000",Social Media Stores,5,Happy,Limited Time Flash Sale,Electronics,Yes
29,Female,Employed,"₹5,000 - ₹15,000",Quick Commerce,6,Neutral,Attractive Packaging,Food/Snacks,No
44,Male,Self-employed,"₹5,000 - ₹15,000",E-commerce Website,5,Stressed,Attractive Packaging,Beauty/Cosmetics,Yes
28,Other,Student,"₹5,000 - ₹15,000",Quick Commerce,3,Bored,Limited Time Flash Sale,Electronics,Yes
26,Female,Student,"₹2,000 - ₹5,000",Quick Commerce,3,Bored,Attractive Packaging,Beauty/Cosmetics,No
25,Male,Student,"₹5,000 - ₹15,000",Physical In-Store,6,Bored,Free Shipping Threshold,Clothing,No
26,Female,Self-employed,"₹2,000 - ₹5,000",Quick Commerce,3,Bored,Free Shipping Threshold,Food/Snacks,Yes
38,Female,Self-employed,"₹5,000 - ₹15,000",E-commerce Website,6,Bored,Social Media Ad,Clothing,Yes
18,Female,Employed,"₹2,000 - ₹5,000",Quick Commerce,7,Stressed,Heavy Discount,Gaming/Digital,Yes
40,Male,Employed,"₹5,000 - ₹15,000",E-commerce Website,7,Bored,Limited Time Flash Sale,Clothing,Yes
18,Female,Employed,"Under ₹2,000",E-commerce Website,6,Stressed,Free Shipping Threshold,Beauty/Cosmetics,Yes
25,Female,Student,"₹2,000 - ₹5,000",Quick Commerce,5,Bored,Social Media Ad,Gaming/Digital,Yes
24,Female,Self-employed,"₹5,000 - ₹15,000",E-commerce Website,2,Bored,Limited Time Flash Sale,Clothing,Yes
32,Female,Student,"₹5,000 - ₹15,000",Quick Commerce,3,Happy,Social Media Ad,Gaming/Digital,Yes
18,Female,Employed,"₹5,000 - ₹15,000",E-commerce Website,7,Bored,Limited Time Flash Sale,Clothing,No
31,Female,Employed,"₹5,000 - ₹15,000",Social Media Stores,7,Bored,Attractive Packaging,Food/Snacks,Yes
44,Male,Student,"Above ₹15,000",E-commerce Website,1,Bored,Heavy Discount,Clothing,Yes
18,Female,Employed,"Above ₹15,000",Quick Commerce,7,Neutral,Limited Time Flash Sale,Clothing,Yes
29,Male,Employed,"₹2,000 - ₹5,000",E-commerce Website,3,Happy,Free Shipping Threshold,Clothing,No
22,Female,Employed,"₹2,000 - ₹5,000",E-commerce Website,4,Happy,Attractive Packaging,Food/Snacks,Yes
31,Female,Student,"₹5,000 - ₹15,000",Social Media Stores,5,Stressed,Social Media Ad,Food/Snacks,No
28,Male,Student,"Under ₹2,000",Quick Commerce,10,Happy,Limited Time Flash Sale,Clothing,Yes
22,Female,Employed,"₹2,000 - ₹5,000",E-commerce Website,4,Sad,Attractive Packaging,Beauty/Cosmetics,No
31,Male,Unemployed,"₹2,000 - ₹5,000",E-commerce Website,3,Happy,Limited Time Flash Sale,Food/Snacks,Yes
42,Male,Student,"₹2,000 - ₹5,000",E-commerce Website,4,Happy,Attractive Packaging,Gaming/Digital,No
26,Male,Unemployed,"₹5,000 - ₹15,000",E-commerce Website,8,Stressed,Social Media Ad,Gaming/Digital,Yes
33,Male,Employed,"₹2,000 - ₹5,000",Quick Commerce,5,Happy,Limited Time Flash Sale,Beauty/Cosmetics,Yes
18,Male,Self-employed,"Under ₹2,000",Physical In-Store,9,Neutral,Free Shipping Threshold,Clothing,Yes
20,Male,Student,"Above ₹15,000",Social Media Stores,4,Bored,Social Media Ad,Food/Snacks,Yes
31,Female,Employed,"Above ₹15,000",E-commerce Website,4,Neutral,Attractive Packaging,Beauty/Cosmetics,No
39,Female,Student,"Above ₹15,000",E-commerce Website,6,Happy,Free Shipping Threshold,Clothing,Yes
30,Female,Employed,"₹2,000 - ₹5,000",E-commerce Website,6,Neutral,Limited Time Flash Sale,Electronics,Yes
25,Male,Unemployed,"Under ₹2,000",Quick Commerce,8,Stressed,Free Shipping Threshold,Gaming/Digital,No
27,Female,Student,"Under ₹2,000",E-commerce Website,2,Bored,Social Media Ad,Beauty/Cosmetics,Yes
18,Female,Employed,"₹2,000 - ₹5,000",E-commerce Website,1,Bored,Limited Time Flash Sale,Food/Snacks,No
32,Male,Student,"₹2,000 - ₹5,000",Physical In-Store,6,Bored,Limited Time Flash Sale,Electronics,Yes
35,Female,Employed,"Above ₹15,000",Social Media Stores,7,Stressed,Free Shipping Threshold,Electronics,Yes
24,Male,Student,"Above ₹15,000",E-commerce Website,7,Stressed,Limited Time Flash Sale,Electronics,Yes
24,Female,Student,"₹5,000 - ₹15,000",Quick Commerce,2,Happy,Social Media Ad,Clothing,Yes
30,Female,Employed,"₹5,000 - ₹15,000",Social Media Stores,7,Bored,Free Shipping Threshold,Gaming/Digital,Yes
24,Male,Employed,"₹5,000 - ₹15,000",E-commerce Website,6,Neutral,Heavy Discount,Food/Snacks,Yes
27,Female,Student,"₹5,000 - ₹15,000",E-commerce Website,1,Stressed,Free Shipping Threshold,Food/Snacks,Yes
44,Male,Student,"Above ₹15,000",E-commerce Website,6,Neutral,Heavy Discount,Clothing,No
26,Male,Student,"₹5,000 - ₹15,000",Quick Commerce,5,Bored,Limited Time Flash Sale,Beauty/Cosmetics,Yes
25,Female,Unemployed,"Under ₹2,000",E-commerce Website,8,Neutral,Heavy Discount,Clothing,Yes
22,Female,Employed,"Under ₹2,000",E-commerce Website,6,Bored,Attractive Packaging,Clothing,No
33,Female,Employed,"₹5,000 - ₹15,000",E-commerce Website,1,Bored,Attractive Packaging,Clothing,No
26,Female,Employed,"₹2,000 - ₹5,000",Social Media Stores,3,Bored,Free Shipping Threshold,Electronics,Yes
22,Male,Student,"Above ₹15,000",Social Media Stores,5,Neutral,Attractive Packaging,Electronics,Yes
38,Female,Employed,"₹5,000 - ₹15,000",Quick Commerce,1,Happy,Attractive Packaging,Electronics,No
39,Male,Student,"₹5,000 - ₹15,000",E-commerce Website,4,Stressed,Heavy Discount,Clothing,Yes
23,Male,Employed,"Under ₹2,000",E-commerce Website,5,Happy,Limited Time Flash Sale,Electronics,Yes
18,Female,Employed,"₹2,000 - ₹5,000",E-commerce Website,4,Stressed,Heavy Discount,Clothing,Yes
36,Male,Employed,"₹2,000 - ₹5,000",Quick Commerce,8,Neutral,Free Shipping Threshold,Gaming/Digital,Yes
22,Male,Student,"₹5,000 - ₹15,000",Quick Commerce,5,Sad,Free Shipping Threshold,Electronics,Yes
34,Male,Student,"₹2,000 - ₹5,000",Quick Commerce,4,Happy,Limited Time Flash Sale,Beauty/Cosmetics,Yes
18,Male,Employed,"Above ₹15,000",E-commerce Website,5,Bored,Social Media Ad,Gaming/Digital,No
35,Male,Employed,"₹5,000 - ₹15,000",E-commerce Website,4,Happy,Social Media Ad,Food/Snacks,No
18,Male,Student,"₹5,000 - ₹15,000",E-commerce Website,6,Stressed,Attractive Packaging,Beauty/Cosmetics,Yes
33,Male,Student,"Above ₹15,000",E-commerce Website,6,Happy,Heavy Discount,Beauty/Cosmetics,No
28,Female,Self-employed,"Above ₹15,000",Physical In-Store,6,Bored,Limited Time Flash Sale,Electronics,Yes
20,Female,Employed,"Under ₹2,000",E-commerce Website,7,Sad,Attractive Packaging,Electronics,No
24,Female,Unemployed,"₹5,000 - ₹15,000",E-commerce Website,4,Bored,Free Shipping Threshold,Clothing,Yes
33,Female,Student,"Under ₹2,000",E-commerce Website,4,Neutral,Free Shipping Threshold,Food/Snacks,No
28,Male,Employed,"₹2,000 - ₹5,000",E-commerce Website,1,Neutral,Limited Time Flash Sale,Beauty/Cosmetics,No
32,Male,Student,"Under ₹2,000",E-commerce Website,8,Bored,Social Media Ad,Electronics,Yes
43,Male,Employed,"₹5,000 - ₹15,000",Social Media Stores,8,Happy,Free Shipping Threshold,Beauty/Cosmetics,No
18,Female,Student,"₹2,000 - ₹5,000",E-commerce Website,4,Happy,Attractive Packaging,Beauty/Cosmetics,Yes
40,Female,Student,"₹5,000 - ₹15,000",Social Media Stores,7,Neutral,Free Shipping Threshold,Clothing,No
28,Female,Student,"₹5,000 - ₹15,000",E-commerce Website,7,Sad,Social Media Ad,Gaming/Digital,No
20,Male,Employed,"₹5,000 - ₹15,000",Quick Commerce,4,Stressed,Limited Time Flash Sale,Clothing,Yes
18,Male,Employed,"₹2,000 - ₹5,000",E-commerce Website,7,Stressed,Attractive Packaging,Beauty/Cosmetics,No
26,Female,Employed,"₹5,000 - ₹15,000",E-commerce Website,6,Bored,Social Media Ad,Gaming/Digital,No
35,Male,Self-employed,"₹5,000 - ₹15,000",Social Media Stores,4,Happy,Limited Time Flash Sale,Gaming/Digital,Yes
26,Female,Employed,"₹2,000 - ₹5,000",Quick Commerce,6,Neutral,Free Shipping Threshold,Food/Snacks,Yes
40,Female,Employed,"Above ₹15,000",E-commerce Website,6,Stressed,Free Shipping Threshold,Electronics,Yes
18,Female,Unemployed,"₹2,000 - ₹5,000",Physical In-Store,9,Neutral,Attractive Packaging,Gaming/Digital,No
27,Female,Employed,"₹5,000 - ₹15,000",Quick Commerce,6,Bored,Free Shipping Threshold,Gaming/Digital,Yes
18,Female,Student,"₹5,000 - ₹15,000",E-commerce Website,7,Neutral,Social Media Ad,Electronics,No
30,Female,Unemployed,"Under ₹2,000",E-commerce Website,4,Bored,Limited Time Flash Sale,Food/Snacks,Yes
35,Female,Student,"₹2,000 - ₹5,000",Quick Commerce,3,Neutral,Heavy Discount,Gaming/Digital,Yes
24,Male,Employed,"₹5,000 - ₹15,000",Quick Commerce,2,Stressed,Heavy Discount,Food/Snacks,Yes
18,Female,Employed,"₹2,000 - ₹5,000",E-commerce Website,3,Bored,Limited Time Flash Sale,Food/Snacks,Yes
29,Female,Employed,"₹2,000 - ₹5,000",Quick Commerce,7,Neutral,Limited Time Flash Sale,Gaming/Digital,No
31,Male,Employed,"₹5,000 - ₹15,000",E-commerce Website,6,Sad,Attractive Packaging,Electronics,Yes
31,Male,Student,"₹5,000 - ₹15,000",Physical In-Store,3,Happy,Heavy Discount,Food/Snacks,No
37,Male,Employed,"₹5,000 - ₹15,000",Social Media Stores,2,Stressed,Social Media Ad,Electronics,Yes
19,Female,Employed,"Above ₹15,000",E-commerce Website,9,Stressed,Social Media Ad,Beauty/Cosmetics,Yes
33,Female,Student,"₹2,000 - ₹5,000",E-commerce Website,6,Happy,Free Shipping Threshold,Gaming/Digital,No
37,Male,Employed,"₹5,000 - ₹15,000",Quick Commerce,7,Stressed,Heavy Discount,Clothing,Yes
18,Male,Student,"₹5,000 - ₹15,000",E-commerce Website,6,Happy,Attractive Packaging,Gaming/Digital,No
30,Female,Self-employed,"₹2,000 - ₹5,000",Social Media Stores,6,Happy,Heavy Discount,Electronics,No
23,Female,Employed,"Above ₹15,000",E-commerce Website,5,Happy,Heavy Discount,Gaming/Digital,No
27,Female,Self-employed,"Above ₹15,000",E-commerce Website,4,Neutral,Free Shipping Threshold,Beauty/Cosmetics,No
30,Male,Student,"₹2,000 - ₹5,000",Social Media Stores,10,Neutral,Attractive Packaging,Food/Snacks,No
24,Female,Student,"₹5,000 - ₹15,000",Social Media Stores,6,Neutral,Attractive Packaging,Clothing,No
22,Female,Student,"₹5,000 - ₹15,000",Quick Commerce,8,Stressed,Heavy Discount,Electronics,Yes
28,Male,Student,"₹2,000 - ₹5,000",Quick Commerce,3,Bored,Free Shipping Threshold,Electronics,Yes
19,Male,Employed,"Above ₹15,000",E-commerce Website,2,Happy,Heavy Discount,Clothing,No
19,Male,Unemployed,"₹5,000 - ₹15,000",E-commerce Website,8,Neutral,Limited Time Flash Sale,Gaming/Digital,No
33,Male,Employed,"₹5,000 - ₹15,000",E-commerce Website,9,Happy,Attractive Packaging,Clothing,No
18,Other,Unemployed,"₹2,000 - ₹5,000",E-commerce Website,2,Bored,Social Media Ad,Electronics,Yes
33,Male,Student,"₹2,000 - ₹5,000",E-commerce Website,2,Neutral,Heavy Discount,Gaming/Digital,Yes
31,Male,Self-employed,"₹2,000 - ₹5,000",E-commerce Website,6,Sad,Heavy Discount,Electronics,No
18,Female,Student,"₹5,000 - ₹15,000",Social Media Stores,6,Bored,Attractive Packaging,Electronics,No
22,Male,Self-employed,"₹5,000 - ₹15,000",E-commerce Website,5,Happy,Social Media Ad,Beauty/Cosmetics,Yes
37,Female,Student,"Under ₹2,000",Quick Commerce,3,Bored,Limited Time Flash Sale,Food/Snacks,Yes
20,Male,Self-employed,"₹2,000 - ₹5,000",E-commerce Website,7,Stressed,Limited Time Flash Sale,Food/Snacks,Yes
24,Female,Student,"₹2,000 - ₹5,000",E-commerce Website,5,Bored,Social Media Ad,Clothing,No
31,Male,Employed,"₹5,000 - ₹15,000",Social Media Stores,3,Happy,Limited Time Flash Sale,Gaming/Digital,Yes
34,Female,Employed,"₹5,000 - ₹15,000",Social Media Stores,6,Stressed,Limited Time Flash Sale,Electronics,Yes
25,Female,Employed,"₹2,000 - ₹5,000",Physical In-Store,4,Bored,Free Shipping Threshold,Food/Snacks,No
23,Female,Employed,"Under ₹2,000",E-commerce Website,8,Bored,Attractive Packaging,Clothing,Yes
39,Female,Unemployed,"₹2,000 - ₹5,000",E-commerce Website,6,Happy,Limited Time Flash Sale,Gaming/Digital,No
41,Female,Employed,"₹2,000 - ₹5,000",Quick Commerce,6,Happy,Social Media Ad,Gaming/Digital,Yes
35,Male,Employed,"₹5,000 - ₹15,000",Quick Commerce,3,Bored,Free Shipping Threshold,Gaming/Digital,Yes
28,Female,Student,"Under ₹2,000",E-commerce Website,7,Bored,Heavy Discount,Clothing,No
21,Female,Employed,"₹2,000 - ₹5,000",E-commerce Website,7,Bored,Attractive Packaging,Electronics,Yes
21,Female,Employed,"₹5,000 - ₹15,000",E-commerce Website,1,Stressed,Free Shipping Threshold,Clothing,Yes
32,Male,Self-employed,"Above ₹15,000",E-commerce Website,4,Happy,Limited Time Flash Sale,Clothing,No
31,Male,Employed,"Above ₹15,000",E-commerce Website,4,Neutral,Limited Time Flash Sale,Beauty/Cosmetics,No
39,Female,Employed,"Above ₹15,000",E-commerce Website,6,Bored,Social Media Ad,Beauty/Cosmetics,Yes
33,Male,Student,"₹5,000 - ₹15,000",E-commerce Website,4,Bored,Heavy Discount,Gaming/Digital,No
18,Male,Student,"₹5,000 - ₹15,000",E-commerce Website,5,Neutral,Social Media Ad,Beauty/Cosmetics,No
36,Male,Employed,"₹5,000 - ₹15,000",E-commerce Website,5,Happy,Limited Time Flash Sale,Electronics,Yes
20,Female,Employed,"Above ₹15,000",E-commerce Website,6,Sad,Heavy Discount,Electronics,No
24,Other,Student,"Above ₹15,000",Quick Commerce,6,Stressed,Limited Time Flash Sale,Beauty/Cosmetics,Yes
30,Female,Student,"₹2,000 - ₹5,000",Quick Commerce,3,Neutral,Social Media Ad,Food/Snacks,No
43,Male,Self-employed,"₹2,000 - ₹5,000",E-commerce Website,6,Stressed,Attractive Packaging,Gaming/Digital,No
52,Male,Student,"₹2,000 - ₹5,000",Physical In-Store,7,Neutral,Social Media Ad,Gaming/Digital,No
32,Male,Self-employed,"₹5,000 - ₹15,000",E-commerce Website,4,Stressed,Free Shipping Threshold,Gaming/Digital,Yes
26,Female,Student,"₹5,000 - ₹15,000",E-commerce Website,3,Neutral,Attractive Packaging,Gaming/Digital,No
32,Female,Student,"Above ₹15,000",E-commerce Website,8,Bored,Attractive Packaging,Electronics,Yes
35,Male,Employed,"₹2,000 - ₹5,000",Social Media Stores,8,Sad,Attractive Packaging,Electronics,No
25,Female,Employed,"₹2,000 - ₹5,000",E-commerce Website,7,Bored,Social Media Ad,Gaming/Digital,Yes
42,Female,Employed,"Above ₹15,000",E-commerce Website,1,Neutral,Attractive Packaging,Food/Snacks,No
29,Male,Employed,"₹2,000 - ₹5,000",Social Media Stores,3,Neutral,Heavy Discount,Clothing,Yes
31,Male,Student,"₹2,000 - ₹5,000",E-commerce Website,6,Stressed,Free Shipping Threshold,Gaming/Digital,Yes
33,Other,Employed,"₹5,000 - ₹15,000",E-commerce Website,11,Happy,Social Media Ad,Electronics,Yes
31,Male,Employed,"Under ₹2,000",Social Media Stores,6,Stressed,Social Media Ad,Electronics,Yes
34,Female,Employed,"₹2,000 - ₹5,000",E-commerce Website,6,Happy,Social Media Ad,Clothing,Yes
23,Female,Self-employed,"₹2,000 - ₹5,000",Social Media Stores,5,Stressed,Heavy Discount,Clothing,No
23,Female,Employed,"Under ₹2,000",Quick Commerce,10,Neutral,Limited Time Flash Sale,Food/Snacks,Yes
19,Female,Employed,"₹5,000 - ₹15,000",Quick Commerce,2,Bored,Heavy Discount,Electronics,No
31,Female,Self-employed,"₹2,000 - ₹5,000",E-commerce Website,2,Sad,Limited Time Flash Sale,Clothing,No
34,Female,Self-employed,"₹2,000 - ₹5,000",E-commerce Website,7,Bored,Attractive Packaging,Electronics,Yes
31,Female,Employed,"Under ₹2,000",E-commerce Website,5,Neutral,Heavy Discount,Food/Snacks,No
41,Female,Student,"₹5,000 - ₹15,000",Quick Commerce,4,Bored,Attractive Packaging,Electronics,No
27,Male,Self-employed,"₹2,000 - ₹5,000",Quick Commerce,6,Neutral,Attractive Packaging,Beauty/Cosmetics,No
33,Male,Student,"₹2,000 - ₹5,000",E-commerce Website,2,Sad,Social Media Ad,Clothing,No
19,Female,Student,"₹2,000 - ₹5,000",Quick Commerce,4,Neutral,Attractive Packaging,Clothing,Yes
24,Female,Employed,"₹2,000 - ₹5,000",E-commerce Website,6,Bored,Attractive Packaging,Food/Snacks,No
33,Male,Employed,"₹2,000 - ₹5,000",E-commerce Website,3,Stressed,Attractive Packaging,Food/Snacks,No
34,Male,Self-employed,"₹5,000 - ₹15,000",E-commerce Website,7,Bored,Heavy Discount,Food/Snacks,No
25,Female,Employed,"Above ₹15,000",E-commerce Website,6,Stressed,Free Shipping Threshold,Clothing,Yes
27,Male,Unemployed,"Above ₹15,000",Quick Commerce,5,Happy,Attractive Packaging,Clothing,Yes
18,Female,Student,"₹5,000 - ₹15,000",E-commerce Website,3,Neutral,Free Shipping Threshold,Beauty/Cosmetics,No
25,Female,Student,"Under ₹2,000",Quick Commerce,4,Stressed,Attractive Packaging,Clothing,No
35,Female,Employed,"₹5,000 - ₹15,000",Quick Commerce,8,Stressed,Free Shipping Threshold,Electronics,No
32,Male,Unemployed,"Under ₹2,000",Quick Commerce,5,Stressed,Heavy Discount,Clothing,Yes
32,Male,Employed,"₹5,000 - ₹15,000",E-commerce Website,3,Bored,Social Media Ad,Clothing,No
28,Male,Student,"₹2,000 - ₹5,000",Social Media Stores,6,Sad,Limited Time Flash Sale,Food/Snacks,Yes
28,Male,Student,"₹5,000 - ₹15,000",E-commerce Website,5,Bored,Free Shipping Threshold,Clothing,No
22,Female,Student,"Above ₹15,000",Social Media Stores,6,Neutral,Free Shipping Threshold,Beauty/Cosmetics,Yes
33,Female,Employed,"₹2,000 - ₹5,000",E-commerce Website,5,Stressed,Attractive Packaging,Electronics,Yes
31,Male,Student,"₹2,000 - ₹5,000",Social Media Stores,2,Neutral,Attractive Packaging,Beauty/Cosmetics,No
31,Male,Self-employed,"₹5,000 - ₹15,000",Social Media Stores,3,Sad,Limited Time Flash Sale,Gaming/Digital,No
23,Male,Employed,"Under ₹2,000",Social Media Stores,4,Neutral,Free Shipping Threshold,Electronics,No
18,Other,Employed,"Above ₹15,000",Quick Commerce,2,Stressed,Attractive Packaging,Gaming/Digital,Yes
36,Female,Student,"₹2,000 - ₹5,000",Physical In-Store,4,Neutral,Social Media Ad,Clothing,No
24,Female,Student,"Under ₹2,000",E-commerce Website,5,Happy,Attractive Packaging,Food/Snacks,No
21,Female,Employed,"₹5,000 - ₹15,000",E-commerce Website,5,Bored,Attractive Packaging,Beauty/Cosmetics,No
33,Female,Self-employed,"₹2,000 - ₹5,000",E-commerce Website,7,Neutral,Attractive Packaging,Electronics,Yes
24,Female,Employed,"Under ₹2,000",E-commerce Website,7,Stressed,Heavy Discount,Electronics,Yes
36,Male,Self-employed,"₹5,000 - ₹15,000",E-commerce Website,7,Neutral,Free Shipping Threshold,Food/Snacks,No
32,Female,Self-employed,"₹5,000 - ₹15,000",Quick Commerce,10,Happy,Free Shipping Threshold,Beauty/Cosmetics,Yes
33,Male,Student,"₹5,000 - ₹15,000",Quick Commerce,10,Bored,Social Media Ad,Food/Snacks,No
18,Female,Student,"₹5,000 - ₹15,000",Physical In-Store,6,Neutral,Social Media Ad,Gaming/Digital,Yes
37,Male,Employed,"Under ₹2,000",E-commerce Website,5,Bored,Social Media Ad,Clothing,Yes
30,Female,Employed,"₹2,000 - ₹5,000",E-commerce Website,2,Bored,Attractive Packaging,Gaming/Digital,Yes
25,Male,Student,"₹2,000 - ₹5,000",E-commerce Website,4,Stressed,Attractive Packaging,Food/Snacks,No
29,Female,Employed,"Above ₹15,000",Social Media Stores,6,Happy,Social Media Ad,Electronics,No
18,Male,Employed,"Under ₹2,000",Physical In-Store,4,Stressed,Free Shipping Threshold,Beauty/Cosmetics,No
31,Female,Self-employed,"₹2,000 - ₹5,000",Social Media Stores,3,Stressed,Limited Time Flash Sale,Electronics,Yes
19,Female,Student,"Above ₹15,000",E-commerce Website,2,Stressed,Free Shipping Threshold,Food/Snacks,Yes
18,Male,Student,"Above ₹15,000",Quick Commerce,5,Bored,Attractive Packaging,Food/Snacks,Yes
18,Female,Employed,"₹5,000 - ₹15,000",Quick Commerce,6,Sad,Social Media Ad,Electronics,No
36,Female,Employed,"Under ₹2,000",Quick Commerce,9,Bored,Heavy Discount,Electronics,Yes
22,Male,Employed,"₹5,000 - ₹15,000",E-commerce Website,7,Stressed,Social Media Ad,Electronics,No
40,Female,Self-employed,"₹2,000 - ₹5,000",E-commerce Website,8,Neutral,Attractive Packaging,Beauty/Cosmetics,No
23,Female,Employed,"₹5,000 - ₹15,000",E-commerce Website,4,Neutral,Limited Time Flash Sale,Clothing,Yes
18,Female,Employed,"Under ₹2,000",Social Media Stores,4,Neutral,Social Media Ad,Clothing,No
19,Male,Student,"Under ₹2,000",E-commerce Website,2,Neutral,Free Shipping Threshold,Food/Snacks,No
37,Female,Employed,"₹2,000 - ₹5,000",Social Media Stores,6,Sad,Attractive Packaging,Beauty/Cosmetics,No
26,Female,Employed,"Under ₹2,000",Social Media Stores,2,Neutral,Heavy Discount,Electronics,Yes
23,Male,Self-employed,"₹5,000 - ₹15,000",E-commerce Website,3,Bored,Attractive Packaging,Clothing,No
29,Female,Unemployed,"₹5,000 - ₹15,000",Quick Commerce,3,Happy,Social Media Ad,Beauty/Cosmetics,Yes
32,Male,Employed,"₹5,000 - ₹15,000",E-commerce Website,2,Stressed,Heavy Discount,Electronics,No
36,Male,Employed,"₹2,000 - ₹5,000",E-commerce Website,8,Bored,Free Shipping Threshold,Beauty/Cosmetics,No
39,Female,Student,"Above ₹15,000",Social Media Stores,11,Bored,Social Media Ad,Beauty/Cosmetics,Yes
25,Female,Student,"Under ₹2,000",Quick Commerce,8,Stressed,Attractive Packaging,Gaming/Digital,Yes
18,Female,Student,"₹2,000 - ₹5,000",Social Media Stores,5,Sad,Free Shipping Threshold,Beauty/Cosmetics,No
24,Male,Student,"₹2,000 - ₹5,000",Social Media Stores,7,Stressed,Limited Time Flash Sale,Gaming/Digital,Yes
30,Male,Employed,"Under ₹2,000",Quick Commerce,5,Bored,Limited Time Flash Sale,Food/Snacks,Yes
20,Male,Employed,"Under ₹2,000",E-commerce Website,4,Bored,Limited Time Flash Sale,Beauty/Cosmetics,Yes
20,Female,Employed,"₹2,000 - ₹5,000",Quick Commerce,3,Stressed,Free Shipping Threshold,Clothing,No
30,Female,Employed,"Above ₹15,000",E-commerce Website,6,Neutral,Limited Time Flash Sale,Beauty/Cosmetics,Yes
27,Female,Employed,"Above ₹15,000",E-commerce Website,6,Happy,Heavy Discount,Clothing,No
28,Male,Employed,"₹2,000 - ₹5,000",E-commerce Website,4,Neutral,Free Shipping Threshold,Electronics,No
21,Female,Student,"Under ₹2,000",E-commerce Website,4,Happy,Heavy Discount,Clothing,No
26,Female,Unemployed,"Under ₹2,000",E-commerce Website,0,Bored,Social Media Ad,Food/Snacks,Yes
20,Female,Student,"₹2,000 - ₹5,000",E-commerce Website,7,Stressed,Limited Time Flash Sale,Beauty/Cosmetics,Yes
35,Male,Self-employed,"₹2,000 - ₹5,000",E-commerce Website,4,Stressed,Attractive Packaging,Gaming/Digital,Yes
36,Female,Employed,"Under ₹2,000",E-commerce Website,5,Neutral,Heavy Discount,Beauty/Cosmetics,No
18,Male,Employed,"₹5,000 - ₹15,000",E-commerce Website,6,Sad,Limited Time Flash Sale,Gaming/Digital,No
20,Male,Student,"₹5,000 - ₹15,000",Quick Commerce,7,Stressed,Limited Time Flash Sale,Gaming/Digital,Yes
18,Male,Student,"₹2,000 - ₹5,000",E-commerce Website,4,Sad,Social Media Ad,Beauty/Cosmetics,No
22,Male,Employed,"₹5,000 - ₹15,000",E-commerce Website,7,Neutral,Heavy Discount,Clothing,Yes
27,Male,Employed,"₹5,000 - ₹15,000",Physical In-Store,3,Bored,Attractive Packaging,Electronics,Yes
18,Male,Student,"₹2,000 - ₹5,000",E-commerce Website,3,Sad,Heavy Discount,Clothing,No
20,Male,Employed,"Under ₹2,000",Quick Commerce,7,Neutral,Attractive Packaging,Clothing,Yes
19,Female,Student,"Above ₹15,000",Quick Commerce,6,Stressed,Heavy Discount,Food/Snacks,Yes
29,Male,Employed,"₹5,000 - ₹15,000",Quick Commerce,8,Neutral,Free Shipping Threshold,Electronics,No
28,Female,Self-employed,"₹2,000 - ₹5,000",E-commerce Website,4,Neutral,Limited Time Flash Sale,Clothing,No
22,Male,Self-employed,"₹5,000 - ₹15,000",E-commerce Website,8,Stressed,Social Media Ad,Electronics,Yes
29,Female,Employed,"₹2,000 - ₹5,000",E-commerce Website,7,Stressed,Free Shipping Threshold,Gaming/Digital,No
23,Female,Student,"₹5,000 - ₹15,000",Social Media Stores,3,Neutral,Heavy Discount,Beauty/Cosmetics,Yes
25,Male,Student,"₹2,000 - ₹5,000",Quick Commerce,6,Neutral,Free Shipping Threshold,Beauty/Cosmetics,Yes
41,Female,Unemployed,"₹2,000 - ₹5,000",Quick Commerce,3,Neutral,Social Media Ad,Beauty/Cosmetics,No
38,Male,Student,"₹5,000 - ₹15,000",E-commerce Website,4,Neutral,Attractive Packaging,Electronics,No
18,Female,Self-employed,"₹5,000 - ₹15,000",E-commerce Website,6,Bored,Free Shipping Threshold,Clothing,Yes
34,Female,Employed,"Under ₹2,000",E-commerce Website,3,Bored,Heavy Discount,Electronics,Yes
34,Male,Unemployed,"Under ₹2,000",Social Media Stores,5,Stressed,Heavy Discount,Beauty/Cosmetics,Yes
18,Male,Employed,"₹2,000 - ₹5,000",E-commerce Website,7,Neutral,Limited Time Flash Sale,Clothing,Yes
34,Male,Employed,"₹2,000 - ₹5,000",E-commerce Website,8,Happy,Free Shipping Threshold,Food/Snacks,No
40,Male,Employed,"₹2,000 - ₹5,000",Quick Commerce,3,Neutral,Attractive Packaging,Beauty/Cosmetics,No
19,Female,Unemployed,"₹5,000 - ₹15,000",Social Media Stores,8,Bored,Heavy Discount,Clothing,Yes
20,Female,Unemployed,"Under ₹2,000",Physical In-Store,4,Sad,Limited Time Flash Sale,Clothing,No
36,Male,Employed,"₹5,000 - ₹15,000",Physical In-Store,3,Stressed,Free Shipping Threshold,Gaming/Digital,Yes
30,Male,Employed,"₹5,000 - ₹15,000",Social Media Stores,1,Sad,Social Media Ad,Food/Snacks,No
32,Male,Employed,"Under ₹2,000",E-commerce Website,6,Stressed,Free Shipping Threshold,Food/Snacks,Yes
30,Male,Employed,"₹5,000 - ₹15,000",Social Media Stores,3,Stressed,Limited Time Flash Sale,Gaming/Digital,No
31,Female,Self-employed,"Above ₹15,000",E-commerce Website,9,Neutral,Heavy Discount,Clothing,No
18,Male,Employed,"Under ₹2,000",Quick Commerce,1,Stressed,Social Media Ad,Food/Snacks,Yes
36,Female,Employed,"Above ₹15,000",Social Media Stores,4,Bored,Heavy Discount,Food/Snacks,Yes
37,Male,Employed,"₹5,000 - ₹15,000",Quick Commerce,5,Bored,Attractive Packaging,Electronics,Yes
26,Male,Employed,"₹5,000 - ₹15,000",E-commerce Website,2,Bored,Limited Time Flash Sale,Clothing,Yes
27,Female,Self-employed,"Under ₹2,000",E-commerce Website,4,Happy,Free Shipping Threshold,Gaming/Digital,No
18,Female,Employed,"₹5,000 - ₹15,000",E-commerce Website,5,Bored,Attractive Packaging,Beauty/Cosmetics,Yes
32,Male,Student,"₹2,000 - ₹5,000",Quick Commerce,2,Bored,Attractive Packaging,Gaming/Digital,Yes
32,Female,Employed,"₹5,000 - ₹15,000",E-commerce Website,6,Happy,Social Media Ad,Electronics,No
27,Female,Student,"₹5,000 - ₹15,000",E-commerce Website,6,Sad,Social Media Ad,Electronics,Yes
36,Male,Employed,"₹5,000 - ₹15,000",E-commerce Website,9,Sad,Attractive Packaging,Beauty/Cosmetics,Yes
25,Female,Self-employed,"₹2,000 - ₹5,000",Social Media Stores,5,Neutral,Heavy Discount,Clothing,No
32,Female,Employed,"Under ₹2,000",Quick Commerce,7,Happy,Limited Time Flash Sale,Food/Snacks,Yes
19,Male,Self-employed,"Under ₹2,000",Quick Commerce,6,Bored,Attractive Packaging,Gaming/Digital,Yes
27,Female,Student,"Above ₹15,000",E-commerce Website,3,Neutral,Free Shipping Threshold,Gaming/Digital,No
26,Male,Self-employed,"Under ₹2,000",Quick Commerce,5,Bored,Limited Time Flash Sale,Beauty/Cosmetics,Yes
29,Male,Employed,"₹2,000 - ₹5,000",Physical In-Store,5,Sad,Limited Time Flash Sale,Clothing,No
25,Female,Student,"₹2,000 - ₹5,000",Quick Commerce,6,Sad,Free Shipping Threshold,Clothing,Yes
26,Female,Employed,"Above ₹15,000",E-commerce Website,7,Bored,Social Media Ad,Food/Snacks,Yes
34,Female,Unemployed,"₹2,000 - ₹5,000",E-commerce Website,8,Bored,Free Shipping Threshold,Gaming/Digital,No
24,Male,Student,"Above ₹15,000",E-commerce Website,3,Bored,Social Media Ad,Gaming/Digital,No
18,Male,Employed,"₹5,000 - ₹15,000",Physical In-Store,3,Neutral,Social Media Ad,Beauty/Cosmetics,Yes
41,Female,Self-employed,"Above ₹15,000",E-commerce Website,5,Neutral,Limited Time Flash Sale,Gaming/Digital,Yes
39,Male,Student,"Under ₹2,000",E-commerce Website,5,Stressed,Social Media Ad,Clothing,Yes
18,Female,Employed,"₹2,000 - ₹5,000",E-commerce Website,5,Happy,Limited Time Flash Sale,Clothing,No
33,Female,Employed,"Under ₹2,000",E-commerce Website,5,Bored,Heavy Discount,Food/Snacks,No
23,Female,Employed,"₹2,000 - ₹5,000",E-commerce Website,4,Bored,Free Shipping Threshold,Beauty/Cosmetics,No
30,Male,Employed,"₹5,000 - ₹15,000",Quick Commerce,3,Happy,Free Shipping Threshold,Gaming/Digital,Yes
30,Male,Student,"Under ₹2,000",Quick Commerce,3,Bored,Social Media Ad,Food/Snacks,Yes
26,Female,Employed,"Under ₹2,000",Quick Commerce,5,Bored,Social Media Ad,Clothing,Yes
21,Female,Student,"₹5,000 - ₹15,000",Social Media Stores,5,Neutral,Heavy Discount,Clothing,No
22,Female,Employed,"₹2,000 - ₹5,000",Social Media Stores,8,Bored,Heavy Discount,Food/Snacks,Yes
20,Male,Employed,"₹2,000 - ₹5,000",Quick Commerce,1,Neutral,Limited Time Flash Sale,Electronics,Yes
21,Female,Employed,"Under ₹2,000",Social Media Stores,5,Stressed,Attractive Packaging,Electronics,Yes
27,Female,Employed,"₹5,000 - ₹15,000",E-commerce Website,2,Sad,Heavy Discount,Beauty/Cosmetics,Yes
22,Male,Self-employed,"₹5,000 - ₹15,000",E-commerce Website,1,Stressed,Heavy Discount,Clothing,Yes
33,Female,Self-employed,"₹5,000 - ₹15,000",E-commerce Website,9,Happy,Free Shipping Threshold,Food/Snacks,Yes
39,Female,Self-employed,"₹2,000 - ₹5,000",Quick Commerce,2,Sad,Free Shipping Threshold,Electronics,No
23,Male,Employed,"₹2,000 - ₹5,000",Social Media Stores,8,Bored,Heavy Discount,Beauty/Cosmetics,Yes
29,Male,Self-employed,"₹5,000 - ₹15,000",E-commerce Website,9,Neutral,Heavy Discount,Clothing,No
31,Female,Self-employed,"₹5,000 - ₹15,000",Physical In-Store,7,Stressed,Free Shipping Threshold,Food/Snacks,Yes
31,Female,Employed,"₹5,000 - ₹15,000",E-commerce Website,3,Neutral,Heavy Discount,Beauty/Cosmetics,Yes
28,Female,Student,"₹5,000 - ₹15,000",Social Media Stores,5,Happy,Heavy Discount,Gaming/Digital,No
33,Male,Student,"Under ₹2,000",E-commerce Website,7,Bored,Attractive Packaging,Gaming/Digital,Yes
31,Male,Employed,"Above ₹15,000",E-commerce Website,6,Stressed,Heavy Discount,Beauty/Cosmetics,Yes
18,Other,Self-employed,"₹5,000 - ₹15,000",E-commerce Website,1,Bored,Social Media Ad,Electronics,No
34,Female,Employed,"₹5,000 - ₹15,000",Social Media Stores,5,Stressed,Social Media Ad,Beauty/Cosmetics,No
35,Male,Employed,"Above ₹15,000",Quick Commerce,7,Bored,Attractive Packaging,Electronics,Yes
21,Female,Student,"Under ₹2,000",Quick Commerce,4,Stressed,Heavy Discount,Electronics,Yes
28,Male,Student,"₹5,000 - ₹15,000",Physical In-Store,7,Neutral,Attractive Packaging,Food/Snacks,No
33,Male,Employed,"Above ₹15,000",E-commerce Website,4,Bored,Heavy Discount,Clothing,Yes
26,Male,Unemployed,"₹2,000 - ₹5,000",E-commerce Website,5,Happy,Heavy Discount,Food/Snacks,No
36,Male,Employed,"Under ₹2,000",E-commerce Website,3,Stressed,Heavy Discount,Clothing,No
46,Female,Self-employed,"₹5,000 - ₹15,000",Social Media Stores,5,Happy,Social Media Ad,Clothing,Yes
21,Female,Student,"Under ₹2,000",E-commerce Website,2,Bored,Social Media Ad,Food/Snacks,No
18,Other,Employed,"Above ₹15,000",Social Media Stores,4,Neutral,Limited Time Flash Sale,Clothing,No
30,Female,Employed,"Under ₹2,000",E-commerce Website,8,Sad,Attractive Packaging,Electronics,No
33,Male,Self-employed,"₹5,000 - ₹15,000",Quick Commerce,4,Bored,Free Shipping Threshold,Gaming/Digital,Yes
26,Female,Student,"₹2,000 - ₹5,000",Physical In-Store,2,Happy,Attractive Packaging,Electronics,Yes
39,Other,Student,"₹2,000 - ₹5,000",E-commerce Website,8,Bored,Attractive Packaging,Beauty/Cosmetics,Yes
18,Female,Student,"Above ₹15,000",Social Media Stores,2,Neutral,Social Media Ad,Clothing,No
33,Female,Self-employed,"₹5,000 - ₹15,000",Social Media Stores,4,Happy,Heavy Discount,Food/Snacks,No
23,Female,Student,"₹2,000 - ₹5,000",E-commerce Website,3,Bored,Attractive Packaging,Gaming/Digital,No
41,Male,Student,"₹2,000 - ₹5,000",Quick Commerce,10,Bored,Attractive Packaging,Food/Snacks,Yes
43,Female,Employed,"₹5,000 - ₹15,000",E-commerce Website,4,Happy,Attractive Packaging,Clothing,No
21,Female,Employed,"₹5,000 - ₹15,000",E-commerce Website,5,Bored,Limited Time Flash Sale,Gaming/Digital,Yes
23,Other,Self-employed,"₹5,000 - ₹15,000",Quick Commerce,5,Sad,Social Media Ad,Clothing,No
34,Male,Self-employed,"₹5,000 - ₹15,000",E-commerce Website,5,Stressed,Social Media Ad,Clothing,No
24,Female,Employed,"₹2,000 - ₹5,000",E-commerce Website,5,Happy,Limited Time Flash Sale,Clothing,Yes
27,Female,Self-employed,"Above ₹15,000",Social Media Stores,9,Happy,Limited Time Flash Sale,Beauty/Cosmetics,No
28,Male,Employed,"₹5,000 - ₹15,000",Social Media Stores,3,Neutral,Limited Time Flash Sale,Gaming/Digital,Yes
18,Female,Student,"₹5,000 - ₹15,000",E-commerce Website,2,Neutral,Limited Time Flash Sale,Beauty/Cosmetics,No
27,Male,Self-employed,"₹5,000 - ₹15,000",E-commerce Website,2,Stressed,Social Media Ad,Electronics,Yes
22,Male,Employed,"₹5,000 - ₹15,000",E-commerce Website,4,Neutral,Limited Time Flash Sale,Beauty/Cosmetics,Yes
24,Male,Employed,"₹5,000 - ₹15,000",Physical In-Store,11,Neutral,Social Media Ad,Electronics,No
39,Female,Employed,"₹5,000 - ₹15,000",Quick Commerce,7,Neutral,Heavy Discount,Gaming/Digital,No
18,Male,Employed,"Above ₹15,000",E-commerce Website,3,Bored,Attractive Packaging,Food/Snacks,Yes
34,Female,Student,"₹5,000 - ₹15,000",E-commerce Website,8,Stressed,Free Shipping Threshold,Gaming/Digital,Yes
25,Male,Employed,"₹5,000 - ₹15,000",Social Media Stores,1,Bored,Social Media Ad,Electronics,No
25,Male,Self-employed,"Above ₹15,000",Social Media Stores,4,Sad,Social Media Ad,Gaming/Digital,Yes
34,Male,Employed,"₹2,000 - ₹5,000",Social Media Stores,7,Stressed,Free Shipping Threshold,Gaming/Digital,Yes
30,Male,Student,"₹2,000 - ₹5,000",E-commerce Website,3,Bored,Heavy Discount,Beauty/Cosmetics,Yes
32,Female,Unemployed,"₹5,000 - ₹15,000",Quick Commerce,9,Bored,Heavy Discount,Clothing,Yes
35,Female,Student,"Above ₹15,000",E-commerce Website,4,Stressed,Attractive Packaging,Clothing,Yes
25,Male,Employed,"Under ₹2,000",E-commerce Website,5,Happy,Limited Time Flash Sale,Clothing,No
23,Male,Student,"₹2,000 - ₹5,000",Quick Commerce,5,Sad,Attractive Packaging,Beauty/Cosmetics,No
19,Female,Student,"₹2,000 - ₹5,000",E-commerce Website,4,Bored,Free Shipping Threshold,Beauty/Cosmetics,No
21,Male,Employed,"₹2,000 - ₹5,000",Quick Commerce,9,Neutral,Limited Time Flash Sale,Electronics,Yes
51,Other,Employed,"₹2,000 - ₹5,000",E-commerce Website,4,Bored,Limited Time Flash Sale,Electronics,Yes
37,Female,Self-employed,"₹5,000 - ₹15,000",Quick Commerce,4,Neutral,Free Shipping Threshold,Clothing,No
18,Male,Unemployed,"Above ₹15,000",E-commerce Website,2,Stressed,Social Media Ad,Clothing,Yes
18,Male,Self-employed,"₹5,000 - ₹15,000",Quick Commerce,5,Neutral,Attractive Packaging,Beauty/Cosmetics,No
31,Female,Employed,"₹2,000 - ₹5,000",Social Media Stores,3,Neutral,Free Shipping Threshold,Gaming/Digital,Yes
32,Male,Employed,"Above ₹15,000",Social Media Stores,7,Happy,Free Shipping Threshold,Beauty/Cosmetics,Yes
32,Male,Self-employed,"₹5,000 - ₹15,000",E-commerce Website,4,Neutral,Attractive Packaging,Food/Snacks,Yes
25,Male,Employed,"₹2,000 - ₹5,000",Quick Commerce,8,Sad,Free Shipping Threshold,Clothing,No
26,Female,Employed,"₹2,000 - ₹5,000",E-commerce Website,6,Neutral,Social Media Ad,Beauty/Cosmetics,No
30,Female,Employed,"₹5,000 - ₹15,000",E-commerce Website,1,Happy,Attractive Packaging,Electronics,No
28,Male,Employed,"₹5,000 - ₹15,000",Social Media Stores,3,Stressed,Free Shipping Threshold,Beauty/Cosmetics,No
18,Female,Employed,"₹5,000 - ₹15,000",E-commerce Website,6,Stressed,Limited Time Flash Sale,Food/Snacks,Yes
26,Male,Employed,"Under ₹2,000",E-commerce Website,4,Bored,Attractive Packaging,Food/Snacks,No
21,Female,Employed,"₹5,000 - ₹15,000",Social Media Stores,2,Stressed,Free Shipping Threshold,Clothing,Yes
29,Male,Employed,"₹2,000 - ₹5,000",E-commerce Website,4,Neutral,Social Media Ad,Clothing,No
51,Female,Employed,"₹5,000 - ₹15,000",Quick Commerce,3,Stressed,Limited Time Flash Sale,Food/Snacks,Yes
30,Other,Self-employed,"₹5,000 - ₹15,000",Social Media Stores,3,Sad,Social Media Ad,Electronics,No
25,Male,Unemployed,"₹2,000 - ₹5,000",E-commerce Website,4,Stressed,Free Shipping Threshold,Gaming/Digital,Yes
35,Male,Student,"₹2,000 - ₹5,000",E-commerce Website,14,Sad,Limited Time Flash Sale,Electronics,Yes
31,Male,Student,"Under ₹2,000",Social Media Stores,5,Happy,Attractive Packaging,Clothing,No
31,Male,Employed,"₹2,000 - ₹5,000",Quick Commerce,7,Neutral,Limited Time Flash Sale,Clothing,Yes
32,Male,Employed,"Under ₹2,000",E-commerce Website,4,Stressed,Social Media Ad,Beauty/Cosmetics,Yes
44,Female,Student,"₹5,000 - ₹15,000",E-commerce Website,4,Neutral,Heavy Discount,Gaming/Digital,No
18,Female,Employed,"₹5,000 - ₹15,000",E-commerce Website,2,Bored,Free Shipping Threshold,Gaming/Digital,Yes
31,Male,Self-employed,"₹5,000 - ₹15,000",Social Media Stores,6,Happy,Heavy Discount,Electronics,No
20,Female,Employed,"₹5,000 - ₹15,000",Social Media Stores,4,Bored,Free Shipping Threshold,Electronics,Yes
32,Female,Employed,"₹5,000 - ₹15,000",E-commerce Website,0,Stressed,Heavy Discount,Beauty/Cosmetics,No
20,Female,Employed,"Above ₹15,000",Social Media Stores,5,Happy,Limited Time Flash Sale,Clothing,Yes
24,Male,Employed,"₹2,000 - ₹5,000",Quick Commerce,2,Bored,Limited Time Flash Sale,Electronics,Yes
25,Male,Student,"₹5,000 - ₹15,000",Physical In-Store,8,Bored,Attractive Packaging,Beauty/Cosmetics,No
35,Female,Employed,"Under ₹2,000",Social Media Stores,6,Neutral,Limited Time Flash Sale,Food/Snacks,Yes
35,Male,Student,"Under ₹2,000",Quick Commerce,5,Stressed,Limited Time Flash Sale,Food/Snacks,Yes
18,Female,Employed,"₹5,000 - ₹15,000",Quick Commerce,7,Sad,Heavy Discount,Beauty/Cosmetics,No
28,Female,Employed,"₹2,000 - ₹5,000",E-commerce Website,4,Happy,Free Shipping Threshold,Food/Snacks,Yes
22,Male,Employed,"₹5,000 - ₹15,000",E-commerce Website,2,Sad,Limited Time Flash Sale,Food/Snacks,No
18,Male,Employed,"₹2,000 - ₹5,000",Quick Commerce,4,Stressed,Limited Time Flash Sale,Food/Snacks,Yes
26,Female,Employed,"Under ₹2,000",Physical In-Store,3,Bored,Social Media Ad,Clothing,No
25,Female,Student,"Above ₹15,000",E-commerce Website,3,Happy,Heavy Discount,Beauty/Cosmetics,Yes
47,Female,Student,"Under ₹2,000",E-commerce Website,11,Happy,Limited Time Flash Sale,Gaming/Digital,No
31,Male,Employed,"Under ₹2,000",Social Media Stores,2,Neutral,Limited Time Flash Sale,Clothing,Yes
18,Female,Student,"₹2,000 - ₹5,000",E-commerce Website,3,Neutral,Attractive Packaging,Electronics,No
23,Female,Student,"Above ₹15,000",Quick Commerce,5,Neutral,Social Media Ad,Food/Snacks,Yes
36,Female,Employed,"₹2,000 - ₹5,000",E-commerce Website,7,Sad,Free Shipping Threshold,Food/Snacks,No
44,Male,Employed,"₹5,000 - ₹15,000",Social Media Stores,5,Neutral,Heavy Discount,Clothing,No
18,Male,Employed,"₹5,000 - ₹15,000",E-commerce Website,0,Sad,Free Shipping Threshold,Food/Snacks,Yes
18,Male,Employed,"₹5,000 - ₹15,000",E-commerce Website,5,Sad,Limited Time Flash Sale,Electronics,Yes
42,Female,Self-employed,"₹5,000 - ₹15,000",E-commerce Website,9,Stressed,Attractive Packaging,Electronics,No
31,Female,Self-employed,"₹2,000 - ₹5,000",Quick Commerce,4,Bored,Social Media Ad,Food/Snacks,No
21,Other,Employed,"Above ₹15,000",E-commerce Website,9,Stressed,Heavy Discount,Gaming/Digital,Yes
32,Other,Self-employed,"₹5,000 - ₹15,000",Social Media Stores,4,Bored,Social Media Ad,Beauty/Cosmetics,No
18,Male,Employed,"₹2,000 - ₹5,000",Social Media Stores,5,Bored,Social Media Ad,Food/Snacks,Yes
28,Male,Unemployed,"₹2,000 - ₹5,000",Physical In-Store,8,Stressed,Social Media Ad,Clothing,No
30,Male,Employed,"Above ₹15,000",Social Media Stores,5,Bored,Free Shipping Threshold,Beauty/Cosmetics,Yes
35,Male,Employed,"₹5,000 - ₹15,000",E-commerce Website,1,Bored,Social Media Ad,Beauty/Cosmetics,Yes
19,Female,Employed,"₹5,000 - ₹15,000",Social Media Stores,3,Happy,Limited Time Flash Sale,Electronics,Yes
28,Female,Employed,"₹5,000 - ₹15,000",E-commerce Website,8,Bored,Limited Time Flash Sale,Food/Snacks,Yes
20,Male,Employed,"₹5,000 - ₹15,000",Quick Commerce,3,Bored,Limited Time Flash Sale,Clothing,Yes
30,Female,Student,"Under ₹2,000",Social Media Stores,6,Neutral,Attractive Packaging,Clothing,Yes
20,Female,Student,"₹2,000 - ₹5,000",E-commerce Website,1,Bored,Attractive Packaging,Beauty/Cosmetics,Yes
24,Female,Employed,"₹5,000 - ₹15,000",E-commerce Website,2,Bored,Social Media Ad,Beauty/Cosmetics,Yes
20,Male,Self-employed,"Under ₹2,000",E-commerce Website,2,Neutral,Heavy Discount,Clothing,No
33,Female,Employed,"₹2,000 - ₹5,000",Quick Commerce,8,Stressed,Attractive Packaging,Food/Snacks,Yes
34,Male,Employed,"₹5,000 - ₹15,000",E-commerce Website,13,Happy,Free Shipping Threshold,Food/Snacks,No
26,Female,Employed,"Under ₹2,000",E-commerce Website,4,Neutral,Limited Time Flash Sale,Food/Snacks,Yes
28,Male,Student,"Under ₹2,000",E-commerce Website,3,Happy,Social Media Ad,Beauty/Cosmetics,Yes
18,Male,Employed,"₹5,000 - ₹15,000",Quick Commerce,3,Neutral,Free Shipping Threshold,Gaming/Digital,Yes
25,Other,Employed,"₹5,000 - ₹15,000",E-commerce Website,3,Sad,Free Shipping Threshold,Gaming/Digital,No
27,Female,Unemployed,"Under ₹2,000",E-commerce Website,5,Happy,Heavy Discount,Food/Snacks,Yes
48,Female,Student,"₹5,000 - ₹15,000",Social Media Stores,8,Neutral,Limited Time Flash Sale,Beauty/Cosmetics,No
19,Other,Employed,"₹5,000 - ₹15,000",Quick Commerce,3,Bored,Limited Time Flash Sale,Beauty/Cosmetics,Yes
39,Male,Student,"₹2,000 - ₹5,000",Social Media Stores,6,Bored,Attractive Packaging,Beauty/Cosmetics,Yes
35,Male,Student,"₹2,000 - ₹5,000",E-commerce Website,6,Neutral,Attractive Packaging,Beauty/Cosmetics,Yes
30,Female,Employed,"Under ₹2,000",E-commerce Website,6,Neutral,Free Shipping Threshold,Gaming/Digital,No
42,Male,Employed,"₹5,000 - ₹15,000",Physical In-Store,7,Bored,Free Shipping Threshold,Gaming/Digital,Yes
30,Female,Student,"₹5,000 - ₹15,000",E-commerce Website,4,Happy,Free Shipping Threshold,Food/Snacks,No
31,Male,Student,"₹5,000 - ₹15,000",E-commerce Website,7,Bored,Limited Time Flash Sale,Beauty/Cosmetics,Yes
27,Male,Employed,"Above ₹15,000",Social Media Stores,4,Bored,Free Shipping Threshold,Gaming/Digital,No
37,Female,Unemployed,"Under ₹2,000",Quick Commerce,5,Happy,Limited Time Flash Sale,Electronics,Yes
36,Male,Employed,"Under ₹2,000",Social Media Stores,5,Happy,Attractive Packaging,Clothing,No
22,Female,Employed,"Under ₹2,000",E-commerce Website,5,Happy,Heavy Discount,Electronics,No
18,Female,Student,"Under ₹2,000",Social Media Stores,9,Neutral,Attractive Packaging,Electronics,Yes
26,Female,Self-employed,"₹5,000 - ₹15,000",E-commerce Website,4,Bored,Limited Time Flash Sale,Electronics,Yes
21,Female,Employed,"₹5,000 - ₹15,000",E-commerce Website,4,Neutral,Limited Time Flash Sale,Electronics,Yes
27,Male,Self-employed,"₹2,000 - ₹5,000",E-commerce Website,4,Happy,Attractive Packaging,Electronics,Yes
37,Female,Student,"Under ₹2,000",Physical In-Store,6,Happy,Attractive Packaging,Gaming/Digital,Yes
24,Female,Employed,"Under ₹2,000",Physical In-Store,4,Happy,Limited Time Flash Sale,Food/Snacks,No
27,Female,Employed,"Above ₹15,000",E-commerce Website,7,Bored,Social Media Ad,Clothing,Yes
28,Female,Student,"₹5,000 - ₹15,000",E-commerce Website,4,Stressed,Attractive Packaging,Gaming/Digital,Yes
34,Female,Student,"₹5,000 - ₹15,000",E-commerce Website,6,Happy,Free Shipping Threshold,Food/Snacks,No
18,Female,Employed,"₹2,000 - ₹5,000",E-commerce Website,4,Sad,Attractive Packaging,Electronics,Yes
23,Female,Employed,"₹2,000 - ₹5,000",Quick Commerce,8,Bored,Heavy Discount,Electronics,Yes
29,Male,Student,"Under ₹2,000",Quick Commerce,0,Happy,Limited Time Flash Sale,Gaming/Digital,Yes
37,Male,Employed,"Above ₹15,000",Quick Commerce,6,Bored,Heavy Discount,Gaming/Digital,No
24,Female,Student,"₹5,000 - ₹15,000",Quick Commerce,8,Bored,Heavy Discount,Food/Snacks,No
18,Male,Student,"₹5,000 - ₹15,000",Quick Commerce,5,Neutral,Social Media Ad,Electronics,Yes
32,Male,Employed,"₹5,000 - ₹15,000",Social Media Stores,7,Stressed,Attractive Packaging,Clothing,Yes
22,Male,Employed,"₹5,000 - ₹15,000",Quick Commerce,7,Stressed,Free Shipping Threshold,Gaming/Digital,Yes
18,Female,Employed,"₹2,000 - ₹5,000",Social Media Stores,3,Happy,Attractive Packaging,Food/Snacks,Yes
23,Male,Employed,"₹2,000 - ₹5,000",Quick Commerce,2,Stressed,Limited Time Flash Sale,Clothing,Yes
26,Female,Employed,"₹5,000 - ₹15,000",E-commerce Website,5,Neutral,Attractive Packaging,Clothing,No
23,Male,Employed,"Under ₹2,000",Social Media Stores,8,Happy,Social Media Ad,Clothing,No
18,Female,Unemployed,"Under ₹2,000",Quick Commerce,7,Neutral,Free Shipping Threshold,Gaming/Digital,Yes
35,Male,Employed,"₹5,000 - ₹15,000",E-commerce Website,1,Bored,Limited Time Flash Sale,Food/Snacks,Yes
38,Female,Employed,"Above ₹15,000",E-commerce Website,2,Neutral,Limited Time Flash Sale,Electronics,Yes
33,Male,Student,"Above ₹15,000",E-commerce Website,6,Bored,Heavy Discount,Electronics,Yes
18,Other,Employed,"Under ₹2,000",Social Media Stores,3,Neutral,Limited Time Flash Sale,Food/Snacks,No
26,Female,Employed,"Under ₹2,000",Social Media Stores,11,Neutral,Social Media Ad,Gaming/Digital,No
27,Female,Employed,"₹5,000 - ₹15,000",E-commerce Website,8,Neutral,Heavy Discount,Gaming/Digital,No
32,Female,Employed,"₹5,000 - ₹15,000",E-commerce Website,3,Neutral,Attractive Packaging,Clothing,Yes
33,Male,Student,"Above ₹15,000",Quick Commerce,6,Happy,Free Shipping Threshold,Food/Snacks,Yes
22,Female,Student,"Above ₹15,000",Social Media Stores,6,Neutral,Free Shipping Threshold,Gaming/Digital,No
28,Female,Student,"₹5,000 - ₹15,000",E-commerce Website,10,Bored,Limited Time Flash Sale,Clothing,Yes
31,Female,Employed,"₹2,000 - ₹5,000",Quick Commerce,7,Bored,Free Shipping Threshold,Beauty/Cosmetics,Yes
39,Female,Employed,"Under ₹2,000",E-commerce Website,8,Stressed,Attractive Packaging,Electronics,No
33,Female,Student,"Under ₹2,000",E-commerce Website,3,Happy,Free Shipping Threshold,Electronics,Yes
34,Other,Employed,"₹5,000 - ₹15,000",Quick Commerce,4,Bored,Heavy Discount,Beauty/Cosmetics,Yes
28,Male,Student,"Under ₹2,000",Quick Commerce,1,Neutral,Limited Time Flash Sale,Beauty/Cosmetics,Yes
39,Female,Student,"₹5,000 - ₹15,000",E-commerce Website,4,Stressed,Social Media Ad,Electronics,Yes
31,Female,Employed,"₹5,000 - ₹15,000",Physical In-Store,6,Neutral,Free Shipping Threshold,Gaming/Digital,No
21,Female,Employed,"Under ₹2,000",E-commerce Website,3,Stressed,Free Shipping Threshold,Electronics,Yes
39,Male,Student,"Above ₹15,000",Quick Commerce,4,Bored,Limited Time Flash Sale,Gaming/Digital,Yes
33,Female,Student,"₹5,000 - ₹15,000",Quick Commerce,6,Sad,Heavy Discount,Electronics,Yes
24,Female,Self-employed,"Above ₹15,000",E-commerce Website,5,Bored,Limited Time Flash Sale,Clothing,Yes
24,Male,Student,"Above ₹15,000",E-commerce Website,4,Neutral,Social Media Ad,Gaming/Digital,Yes
30,Female,Employed,"Under ₹2,000",E-commerce Website,3,Neutral,Limited Time Flash Sale,Clothing,No
31,Male,Employed,"₹2,000 - ₹5,000",Quick Commerce,9,Bored,Limited Time Flash Sale,Clothing,Yes
29,Other,Employed,"Under ₹2,000",E-commerce Website,9,Neutral,Free Shipping Threshold,Clothing,Yes
30,Female,Employed,"₹5,000 - ₹15,000",E-commerce Website,8,Neutral,Social Media Ad,Clothing,No
41,Male,Self-employed,"₹5,000 - ₹15,000",Social Media Stores,2,Stressed,Attractive Packaging,Electronics,No
36,Male,Student,"Above ₹15,000",E-commerce Website,6,Neutral,Heavy Discount,Beauty/Cosmetics,No
29,Female,Employed,"₹2,000 - ₹5,000",E-commerce Website,4,Bored,Limited Time Flash Sale,Food/Snacks,Yes
35,Male,Student,"₹5,000 - ₹15,000",E-commerce Website,6,Neutral,Attractive Packaging,Clothing,No
19,Female,Employed,"Above ₹15,000",Social Media Stores,3,Happy,Free Shipping Threshold,Electronics,No
31,Female,Self-employed,"₹5,000 - ₹15,000",Quick Commerce,4,Bored,Social Media Ad,Food/Snacks,Yes
42,Female,Employed,"Under ₹2,000",E-commerce Website,8,Happy,Social Media Ad,Electronics,Yes
26,Male,Employed,"₹5,000 - ₹15,000",E-commerce Website,6,Stressed,Free Shipping Threshold,Clothing,Yes
21,Other,Self-employed,"Under ₹2,000",E-commerce Website,4,Neutral,Free Shipping Threshold,Electronics,Yes
22,Female,Student,"Under ₹2,000",E-commerce Website,3,Stressed,Heavy Discount,Food/Snacks,Yes
19,Male,Employed,"₹2,000 - ₹5,000",Physical In-Store,7,Bored,Attractive Packaging,Beauty/Cosmetics,No
21,Male,Self-employed,"₹2,000 - ₹5,000",E-commerce Website,3,Bored,Limited Time Flash Sale,Clothing,Yes
25,Male,Employed,"₹5,000 - ₹15,000",Quick Commerce,7,Stressed,Free Shipping Threshold,Clothing,Yes
18,Female,Student,"₹2,000 - ₹5,000",Quick Commerce,4,Happy,Social Media Ad,Clothing,No
28,Male,Student,"₹5,000 - ₹15,000",Social Media Stores,9,Happy,Free Shipping Threshold,Electronics,Yes
35,Male,Student,"Under ₹2,000",Social Media Stores,6,Happy,Free Shipping Threshold,Gaming/Digital,No
20,Female,Student,"Under ₹2,000",Quick Commerce,4,Sad,Social Media Ad,Clothing,Yes
40,Female,Employed,"Under ₹2,000",Social Media Stores,2,Sad,Social Media Ad,Clothing,Yes
32,Female,Student,"₹2,000 - ₹5,000",Social Media Stores,2,Happy,Social Media Ad,Electronics,Yes
36,Female,Student,"₹2,000 - ₹5,000",E-commerce Website,5,Sad,Free Shipping Threshold,Electronics,No
22,Male,Employed,"₹5,000 - ₹15,000",E-commerce Website,6,Neutral,Limited Time Flash Sale,Clothing,No
34,Female,Employed,"Above ₹15,000",E-commerce Website,5,Bored,Social Media Ad,Gaming/Digital,Yes
19,Male,Employed,"₹2,000 - ₹5,000",Quick Commerce,7,Neutral,Heavy Discount,Electronics,Yes
35,Female,Employed,"Under ₹2,000",E-commerce Website,8,Stressed,Heavy Discount,Electronics,Yes
29,Female,Student,"Under ₹2,000",E-commerce Website,3,Stressed,Limited Time Flash Sale,Clothing,Yes
32,Male,Student,"Above ₹15,000",Social Media Stores,5,Neutral,Limited Time Flash Sale,Gaming/Digital,Yes
18,Other,Student,"₹5,000 - ₹15,000",E-commerce Website,6,Happy,Free Shipping Threshold,Food/Snacks,No
20,Female,Employed,"₹5,000 - ₹15,000",Quick Commerce,9,Bored,Heavy Discount,Food/Snacks,Yes
32,Male,Student,"Under ₹2,000",E-commerce Website,2,Bored,Limited Time Flash Sale,Clothing,Yes
20,Female,Employed,"Under ₹2,000",Social Media Stores,4,Neutral,Attractive Packaging,Gaming/Digital,No
31,Female,Student,"Under ₹2,000",Social Media Stores,4,Stressed,Heavy Discount,Gaming/Digital,Yes
18,Female,Self-employed,"Above ₹15,000",Quick Commerce,9,Stressed,Free Shipping Threshold,Electronics,Yes
34,Female,Employed,"₹2,000 - ₹5,000",E-commerce Website,7,Bored,Limited Time Flash Sale,Clothing,Yes
18,Female,Employed,"₹5,000 - ₹15,000",Quick Commerce,9,Happy,Free Shipping Threshold,Food/Snacks,Yes
32,Male,Employed,"₹5,000 - ₹15,000",Physical In-Store,8,Neutral,Attractive Packaging,Electronics,No
33,Male,Employed,"₹5,000 - ₹15,000",E-commerce Website,6,Bored,Social Media Ad,Clothing,No
22,Female,Employed,"Under ₹2,000",E-commerce Website,5,Bored,Attractive Packaging,Electronics,Yes
32,Male,Self-employed,"₹5,000 - ₹15,000",Social Media Stores,10,Happy,Heavy Discount,Clothing,Yes
30,Female,Employed,"Under ₹2,000",E-commerce Website,5,Bored,Social Media Ad,Electronics,No
23,Male,Self-employed,"Above ₹15,000",E-commerce Website,2,Neutral,Heavy Discount,Electronics,No
19,Male,Employed,"Under ₹2,000",E-commerce Website,3,Stressed,Limited Time Flash Sale,Gaming/Digital,Yes
18,Male,Self-employed,"Under ₹2,000",E-commerce Website,2,Stressed,Limited Time Flash Sale,Beauty/Cosmetics,Yes
30,Female,Student,"₹2,000 - ₹5,000",E-commerce Website,4,Bored,Free Shipping Threshold,Clothing,Yes
18,Female,Student,"₹5,000 - ₹15,000",Physical In-Store,6,Neutral,Heavy Discount,Gaming/Digital,No
28,Male,Employed,"₹2,000 - ₹5,000",Quick Commerce,7,Happy,Social Media Ad,Clothing,No
25,Female,Student,"₹2,000 - ₹5,000",E-commerce Website,5,Happy,Social Media Ad,Gaming/Digital,No
33,Male,Student,"Under ₹2,000",E-commerce Website,4,Bored,Social Media Ad,Food/Snacks,No
25,Female,Employed,"Under ₹2,000",Social Media Stores,6,Bored,Limited Time Flash Sale,Gaming/Digital,No
25,Male,Employed,"₹5,000 - ₹15,000",E-commerce Website,2,Happy,Attractive Packaging,Food/Snacks,No
33,Female,Self-employed,"Under ₹2,000",E-commerce Website,9,Bored,Limited Time Flash Sale,Food/Snacks,Yes
30,Female,Employed,"₹5,000 - ₹15,000",E-commerce Website,8,Happy,Social Media Ad,Electronics,No
30,Female,Self-employed,"₹5,000 - ₹15,000",Quick Commerce,4,Neutral,Free Shipping Threshold,Beauty/Cosmetics,Yes
31,Male,Employed,"Above ₹15,000",Quick Commerce,3,Stressed,Social Media Ad,Clothing,Yes
18,Female,Student,"Under ₹2,000",E-commerce Website,6,Bored,Social Media Ad,Food/Snacks,Yes
34,Female,Student,"₹2,000 - ₹5,000",Physical In-Store,5,Happy,Attractive Packaging,Clothing,Yes
32,Female,Employed,"Above ₹15,000",E-commerce Website,6,Stressed,Free Shipping Threshold,Electronics,No
19,Male,Employed,"₹5,000 - ₹15,000",E-commerce Website,3,Neutral,Free Shipping Threshold,Beauty/Cosmetics,Yes
26,Male,Student,"Under ₹2,000",E-commerce Website,7,Bored,Attractive Packaging,Electronics,No
27,Female,Employed,"₹5,000 - ₹15,000",Quick Commerce,8,Neutral,Heavy Discount,Beauty/Cosmetics,No
26,Male,Employed,"Above ₹15,000",E-commerce Website,6,Bored,Attractive Packaging,Food/Snacks,Yes
30,Male,Employed,"₹2,000 - ₹5,000",Social Media Stores,2,Neutral,Social Media Ad,Gaming/Digital,No
39,Male,Self-employed,"₹5,000 - ₹15,000",E-commerce Website,6,Stressed,Limited Time Flash Sale,Beauty/Cosmetics,Yes
36,Female,Employed,"₹2,000 - ₹5,000",Quick Commerce,9,Neutral,Social Media Ad,Electronics,No
18,Male,Employed,"Under ₹2,000",Physical In-Store,5,Happy,Free Shipping Threshold,Clothing,No
32,Female,Unemployed,"Under ₹2,000",Social Media Stores,8,Stressed,Attractive Packaging,Food/Snacks,No
38,Female,Student,"Under ₹2,000",Social Media Stores,7,Neutral,Free Shipping Threshold,Beauty/Cosmetics,No
31,Male,Employed,"Under ₹2,000",Social Media Stores,1,Neutral,Free Shipping Threshold,Food/Snacks,No
36,Male,Self-employed,"Above ₹15,000",E-commerce Website,3,Happy,Social Media Ad,Food/Snacks,No
44,Male,Employed,"₹5,000 - ₹15,000",Physical In-Store,7,Neutral,Free Shipping Threshold,Beauty/Cosmetics,No
36,Female,Employed,"₹5,000 - ₹15,000",Social Media Stores,2,Neutral,Heavy Discount,Clothing,No
29,Female,Employed,"₹5,000 - ₹15,000",Quick Commerce,4,Stressed,Social Media Ad,Food/Snacks,Yes
36,Female,Employed,"₹2,000 - ₹5,000",Physical In-Store,4,Neutral,Limited Time Flash Sale,Food/Snacks,Yes
29,Male,Student,"₹2,000 - ₹5,000",E-commerce Website,3,Stressed,Social Media Ad,Electronics,Yes
28,Female,Unemployed,"Above ₹15,000",E-commerce Website,6,Neutral,Free Shipping Threshold,Food/Snacks,No
25,Female,Self-employed,"₹5,000 - ₹15,000",Social Media Stores,4,Happy,Limited Time Flash Sale,Food/Snacks,No
40,Female,Self-employed,"₹2,000 - ₹5,000",Social Media Stores,5,Sad,Social Media Ad,Food/Snacks,Yes
21,Female,Employed,"Above ₹15,000",Social Media Stores,4,Happy,Free Shipping Threshold,Food/Snacks,Yes
40,Male,Student,"₹2,000 - ₹5,000",E-commerce Website,2,Sad,Heavy Discount,Clothing,Yes
31,Female,Student,"Above ₹15,000",E-commerce Website,3,Bored,Free Shipping Threshold,Gaming/Digital,Yes
18,Male,Self-employed,"Above ₹15,000",Social Media Stores,4,Neutral,Heavy Discount,Gaming/Digital,Yes
30,Male,Employed,"₹2,000 - ₹5,000",E-commerce Website,3,Neutral,Attractive Packaging,Gaming/Digital,Yes
18,Female,Student,"Under ₹2,000",Physical In-Store,1,Happy,Free Shipping Threshold,Food/Snacks,No
33,Female,Employed,"Above ₹15,000",E-commerce Website,6,Bored,Free Shipping Threshold,Gaming/Digital,Yes
35,Female,Employed,"₹2,000 - ₹5,000",E-commerce Website,4,Happy,Heavy Discount,Clothing,No
23,Male,Employed,"Under ₹2,000",Quick Commerce,6,Stressed,Heavy Discount,Electronics,Yes
28,Male,Employed,"₹2,000 - ₹5,000",E-commerce Website,5,Bored,Social Media Ad,Beauty/Cosmetics,Yes
43,Female,Employed,"₹5,000 - ₹15,000",E-commerce Website,5,Neutral,Heavy Discount,Food/Snacks,No
23,Female,Self-employed,"₹5,000 - ₹15,000",E-commerce Website,9,Neutral,Limited Time Flash Sale,Food/Snacks,Yes
19,Male,Student,"Above ₹15,000",Social Media Stores,6,Neutral,Free Shipping Threshold,Food/Snacks,No
39,Female,Employed,"Above ₹15,000",E-commerce Website,6,Happy,Limited Time Flash Sale,Electronics,Yes
43,Male,Employed,"Above ₹15,000",Social Media Stores,4,Stressed,Attractive Packaging,Electronics,Yes
28,Female,Unemployed,"Under ₹2,000",E-commerce Website,6,Stressed,Attractive Packaging,Gaming/Digital,No
36,Female,Employed,"₹5,000 - ₹15,000",Physical In-Store,5,Neutral,Limited Time Flash Sale,Beauty/Cosmetics,No
38,Male,Employed,"₹2,000 - ₹5,000",E-commerce Website,10,Bored,Attractive Packaging,Clothing,No
22,Male,Employed,"Under ₹2,000",Quick Commerce,12,Bored,Free Shipping Threshold,Beauty/Cosmetics,No
24,Female,Employed,"₹5,000 - ₹15,000",E-commerce Website,6,Bored,Free Shipping Threshold,Clothing,Yes
37,Female,Unemployed,"₹2,000 - ₹5,000",Social Media Stores,1,Bored,Social Media Ad,Beauty/Cosmetics,Yes
41,Female,Self-employed,"Above ₹15,000",Quick Commerce,3,Happy,Social Media Ad,Beauty/Cosmetics,No
32,Female,Employed,"Under ₹2,000",Physical In-Store,3,Sad,Heavy Discount,Beauty/Cosmetics,No
20,Male,Employed,"₹5,000 - ₹15,000",Social Media Stores,3,Neutral,Heavy Discount,Electronics,No
43,Female,Student,"Under ₹2,000",E-commerce Website,8,Happy,Attractive Packaging,Electronics,Yes
23,Male,Employed,"Under ₹2,000",E-commerce Website,9,Happy,Social Media Ad,Beauty/Cosmetics,No
25,Female,Employed,"₹2,000 - ₹5,000",E-commerce Website,3,Stressed,Heavy Discount,Food/Snacks,Yes
30,Male,Employed,"₹2,000 - ₹5,000",Quick Commerce,3,Stressed,Social Media Ad,Beauty/Cosmetics,Yes
40,Female,Student,"₹2,000 - ₹5,000",E-commerce Website,3,Bored,Attractive Packaging,Gaming/Digital,Yes
34,Male,Self-employed,"Above ₹15,000",Physical In-Store,3,Sad,Attractive Packaging,Gaming/Digital,No
31,Male,Employed,"₹5,000 - ₹15,000",Physical In-Store,3,Bored,Attractive Packaging,Food/Snacks,No
31,Male,Employed,"₹2,000 - ₹5,000",E-commerce Website,9,Neutral,Social Media Ad,Beauty/Cosmetics,Yes
28,Female,Student,"Under ₹2,000",Quick Commerce,3,Sad,Heavy Discount,Food/Snacks,Yes
32,Female,Employed,"₹2,000 - ₹5,000",E-commerce Website,2,Neutral,Attractive Packaging,Electronics,No
18,Female,Self-employed,"₹2,000 - ₹5,000",Quick Commerce,7,Bored,Heavy Discount,Food/Snacks,Yes
25,Male,Employed,"₹5,000 - ₹15,000",Quick Commerce,6,Bored,Social Media Ad,Food/Snacks,Yes
29,Female,Employed,"₹2,000 - ₹5,000",Quick Commerce,9,Bored,Limited Time Flash Sale,Gaming/Digital,Yes
18,Female,Student,"₹5,000 - ₹15,000",E-commerce Website,5,Neutral,Heavy Discount,Gaming/Digital,No
31,Male,Employed,"Under ₹2,000",E-commerce Website,3,Happy,Limited Time Flash Sale,Clothing,Yes
26,Male,Self-employed,"₹5,000 - ₹15,000",E-commerce Website,6,Neutral,Limited Time Flash Sale,Clothing,No
42,Female,Employed,"₹5,000 - ₹15,000",E-commerce Website,6,Bored,Attractive Packaging,Electronics,No
40,Male,Self-employed,"₹2,000 - ₹5,000",E-commerce Website,5,Stressed,Heavy Discount,Food/Snacks,Yes
24,Male,Self-employed,"₹5,000 - ₹15,000",Physical In-Store,5,Happy,Heavy Discount,Gaming/Digital,No
26,Female,Self-employed,"₹5,000 - ₹15,000",Quick Commerce,1,Stressed,Attractive Packaging,Food/Snacks,Yes
27,Male,Self-employed,"₹5,000 - ₹15,000",Physical In-Store,4,Neutral,Social Media Ad,Clothing,Yes
24,Female,Student,"₹2,000 - ₹5,000",E-commerce Website,7,Stressed,Heavy Discount,Food/Snacks,Yes
29,Female,Self-employed,"Above ₹15,000",Social Media Stores,3,Happy,Limited Time Flash Sale,Food/Snacks,Yes
21,Female,Student,"₹5,000 - ₹15,000",E-commerce Website,5,Stressed,Free Shipping Threshold,Gaming/Digital,No
18,Female,Student,"₹2,000 - ₹5,000",E-commerce Website,8,Bored,Free Shipping Threshold,Food/Snacks,No
32,Male,Student,"₹2,000 - ₹5,000",E-commerce Website,4,Neutral,Limited Time Flash Sale,Gaming/Digital,No
33,Female,Employed,"Under ₹2,000",Physical In-Store,9,Neutral,Limited Time Flash Sale,Clothing,No
21,Male,Employed,"Under ₹2,000",E-commerce Website,4,Neutral,Heavy Discount,Beauty/Cosmetics,Yes
35,Female,Employed,"Above ₹15,000",E-commerce Website,3,Stressed,Social Media Ad,Clothing,No
22,Other,Student,"₹2,000 - ₹5,000",E-commerce Website,7,Neutral,Social Media Ad,Food/Snacks,No
30,Female,Employed,"Above ₹15,000",E-commerce Website,7,Stressed,Heavy Discount,Clothing,Yes
34,Female,Employed,"Under ₹2,000",E-commerce Website,3,Stressed,Attractive Packaging,Beauty/Cosmetics,Yes
27,Male,Employed,"₹2,000 - ₹5,000",Social Media Stores,4,Stressed,Free Shipping Threshold,Food/Snacks,Yes
31,Male,Student,"Above ₹15,000",E-commerce Website,8,Stressed,Limited Time Flash Sale,Food/Snacks,Yes
23,Female,Student,"Under ₹2,000",E-commerce Website,7,Bored,Social Media Ad,Food/Snacks,Yes
26,Male,Student,"₹5,000 - ₹15,000",Quick Commerce,7,Stressed,Attractive Packaging,Gaming/Digital,Yes
26,Female,Employed,"Above ₹15,000",Social Media Stores,3,Stressed,Free Shipping Threshold,Food/Snacks,No
22,Male,Employed,"Above ₹15,000",Physical In-Store,7,Neutral,Limited Time Flash Sale,Food/Snacks,Yes
26,Female,Employed,"₹5,000 - ₹15,000",Quick Commerce,6,Sad,Heavy Discount,Food/Snacks,Yes
18,Male,Employed,"Above ₹15,000",Social Media Stores,6,Stressed,Attractive Packaging,Food/Snacks,No
24,Female,Employed,"₹5,000 - ₹15,000",E-commerce Website,2,Stressed,Limited Time Flash Sale,Food/Snacks,Yes
25,Female,Employed,"₹2,000 - ₹5,000",Quick Commerce,5,Neutral,Heavy Discount,Food/Snacks,No
25,Female,Unemployed,"₹5,000 - ₹15,000",E-commerce Website,10,Happy,Limited Time Flash Sale,Food/Snacks,No
26,Male,Student,"Above ₹15,000",Quick Commerce,7,Sad,Heavy Discount,Electronics,No
27,Female,Self-employed,"₹5,000 - ₹15,000",E-commerce Website,10,Neutral,Heavy Discount,Electronics,No
31,Male,Employed,"₹2,000 - ₹5,000",E-commerce Website,0,Sad,Free Shipping Threshold,Clothing,Yes
34,Male,Student,"₹5,000 - ₹15,000",Social Media Stores,8,Stressed,Attractive Packaging,Clothing,No
22,Male,Unemployed,"₹5,000 - ₹15,000",Physical In-Store,5,Stressed,Social Media Ad,Food/Snacks,No
18,Female,Employed,"₹2,000 - ₹5,000",Physical In-Store,4,Bored,Free Shipping Threshold,Food/Snacks,Yes
19,Male,Employed,"₹5,000 - ₹15,000",Social Media Stores,5,Bored,Social Media Ad,Food/Snacks,Yes
24,Other,Employed,"₹5,000 - ₹15,000",E-commerce Website,6,Stressed,Free Shipping Threshold,Clothing,No
25,Female,Employed,"₹5,000 - ₹15,000",Quick Commerce,7,Stressed,Heavy Discount,Gaming/Digital,Yes
21,Male,Student,"₹2,000 - ₹5,000",E-commerce Website,5,Sad,Free Shipping Threshold,Clothing,Yes
18,Female,Student,"Under ₹2,000",Quick Commerce,2,Happy,Heavy Discount,Food/Snacks,Yes
24,Female,Self-employed,"₹5,000 - ₹15,000",E-commerce Website,4,Sad,Attractive Packaging,Beauty/Cosmetics,No
29,Male,Self-employed,"₹5,000 - ₹15,000",E-commerce Website,5,Bored,Limited Time Flash Sale,Electronics,No
32,Female,Student,"₹2,000 - ₹5,000",E-commerce Website,3,Stressed,Heavy Discount,Beauty/Cosmetics,No
23,Female,Employed,"₹2,000 - ₹5,000",Social Media Stores,3,Neutral,Social Media Ad,Clothing,No
24,Male,Employed,"₹2,000 - ₹5,000",E-commerce Website,7,Bored,Heavy Discount,Gaming/Digital,Yes
20,Female,Student,"₹2,000 - ₹5,000",E-commerce Website,11,Sad,Heavy Discount,Beauty/Cosmetics,No
27,Male,Employed,"Above ₹15,000",Physical In-Store,6,Happy,Social Media Ad,Beauty/Cosmetics,Yes
21,Male,Employed,"₹5,000 - ₹15,000",Physical In-Store,12,Bored,Heavy Discount,Electronics,Yes
32,Female,Employed,"Above ₹15,000",E-commerce Website,7,Bored,Heavy Discount,Clothing,Yes
18,Female,Self-employed,"₹5,000 - ₹15,000",Social Media Stores,3,Stressed,Social Media Ad,Gaming/Digital,Yes
25,Female,Student,"₹5,000 - ₹15,000",E-commerce Website,6,Bored,Limited Time Flash Sale,Clothing,Yes
30,Female,Employed,"₹2,000 - ₹5,000",E-commerce Website,3,Stressed,Attractive Packaging,Clothing,Yes
29,Female,Employed,"₹5,000 - ₹15,000",Quick Commerce,5,Sad,Heavy Discount,Gaming/Digital,No
49,Female,Employed,"₹2,000 - ₹5,000",Social Media Stores,4,Sad,Heavy Discount,Electronics,No
30,Male,Student,"₹5,000 - ₹15,000",Quick Commerce,6,Stressed,Limited Time Flash Sale,Food/Snacks,Yes
19,Female,Employed,"₹2,000 - ₹5,000",Quick Commerce,13,Neutral,Limited Time Flash Sale,Beauty/Cosmetics,Yes
27,Female,Self-employed,"Under ₹2,000",Physical In-Store,3,Neutral,Attractive Packaging,Clothing,Yes
18,Male,Employed,"Under ₹2,000",Quick Commerce,4,Bored,Heavy Discount,Gaming/Digital,Yes
27,Female,Employed,"₹5,000 - ₹15,000",Physical In-Store,5,Sad,Attractive Packaging,Food/Snacks,No
21,Male,Self-employed,"₹2,000 - ₹5,000",Quick Commerce,3,Stressed,Limited Time Flash Sale,Clothing,Yes
35,Female,Student,"₹2,000 - ₹5,000",E-commerce Website,8,Happy,Limited Time Flash Sale,Beauty/Cosmetics,Yes
23,Female,Self-employed,"Above ₹15,000",E-commerce Website,4,Stressed,Heavy Discount,Beauty/Cosmetics,Yes
27,Other,Employed,"₹5,000 - ₹15,000",Social Media Stores,3,Happy,Social Media Ad,Clothing,Yes
22,Male,Student,"Under ₹2,000",Quick Commerce,6,Happy,Free Shipping Threshold,Clothing,Yes
41,Female,Student,"Under ₹2,000",Social Media Stores,6,Bored,Limited Time Flash Sale,Food/Snacks,Yes
25,Male,Student,"₹2,000 - ₹5,000",E-commerce Website,2,Happy,Heavy Discount,Beauty/Cosmetics,No
42,Female,Student,"₹5,000 - ₹15,000",E-commerce Website,5,Bored,Social Media Ad,Gaming/Digital,Yes
34,Female,Employed,"₹5,000 - ₹15,000",Social Media Stores,4,Bored,Attractive Packaging,Clothing,Yes
31,Female,Student,"₹2,000 - ₹5,000",E-commerce Website,3,Sad,Attractive Packaging,Gaming/Digital,No
30,Female,Self-employed,"Above ₹15,000",Social Media Stores,3,Neutral,Attractive Packaging,Food/Snacks,Yes
31,Female,Employed,"Under ₹2,000",E-commerce Website,4,Stressed,Social Media Ad,Clothing,Yes
18,Male,Employed,"₹2,000 - ₹5,000",E-commerce Website,11,Neutral,Free Shipping Threshold,Electronics,No
25,Male,Employed,"Above ₹15,000",Social Media Stores,5,Happy,Social Media Ad,Electronics,Yes
34,Female,Employed,"Under ₹2,000",Social Media Stores,6,Neutral,Social Media Ad,Gaming/Digital,No
27,Female,Employed,"Above ₹15,000",Quick Commerce,4,Neutral,Limited Time Flash Sale,Clothing,Yes
18,Male,Student,"₹5,000 - ₹15,000",E-commerce Website,3,Neutral,Heavy Discount,Gaming/Digital,No
27,Female,Self-employed,"Under ₹2,000",Quick Commerce,6,Neutral,Social Media Ad,Beauty/Cosmetics,No
41,Male,Employed,"₹2,000 - ₹5,000",Quick Commerce,5,Bored,Attractive Packaging,Food/Snacks,Yes
37,Male,Student,"₹5,000 - ₹15,000",Quick Commerce,10,Stressed,Limited Time Flash Sale,Clothing,Yes
27,Female,Employed,"Above ₹15,000",Quick Commerce,6,Happy,Attractive Packaging,Electronics,No
35,Male,Employed,"₹2,000 - ₹5,000",Social Media Stores,6,Neutral,Heavy Discount,Gaming/Digital,No
25,Male,Student,"₹2,000 - ₹5,000",Physical In-Store,6,Bored,Limited Time Flash Sale,Electronics,No
18,Male,Self-employed,"Under ₹2,000",E-commerce Website,6,Stressed,Heavy Discount,Gaming/Digital,No
20,Female,Employed,"₹5,000 - ₹15,000",Social Media Stores,6,Stressed,Social Media Ad,Electronics,Yes
40,Other,Employed,"₹2,000 - ₹5,000",Quick Commerce,5,Neutral,Limited Time Flash Sale,Food/Snacks,No
25,Female,Employed,"Under ₹2,000",E-commerce Website,11,Sad,Heavy Discount,Clothing,Yes
26,Male,Unemployed,"Above ₹15,000",Social Media Stores,6,Sad,Attractive Packaging,Beauty/Cosmetics,Yes
25,Female,Student,"₹2,000 - ₹5,000",Social Media Stores,3,Bored,Social Media Ad,Food/Snacks,Yes
43,Female,Employed,"Under ₹2,000",E-commerce Website,2,Happy,Limited Time Flash Sale,Beauty/Cosmetics,Yes
41,Female,Employed,"₹5,000 - ₹15,000",E-commerce Website,4,Bored,Social Media Ad,Gaming/Digital,No
45,Female,Employed,"₹5,000 - ₹15,000",Social Media Stores,9,Bored,Limited Time Flash Sale,Food/Snacks,Yes
26,Male,Student,"Under ₹2,000",E-commerce Website,8,Neutral,Limited Time Flash Sale,Beauty/Cosmetics,No
30,Female,Student,"Under ₹2,000",E-commerce Website,10,Sad,Free Shipping Threshold,Beauty/Cosmetics,No
18,Male,Self-employed,"Under ₹2,000",Social Media Stores,9,Happy,Limited Time Flash Sale,Electronics,Yes
39,Male,Employed,"Under ₹2,000",Social Media Stores,3,Neutral,Heavy Discount,Gaming/Digital,No
18,Female,Employed,"₹5,000 - ₹15,000",E-commerce Website,5,Stressed,Heavy Discount,Gaming/Digital,Yes
29,Female,Employed,"₹5,000 - ₹15,000",Quick Commerce,4,Stressed,Heavy Discount,Electronics,Yes
19,Female,Employed,"₹5,000 - ₹15,000",E-commerce Website,5,Neutral,Social Media Ad,Gaming/Digital,No
23,Female,Student,"₹5,000 - ₹15,000",E-commerce Website,6,Stressed,Free Shipping Threshold,Food/Snacks,No
21,Male,Student,"₹5,000 - ₹15,000",Social Media Stores,6,Neutral,Heavy Discount,Gaming/Digital,No
23,Male,Unemployed,"₹5,000 - ₹15,000",Quick Commerce,1,Sad,Attractive Packaging,Electronics,No
23,Male,Employed,"Above ₹15,000",E-commerce Website,6,Happy,Social Media Ad,Clothing,Yes
23,Female,Employed,"₹2,000 - ₹5,000",Physical In-Store,8,Bored,Free Shipping Threshold,Clothing,Yes
34,Female,Self-employed,"₹5,000 - ₹15,000",Social Media Stores,6,Happy,Social Media Ad,Electronics,No
19,Male,Employed,"₹2,000 - ₹5,000",Quick Commerce,3,Stressed,Free Shipping Threshold,Food/Snacks,No
29,Other,Student,"₹2,000 - ₹5,000",E-commerce Website,4,Neutral,Social Media Ad,Beauty/Cosmetics,Yes
37,Male,Student,"₹5,000 - ₹15,000",Physical In-Store,5,Bored,Social Media Ad,Beauty/Cosmetics,Yes
23,Female,Employed,"Under ₹2,000",E-commerce Website,7,Happy,Heavy Discount,Electronics,No
22,Female,Self-employed,"₹5,000 - ₹15,000",Physical In-Store,7,Stressed,Heavy Discount,Clothing,Yes
26,Male,Student,"₹5,000 - ₹15,000",E-commerce Website,3,Neutral,Heavy Discount,Food/Snacks,No
37,Female,Student,"₹5,000 - ₹15,000",Physical In-Store,5,Neutral,Attractive Packaging,Beauty/Cosmetics,No
29,Female,Self-employed,"₹5,000 - ₹15,000",E-commerce Website,2,Happy,Limited Time Flash Sale,Gaming/Digital,Yes
23,Female,Student,"₹2,000 - ₹5,000",E-commerce Website,4,Bored,Limited Time Flash Sale,Gaming/Digital,No
31,Female,Employed,"₹2,000 - ₹5,000",E-commerce Website,10,Bored,Free Shipping Threshold,Clothing,No
19,Male,Student,"Above ₹15,000",E-commerce Website,2,Sad,Attractive Packaging,Clothing,Yes
33,Female,Employed,"₹2,000 - ₹5,000",Quick Commerce,6,Neutral,Free Shipping Threshold,Food/Snacks,No
31,Female,Employed,"₹5,000 - ₹15,000",Physical In-Store,3,Stressed,Free Shipping Threshold,Clothing,Yes
25,Male,Student,"Under ₹2,000",Social Media Stores,6,Stressed,Attractive Packaging,Clothing,No
21,Male,Employed,"₹2,000 - ₹5,000",Quick Commerce,7,Bored,Attractive Packaging,Clothing,Yes
20,Female,Employed,"₹2,000 - ₹5,000",E-commerce Website,4,Sad,Attractive Packaging,Gaming/Digital,Yes
32,Male,Employed,"₹5,000 - ₹15,000",E-commerce Website,5,Bored,Limited Time Flash Sale,Food/Snacks,Yes
37,Female,Employed,"₹2,000 - ₹5,000",Social Media Stores,3,Sad,Free Shipping Threshold,Beauty/Cosmetics,No
22,Female,Employed,"Under ₹2,000",E-commerce Website,8,Happy,Limited Time Flash Sale,Beauty/Cosmetics,No
31,Female,Employed,"Under ₹2,000",E-commerce Website,4,Neutral,Attractive Packaging,Beauty/Cosmetics,No
18,Male,Employed,"₹2,000 - ₹5,000",Quick Commerce,5,Happy,Attractive Packaging,Clothing,Yes
23,Male,Employed,"Under ₹2,000",E-commerce Website,1,Bored,Social Media Ad,Electronics,Yes
27,Male,Employed,"₹2,000 - ₹5,000",Social Media Stores,5,Happy,Social Media Ad,Food/Snacks,Yes
20,Female,Employed,"₹5,000 - ₹15,000",Quick Commerce,5,Neutral,Limited Time Flash Sale,Electronics,Yes
20,Female,Student,"₹2,000 - ₹5,000",Physical In-Store,4,Neutral,Social Media Ad,Beauty/Cosmetics,No
22,Female,Student,"₹2,000 - ₹5,000",Physical In-Store,3,Bored,Social Media Ad,Gaming/Digital,No
30,Female,Student,"Above ₹15,000",E-commerce Website,5,Bored,Social Media Ad,Gaming/Digital,Yes
26,Male,Self-employed,"₹2,000 - ₹5,000",Quick Commerce,7,Neutral,Heavy Discount,Electronics,No
18,Male,Employed,"Above ₹15,000",E-commerce Website,7,Sad,Free Shipping Threshold,Clothing,Yes
18,Female,Employed,"₹2,000 - ₹5,000",E-commerce Website,6,Neutral,Free Shipping Threshold,Electronics,No
23,Female,Student,"₹2,000 - ₹5,000",Physical In-Store,7,Neutral,Free Shipping Threshold,Clothing,No
31,Male,Student,"₹2,000 - ₹5,000",E-commerce Website,3,Happy,Free Shipping Threshold,Beauty/Cosmetics,Yes
18,Male,Self-employed,"₹5,000 - ₹15,000",Physical In-Store,5,Neutral,Attractive Packaging,Clothing,No
24,Male,Self-employed,"₹5,000 - ₹15,000",E-commerce Website,4,Bored,Social Media Ad,Electronics,No
23,Male,Student,"₹2,000 - ₹5,000",E-commerce Website,5,Stressed,Attractive Packaging,Gaming/Digital,Yes
39,Female,Employed,"₹5,000 - ₹15,000",Quick Commerce,2,Stressed,Free Shipping Threshold,Food/Snacks,Yes
24,Female,Employed,"₹2,000 - ₹5,000",Quick Commerce,3,Bored,Free Shipping Threshold,Beauty/Cosmetics,Yes
31,Female,Employed,"Under ₹2,000",Quick Commerce,4,Bored,Limited Time Flash Sale,Food/Snacks,No
29,Female,Employed,"₹5,000 - ₹15,000",E-commerce Website,3,Sad,Limited Time Flash Sale,Clothing,No
18,Female,Employed,"₹5,000 - ₹15,000",Physical In-Store,1,Happy,Limited Time Flash Sale,Electronics,Yes
34,Female,Employed,"₹2,000 - ₹5,000",Social Media Stores,3,Happy,Attractive Packaging,Food/Snacks,No
29,Male,Student,"Under ₹2,000",E-commerce Website,3,Happy,Social Media Ad,Electronics,No
32,Female,Employed,"₹5,000 - ₹15,000",E-commerce Website,4,Bored,Social Media Ad,Clothing,No
59,Male,Employed,"Above ₹15,000",E-commerce Website,8,Neutral,Limited Time Flash Sale,Beauty/Cosmetics,Yes
18,Male,Employed,"Under ₹2,000",E-commerce Website,6,Bored,Free Shipping Threshold,Gaming/Digital,Yes
41,Male,Employed,"Above ₹15,000",E-commerce Website,7,Bored,Free Shipping Threshold,Beauty/Cosmetics,Yes
25,Female,Student,"₹2,000 - ₹5,000",E-commerce Website,2,Stressed,Free Shipping Threshold,Gaming/Digital,Yes
30,Male,Employed,"Above ₹15,000",Physical In-Store,4,Happy,Heavy Discount,Food/Snacks,No
27,Male,Employed,"₹5,000 - ₹15,000",Quick Commerce,7,Bored,Attractive Packaging,Food/Snacks,Yes
24,Female,Employed,"Above ₹15,000",Physical In-Store,5,Neutral,Heavy Discount,Electronics,No
23,Female,Employed,"₹5,000 - ₹15,000",Quick Commerce,5,Bored,Attractive Packaging,Beauty/Cosmetics,Yes
30,Female,Employed,"Under ₹2,000",Quick Commerce,7,Neutral,Free Shipping Threshold,Gaming/Digital,No
18,Female,Student,"Under ₹2,000",Social Media Stores,4,Sad,Attractive Packaging,Clothing,No
34,Male,Employed,"₹5,000 - ₹15,000",Quick Commerce,9,Neutral,Attractive Packaging,Gaming/Digital,Yes
24,Male,Student,"Under ₹2,000",Physical In-Store,5,Happy,Social Media Ad,Electronics,Yes
18,Female,Student,"₹2,000 - ₹5,000",Social Media Stores,4,Happy,Attractive Packaging,Electronics,Yes
24,Female,Student,"Above ₹15,000",Quick Commerce,3,Neutral,Social Media Ad,Clothing,No
38,Female,Student,"₹2,000 - ₹5,000",E-commerce Website,4,Bored,Free Shipping Threshold,Food/Snacks,No
23,Female,Employed,"₹2,000 - ₹5,000",E-commerce Website,5,Happy,Heavy Discount,Food/Snacks,No
30,Female,Unemployed,"₹2,000 - ₹5,000",E-commerce Website,6,Bored,Social Media Ad,Gaming/Digital,Yes
22,Female,Student,"₹5,000 - ₹15,000",E-commerce Website,4,Neutral,Heavy Discount,Food/Snacks,No
34,Male,Self-employed,"Under ₹2,000",Quick Commerce,5,Happy,Social Media Ad,Gaming/Digital,No
33,Male,Student,"₹2,000 - ₹5,000",E-commerce Website,4,Bored,Limited Time Flash Sale,Clothing,Yes
42,Female,Employed,"Above ₹15,000",Physical In-Store,4,Stressed,Heavy Discount,Gaming/Digital,Yes
26,Male,Employed,"₹5,000 - ₹15,000",Quick Commerce,4,Neutral,Social Media Ad,Clothing,Yes
33,Male,Self-employed,"₹5,000 - ₹15,000",E-commerce Website,5,Bored,Social Media Ad,Clothing,Yes
28,Male,Student,"₹5,000 - ₹15,000",Quick Commerce,3,Stressed,Limited Time Flash Sale,Electronics,Yes
38,Male,Employed,"₹2,000 - ₹5,000",Quick Commerce,2,Happy,Social Media Ad,Electronics,Yes
22,Male,Student,"₹5,000 - ₹15,000",Quick Commerce,3,Neutral,Social Media Ad,Gaming/Digital,No
33,Male,Employed,"₹2,000 - ₹5,000",Social Media Stores,1,Bored,Free Shipping Threshold,Gaming/Digital,No
26,Female,Self-employed,"Under ₹2,000",Social Media Stores,6,Neutral,Social Media Ad,Electronics,No
27,Female,Employed,"₹2,000 - ₹5,000",Social Media Stores,6,Stressed,Limited Time Flash Sale,Food/Snacks,No
28,Female,Employed,"Under ₹2,000",E-commerce Website,10,Bored,Heavy Discount,Electronics,Yes
30,Female,Employed,"₹2,000 - ₹5,000",E-commerce Website,5,Neutral,Free Shipping Threshold,Electronics,No
27,Male,Self-employed,"₹2,000 - ₹5,000",E-commerce Website,7,Happy,Attractive Packaging,Electronics,No
29,Male,Employed,"₹5,000 - ₹15,000",Social Media Stores,3,Happy,Heavy Discount,Electronics,No
40,Male,Student,"₹2,000 - ₹5,000",Social Media Stores,6,Sad,Social Media Ad,Electronics,No
35,Female,Self-employed,"₹5,000 - ₹15,000",E-commerce Website,1,Sad,Attractive Packaging,Clothing,No
34,Female,Student,"₹5,000 - ₹15,000",Social Media Stores,4,Sad,Limited Time Flash Sale,Beauty/Cosmetics,No
24,Male,Student,"Above ₹15,000",Social Media Stores,4,Stressed,Attractive Packaging,Electronics,Yes
20,Male,Student,"Under ₹2,000",Social Media Stores,4,Happy,Limited Time Flash Sale,Electronics,Yes
35,Other,Employed,"₹5,000 - ₹15,000",E-commerce Website,7,Neutral,Heavy Discount,Clothing,Yes
35,Female,Employed,"₹5,000 - ₹15,000",E-commerce Website,5,Neutral,Heavy Discount,Gaming/Digital,Yes
39,Female,Student,"Above ₹15,000",E-commerce Website,4,Stressed,Free Shipping Threshold,Gaming/Digital,Yes
23,Male,Employed,"₹2,000 - ₹5,000",E-commerce Website,5,Bored,Free Shipping Threshold,Food/Snacks,No
26,Male,Employed,"₹2,000 - ₹5,000",Physical In-Store,8,Bored,Social Media Ad,Food/Snacks,No
18,Female,Self-employed,"Under ₹2,000",Social Media Stores,8,Neutral,Social Media Ad,Beauty/Cosmetics,No
24,Female,Employed,"₹2,000 - ₹5,000",E-commerce Website,5,Bored,Social Media Ad,Clothing,Yes
35,Female,Employed,"₹5,000 - ₹15,000",E-commerce Website,4,Stressed,Attractive Packaging,Clothing,Yes
24,Female,Employed,"₹5,000 - ₹15,000",Social Media Stores,9,Neutral,Free Shipping Threshold,Electronics,No
33,Female,Student,"₹2,000 - ₹5,000",Physical In-Store,6,Neutral,Heavy Discount,Beauty/Cosmetics,No
26,Female,Employed,"Under ₹2,000",Social Media Stores,2,Stressed,Free Shipping Threshold,Clothing,Yes
30,Male,Employed,"₹2,000 - ₹5,000",Quick Commerce,3,Sad,Free Shipping Threshold,Beauty/Cosmetics,No
18,Male,Student,"Under ₹2,000",Social Media Stores,3,Bored,Free Shipping Threshold,Food/Snacks,No
28,Female,Student,"Above ₹15,000",Social Media Stores,6,Neutral,Heavy Discount,Food/Snacks,No
18,Male,Employed,"Above ₹15,000",Social Media Stores,3,Neutral,Heavy Discount,Electronics,No
26,Female,Student,"₹2,000 - ₹5,000",E-commerce Website,4,Neutral,Heavy Discount,Electronics,No
18,Female,Student,"₹2,000 - ₹5,000",E-commerce Website,4,Happy,Heavy Discount,Gaming/Digital,No
37,Other,Employed,"Above ₹15,000",E-commerce Website,1,Bored,Social Media Ad,Clothing,No
34,Male,Employed,"Under ₹2,000",E-commerce Website,4,Happy,Social Media Ad,Clothing,No
31,Male,Self-employed,"₹5,000 - ₹15,000",E-commerce Website,4,Stressed,Limited Time Flash Sale,Gaming/Digital,Yes
40,Female,Employed,"Above ₹15,000",E-commerce Website,6,Stressed,Social Media Ad,Clothing,Yes
20,Female,Employed,"₹5,000 - ₹15,000",Social Media Stores,3,Bored,Heavy Discount,Clothing,Yes
41,Female,Employed,"Under ₹2,000",Quick Commerce,1,Neutral,Limited Time Flash Sale,Electronics,Yes
35,Female,Student,"₹2,000 - ₹5,000",E-commerce Website,7,Neutral,Limited Time Flash Sale,Beauty/Cosmetics,Yes
26,Male,Student,"Above ₹15,000",E-commerce Website,3,Stressed,Free Shipping Threshold,Food/Snacks,Yes
37,Female,Employed,"Under ₹2,000",Social Media Stores,10,Neutral,Attractive Packaging,Food/Snacks,No
19,Female,Employed,"₹2,000 - ₹5,000",Social Media Stores,3,Bored,Free Shipping Threshold,Food/Snacks,No
21,Female,Employed,"₹5,000 - ₹15,000",E-commerce Website,4,Neutral,Limited Time Flash Sale,Clothing,Yes
23,Male,Employed,"₹5,000 - ₹15,000",E-commerce Website,3,Happy,Social Media Ad,Gaming/Digital,No
23,Male,Student,"₹2,000 - ₹5,000",E-commerce Website,2,Happy,Attractive Packaging,Gaming/Digital,No
19,Female,Employed,"₹2,000 - ₹5,000",E-commerce Website,4,Neutral,Limited Time Flash Sale,Food/Snacks,Yes
37,Other,Employed,"₹5,000 - ₹15,000",Social Media Stores,5,Happy,Attractive Packaging,Electronics,No
25,Female,Employed,"₹2,000 - ₹5,000",E-commerce Website,10,Neutral,Limited Time Flash Sale,Gaming/Digital,Yes
30,Male,Employed,"₹2,000 - ₹5,000",E-commerce Website,3,Bored,Free Shipping Threshold,Electronics,No
23,Male,Unemployed,"₹5,000 - ₹15,000",E-commerce Website,5,Bored,Attractive Packaging,Clothing,Yes
18,Female,Self-employed,"Under ₹2,000",Quick Commerce,5,Bored,Limited Time Flash Sale,Clothing,Yes
30,Male,Self-employed,"Under ₹2,000",E-commerce Website,3,Neutral,Attractive Packaging,Beauty/Cosmetics,No
18,Female,Student,"₹2,000 - ₹5,000",Physical In-Store,6,Happy,Limited Time Flash Sale,Clothing,Yes
27,Female,Student,"₹2,000 - ₹5,000",Social Media Stores,5,Neutral,Limited Time Flash Sale,Clothing,Yes
18,Female,Student,"₹5,000 - ₹15,000",Social Media Stores,2,Sad,Attractive Packaging,Electronics,No
43,Male,Student,"₹5,000 - ₹15,000",Social Media Stores,3,Bored,Social Media Ad,Gaming/Digital,No
35,Female,Employed,"₹5,000 - ₹15,000",E-commerce Website,5,Bored,Limited Time Flash Sale,Gaming/Digital,Yes
28,Male,Employed,"₹5,000 - ₹15,000",Quick Commerce,8,Happy,Social Media Ad,Food/Snacks,Yes
38,Male,Employed,"₹5,000 - ₹15,000",E-commerce Website,11,Neutral,Limited Time Flash Sale,Electronics,Yes
21,Female,Self-employed,"₹2,000 - ₹5,000",E-commerce Website,6,Bored,Limited Time Flash Sale,Electronics,Yes
32,Female,Self-employed,"₹2,000 - ₹5,000",E-commerce Website,7,Happy,Limited Time Flash Sale,Beauty/Cosmetics,No
29,Female,Student,"₹5,000 - ₹15,000",Physical In-Store,10,Neutral,Social Media Ad,Clothing,No
30,Male,Self-employed,"Under ₹2,000",E-commerce Website,9,Bored,Limited Time Flash Sale,Gaming/Digital,Yes
38,Male,Employed,"₹2,000 - ₹5,000",Social Media Stores,5,Stressed,Social Media Ad,Food/Snacks,Yes
33,Male,Employed,"₹2,000 - ₹5,000",E-commerce Website,4,Happy,Free Shipping Threshold,Beauty/Cosmetics,No
30,Male,Employed,"₹5,000 - ₹15,000",Quick Commerce,5,Bored,Attractive Packaging,Beauty/Cosmetics,Yes
18,Female,Student,"₹2,000 - ₹5,000",Social Media Stores,2,Sad,Social Media Ad,Clothing,No
20,Male,Self-employed,"₹5,000 - ₹15,000",Social Media Stores,5,Sad,Heavy Discount,Gaming/Digital,Yes
27,Female,Employed,"₹2,000 - ₹5,000",Quick Commerce,6,Happy,Limited Time Flash Sale,Food/Snacks,No
28,Male,Self-employed,"Above ₹15,000",Social Media Stores,5,Bored,Attractive Packaging,Electronics,Yes
18,Male,Unemployed,"₹2,000 - ₹5,000",Social Media Stores,3,Bored,Attractive Packaging,Clothing,No
47,Other,Employed,"₹5,000 - ₹15,000",Social Media Stores,7,Neutral,Free Shipping Threshold,Food/Snacks,No
40,Male,Student,"Under ₹2,000",E-commerce Website,6,Happy,Attractive Packaging,Clothing,Yes
32,Male,Student,"₹2,000 - ₹5,000",E-commerce Website,3,Happy,Attractive Packaging,Electronics,No
28,Male,Employed,"Above ₹15,000",E-commerce Website,2,Neutral,Heavy Discount,Electronics,Yes
26,Male,Student,"₹2,000 - ₹5,000",Quick Commerce,10,Happy,Heavy Discount,Food/Snacks,No
20,Female,Self-employed,"₹2,000 - ₹5,000",E-commerce Website,6,Stressed,Heavy Discount,Clothing,No
28,Male,Student,"₹5,000 - ₹15,000",E-commerce Website,1,Stressed,Heavy Discount,Electronics,No
30,Female,Unemployed,"Under ₹2,000",E-commerce Website,6,Happy,Social Media Ad,Beauty/Cosmetics,Yes
18,Female,Employed,"₹5,000 - ₹15,000",Social Media Stores,4,Sad,Heavy Discount,Electronics,Yes
30,Female,Student,"₹2,000 - ₹5,000",Quick Commerce,6,Stressed,Attractive Packaging,Food/Snacks,Yes
26,Male,Employed,"₹2,000 - ₹5,000",Quick Commerce,9,Neutral,Heavy Discount,Gaming/Digital,No
18,Female,Employed,"₹5,000 - ₹15,000",Social Media Stores,8,Happy,Limited Time Flash Sale,Electronics,Yes
21,Male,Employed,"₹5,000 - ₹15,000",E-commerce Website,5,Happy,Attractive Packaging,Beauty/Cosmetics,Yes
24,Female,Employed,"₹2,000 - ₹5,000",E-commerce Website,3,Neutral,Social Media Ad,Gaming/Digital,Yes
43,Female,Student,"₹5,000 - ₹15,000",E-commerce Website,4,Bored,Heavy Discount,Gaming/Digital,Yes
32,Male,Employed,"₹5,000 - ₹15,000",E-commerce Website,4,Neutral,Attractive Packaging,Food/Snacks,Yes
18,Female,Employed,"₹5,000 - ₹15,000",E-commerce Website,5,Bored,Heavy Discount,Beauty/Cosmetics,No
31,Female,Employed,"Under ₹2,000",Quick Commerce,3,Stressed,Limited Time Flash Sale,Electronics,Yes
18,Female,Self-employed,"₹2,000 - ₹5,000",E-commerce Website,4,Bored,Heavy Discount,Electronics,No
36,Male,Student,"₹2,000 - ₹5,000",E-commerce Website,7,Happy,Limited Time Flash Sale,Beauty/Cosmetics,No
24,Female,Student,"Under ₹2,000",Quick Commerce,7,Stressed,Attractive Packaging,Electronics,Yes
27,Female,Employed,"Under ₹2,000",E-commerce Website,4,Bored,Limited Time Flash Sale,Clothing,Yes
38,Male,Unemployed,"Under ₹2,000",E-commerce Website,5,Bored,Limited Time Flash Sale,Food/Snacks,Yes
18,Female,Employed,"₹5,000 - ₹15,000",E-commerce Website,5,Bored,Free Shipping Threshold,Food/Snacks,Yes
18,Male,Student,"₹5,000 - ₹15,000",E-commerce Website,4,Bored,Attractive Packaging,Electronics,Yes
23,Male,Student,"₹2,000 - ₹5,000",Social Media Stores,7,Bored,Social Media Ad,Food/Snacks,No
36,Female,Student,"₹5,000 - ₹15,000",E-commerce Website,3,Bored,Limited Time Flash Sale,Food/Snacks,Yes
18,Female,Employed,"₹5,000 - ₹15,000",Social Media Stores,2,Bored,Attractive Packaging,Beauty/Cosmetics,Yes
18,Female,Employed,"₹2,000 - ₹5,000",Quick Commerce,0,Neutral,Limited Time Flash Sale,Clothing,Yes
24,Female,Employed,"₹2,000 - ₹5,000",E-commerce Website,10,Stressed,Free Shipping Threshold,Beauty/Cosmetics,No
32,Male,Student,"Under ₹2,000",E-commerce Website,3,Neutral,Social Media Ad,Beauty/Cosmetics,Yes
37,Male,Student,"₹5,000 - ₹15,000",Social Media Stores,6,Stressed,Social Media Ad,Beauty/Cosmetics,No
24,Female,Employed,"₹2,000 - ₹5,000",E-commerce Website,6,Neutral,Limited Time Flash Sale,Electronics,Yes
24,Male,Self-employed,"₹2,000 - ₹5,000",E-commerce Website,2,Sad,Attractive Packaging,Electronics,Yes
37,Female,Employed,"₹2,000 - ₹5,000",Social Media Stores,2,Bored,Heavy Discount,Beauty/Cosmetics,Yes
18,Female,Unemployed,"₹5,000 - ₹15,000",E-commerce Website,5,Happy,Heavy Discount,Beauty/Cosmetics,No
24,Male,Employed,"₹5,000 - ₹15,000",Quick Commerce,5,Bored,Attractive Packaging,Clothing,No
29,Male,Student,"₹2,000 - ₹5,000",E-commerce Website,3,Stressed,Attractive Packaging,Gaming/Digital,No
31,Female,Student,"Under ₹2,000",E-commerce Website,4,Stressed,Attractive Packaging,Beauty/Cosmetics,Yes
23,Female,Employed,"₹5,000 - ₹15,000",Quick Commerce,5,Happy,Limited Time Flash Sale,Clothing,Yes
28,Female,Employed,"Above ₹15,000",E-commerce Website,7,Sad,Attractive Packaging,Electronics,No
18,Female,Employed,"₹5,000 - ₹15,000",E-commerce Website,3,Neutral,Heavy Discount,Clothing,No
22,Female,Employed,"Above ₹15,000",Quick Commerce,5,Bored,Social Media Ad,Clothing,Yes
31,Male,Employed,"Under ₹2,000",E-commerce Website,9,Sad,Social Media Ad,Gaming/Digital,No
20,Male,Student,"₹2,000 - ₹5,000",E-commerce Website,6,Bored,Attractive Packaging,Gaming/Digital,Yes
28,Male,Self-employed,"₹5,000 - ₹15,000",E-commerce Website,9,Neutral,Heavy Discount,Beauty/Cosmetics,Yes
31,Male,Employed,"₹2,000 - ₹5,000",Physical In-Store,8,Happy,Attractive Packaging,Gaming/Digital,No
25,Male,Employed,"Under ₹2,000",Social Media Stores,6,Neutral,Attractive Packaging,Food/Snacks,Yes
29,Male,Employed,"₹2,000 - ₹5,000",E-commerce Website,3,Bored,Attractive Packaging,Electronics,No
20,Male,Employed,"₹2,000 - ₹5,000",Social Media Stores,5,Happy,Attractive Packaging,Food/Snacks,No
26,Male,Student,"₹2,000 - ₹5,000",E-commerce Website,6,Happy,Free Shipping Threshold,Electronics,Yes
32,Female,Employed,"Above ₹15,000",Quick Commerce,6,Sad,Limited Time Flash Sale,Gaming/Digital,Yes
29,Female,Employed,"₹2,000 - ₹5,000",E-commerce Website,3,Neutral,Heavy Discount,Electronics,No
23,Male,Employed,"Under ₹2,000",Social Media Stores,3,Bored,Attractive Packaging,Beauty/Cosmetics,Yes
29,Female,Student,"Under ₹2,000",Quick Commerce,8,Sad,Limited Time Flash Sale,Clothing,Yes
33,Male,Student,"₹5,000 - ₹15,000",E-commerce Website,1,Bored,Free Shipping Threshold,Electronics,No
18,Female,Student,"₹5,000 - ₹15,000",E-commerce Website,4,Stressed,Limited Time Flash Sale,Gaming/Digital,No
37,Male,Employed,"Under ₹2,000",Physical In-Store,3,Neutral,Free Shipping Threshold,Food/Snacks,Yes
25,Female,Self-employed,"₹2,000 - ₹5,000",Quick Commerce,1,Happy,Attractive Packaging,Food/Snacks,No
31,Male,Student,"₹5,000 - ₹15,000",Social Media Stores,4,Neutral,Free Shipping Threshold,Gaming/Digital,No
37,Female,Employed,"₹2,000 - ₹5,000",Quick Commerce,2,Happy,Social Media Ad,Gaming/Digital,Yes
18,Male,Employed,"Above ₹15,000",Social Media Stores,5,Neutral,Attractive Packaging,Electronics,No
22,Female,Employed,"₹5,000 - ₹15,000",E-commerce Website,2,Neutral,Free Shipping Threshold,Beauty/Cosmetics,No
25,Male,Student,"Under ₹2,000",E-commerce Website,6,Sad,Attractive Packaging,Electronics,No
21,Male,Student,"Above ₹15,000",Quick Commerce,10,Sad,Free Shipping Threshold,Clothing,Yes
41,Female,Student,"₹2,000 - ₹5,000",E-commerce Website,4,Happy,Limited Time Flash Sale,Gaming/Digital,No
21,Male,Unemployed,"₹2,000 - ₹5,000",E-commerce Website,6,Neutral,Heavy Discount,Gaming/Digital,No
23,Female,Employed,"₹2,000 - ₹5,000",E-commerce Website,5,Happy,Social Media Ad,Beauty/Cosmetics,No
29,Male,Student,"₹5,000 - ₹15,000",E-commerce Website,4,Bored,Attractive Packaging,Electronics,Yes
18,Female,Student,"Under ₹2,000",E-commerce Website,6,Sad,Limited Time Flash Sale,Electronics,Yes
24,Female,Student,"₹2,000 - ₹5,000",Social Media Stores,6,Sad,Free Shipping Threshold,Clothing,No
30,Male,Student,"Under ₹2,000",E-commerce Website,8,Bored,Social Media Ad,Clothing,Yes
25,Male,Employed,"₹5,000 - ₹15,000",E-commerce Website,6,Bored,Heavy Discount,Electronics,Yes
27,Female,Employed,"₹2,000 - ₹5,000",E-commerce Website,5,Bored,Attractive Packaging,Clothing,Yes
23,Female,Employed,"₹2,000 - ₹5,000",Social Media Stores,9,Happy,Free Shipping Threshold,Food/Snacks,Yes
18,Female,Employed,"₹5,000 - ₹15,000",E-commerce Website,2,Happy,Social Media Ad,Beauty/Cosmetics,Yes
30,Male,Employed,"₹5,000 - ₹15,000",Physical In-Store,5,Bored,Social Media Ad,Food/Snacks,Yes
42,Female,Student,"₹5,000 - ₹15,000",Quick Commerce,4,Stressed,Heavy Discount,Electronics,Yes
28,Male,Employed,"₹2,000 - ₹5,000",Physical In-Store,3,Bored,Free Shipping Threshold,Beauty/Cosmetics,No
29,Male,Employed,"₹5,000 - ₹15,000",Physical In-Store,7,Bored,Free Shipping Threshold,Beauty/Cosmetics,No
33,Female,Student,"₹2,000 - ₹5,000",E-commerce Website,5,Bored,Limited Time Flash Sale,Beauty/Cosmetics,Yes
18,Male,Employed,"Under ₹2,000",E-commerce Website,4,Happy,Free Shipping Threshold,Gaming/Digital,No
41,Male,Self-employed,"₹5,000 - ₹15,000",E-commerce Website,2,Bored,Heavy Discount,Electronics,No
29,Male,Student,"₹5,000 - ₹15,000",Quick Commerce,6,Neutral,Limited Time Flash Sale,Food/Snacks,Yes
41,Female,Self-employed,"₹5,000 - ₹15,000",E-commerce Website,7,Happy,Free Shipping Threshold,Beauty/Cosmetics,Yes
22,Female,Student,"Above ₹15,000",Social Media Stores,4,Neutral,Social Media Ad,Electronics,No
42,Female,Employed,"₹5,000 - ₹15,000",Quick Commerce,3,Stressed,Heavy Discount,Electronics,Yes
34,Female,Employed,"Under ₹2,000",E-commerce Website,7,Neutral,Attractive Packaging,Beauty/Cosmetics,No
32,Female,Employed,"Above ₹15,000",E-commerce Website,9,Neutral,Attractive Packaging,Gaming/Digital,Yes
29,Female,Student,"₹2,000 - ₹5,000",Social Media Stores,6,Stressed,Heavy Discount,Clothing,No
26,Male,Employed,"₹5,000 - ₹15,000",E-commerce Website,3,Bored,Heavy Discount,Gaming/Digital,Yes
37,Male,Unemployed,"₹2,000 - ₹5,000",Social Media Stores,8,Happy,Attractive Packaging,Clothing,No
29,Male,Student,"₹2,000 - ₹5,000",Social Media Stores,10,Happy,Attractive Packaging,Clothing,No
18,Female,Self-employed,"₹5,000 - ₹15,000",E-commerce Website,5,Happy,Attractive Packaging,Beauty/Cosmetics,Yes
19,Female,Employed,"₹2,000 - ₹5,000",Physical In-Store,5,Neutral,Limited Time Flash Sale,Electronics,No
26,Male,Self-employed,"₹5,000 - ₹15,000",Physical In-Store,7,Sad,Heavy Discount,Electronics,No
30,Male,Student,"₹5,000 - ₹15,000",E-commerce Website,1,Happy,Limited Time Flash Sale,Clothing,Yes
27,Female,Employed,"₹2,000 - ₹5,000",Physical In-Store,5,Sad,Free Shipping Threshold,Clothing,Yes
37,Female,Student,"₹5,000 - ₹15,000",Social Media Stores,5,Stressed,Limited Time Flash Sale,Food/Snacks,Yes
18,Female,Self-employed,"₹5,000 - ₹15,000",E-commerce Website,5,Neutral,Social Media Ad,Clothing,No
29,Male,Employed,"₹5,000 - ₹15,000",Social Media Stores,4,Neutral,Heavy Discount,Electronics,No
18,Male,Employed,"₹5,000 - ₹15,000",E-commerce Website,6,Neutral,Free Shipping Threshold,Beauty/Cosmetics,No
34,Male,Student,"₹2,000 - ₹5,000",Social Media Stores,7,Bored,Attractive Packaging,Beauty/Cosmetics,Yes
27,Male,Self-employed,"₹2,000 - ₹5,000",Quick Commerce,8,Stressed,Social Media Ad,Clothing,Yes
31,Male,Employed,"₹2,000 - ₹5,000",Quick Commerce,6,Bored,Free Shipping Threshold,Food/Snacks,Yes
21,Female,Employed,"₹2,000 - ₹5,000",E-commerce Website,4,Sad,Free Shipping Threshold,Electronics,No
38,Male,Employed,"₹5,000 - ₹15,000",Physical In-Store,2,Stressed,Social Media Ad,Electronics,No
36,Male,Self-employed,"Under ₹2,000",E-commerce Website,5,Happy,Heavy Discount,Electronics,No
32,Male,Employed,"Above ₹15,000",E-commerce Website,5,Neutral,Free Shipping Threshold,Food/Snacks,No
26,Female,Student,"₹5,000 - ₹15,000",Quick Commerce,6,Neutral,Limited Time Flash Sale,Food/Snacks,Yes
32,Female,Self-employed,"₹2,000 - ₹5,000",E-commerce Website,4,Happy,Limited Time Flash Sale,Clothing,Yes
22,Female,Employed,"Under ₹2,000",Social Media Stores,7,Happy,Limited Time Flash Sale,Food/Snacks,Yes
34,Male,Employed,"₹5,000 - ₹15,000",Social Media Stores,5,Bored,Heavy Discount,Beauty/Cosmetics,Yes
41,Male,Student,"₹5,000 - ₹15,000",E-commerce Website,4,Sad,Attractive Packaging,Electronics,No
36,Male,Self-employed,"Above ₹15,000",E-commerce Website,3,Sad,Free Shipping Threshold,Electronics,No
22,Male,Student,"₹2,000 - ₹5,000",E-commerce Website,3,Bored,Limited Time Flash Sale,Electronics,Yes
30,Female,Employed,"Under ₹2,000",Physical In-Store,5,Sad,Heavy Discount,Food/Snacks,No
18,Other,Self-employed,"Above ₹15,000",Social Media Stores,4,Bored,Attractive Packaging,Gaming/Digital,No
32,Female,Student,"₹2,000 - ₹5,000",Quick Commerce,3,Sad,Free Shipping Threshold,Food/Snacks,Yes
31,Female,Self-employed,"₹5,000 - ₹15,000",E-commerce Website,4,Bored,Attractive Packaging,Clothing,Yes
18,Female,Employed,"Under ₹2,000",E-commerce Website,7,Neutral,Limited Time Flash Sale,Food/Snacks,Yes
18,Male,Employed,"₹5,000 - ₹15,000",E-commerce Website,7,Stressed,Attractive Packaging,Beauty/Cosmetics,No
25,Other,Employed,"Under ₹2,000",E-commerce Website,1,Happy,Heavy Discount,Beauty/Cosmetics,No
25,Male,Employed,"₹5,000 - ₹15,000",E-commerce Website,4,Bored,Limited Time Flash Sale,Electronics,No
18,Female,Student,"₹5,000 - ₹15,000",Social Media Stores,9,Neutral,Free Shipping Threshold,Beauty/Cosmetics,Yes
31,Male,Student,"Above ₹15,000",E-commerce Website,14,Neutral,Social Media Ad,Gaming/Digital,No
30,Male,Self-employed,"Under ₹2,000",E-commerce Website,3,Stressed,Free Shipping Threshold,Clothing,Yes
26,Female,Student,"₹2,000 - ₹5,000",Physical In-Store,7,Bored,Free Shipping Threshold,Clothing,No
21,Male,Self-employed,"Under ₹2,000",Social Media Stores,4,Happy,Free Shipping Threshold,Electronics,Yes
36,Male,Student,"Above ₹15,000",E-commerce Website,4,Neutral,Heavy Discount,Electronics,No
41,Male,Employed,"₹5,000 - ₹15,000",E-commerce Website,4,Neutral,Limited Time Flash Sale,Clothing,Yes
24,Male,Self-employed,"₹5,000 - ₹15,000",E-commerce Website,6,Neutral,Free Shipping Threshold,Electronics,Yes
23,Other,Student,"Under ₹2,000",E-commerce Website,11,Neutral,Heavy Discount,Food/Snacks,No
31,Female,Self-employed,"₹2,000 - ₹5,000",E-commerce Website,7,Sad,Heavy Discount,Gaming/Digital,No
25,Female,Employed,"₹2,000 - ₹5,000",Quick Commerce,8,Bored,Limited Time Flash Sale,Food/Snacks,Yes
26,Male,Employed,"₹2,000 - ₹5,000",E-commerce Website,2,Neutral,Heavy Discount,Beauty/Cosmetics,No
33,Female,Employed,"₹5,000 - ₹15,000",Social Media Stores,5,Happy,Limited Time Flash Sale,Beauty/Cosmetics,Yes
18,Male,Employed,"Under ₹2,000",Social Media Stores,5,Happy,Heavy Discount,Food/Snacks,No
38,Male,Employed,"₹5,000 - ₹15,000",Social Media Stores,2,Happy,Limited Time Flash Sale,Beauty/Cosmetics,Yes
28,Male,Employed,"₹5,000 - ₹15,000",E-commerce Website,3,Neutral,Attractive Packaging,Gaming/Digital,No
24,Female,Employed,"Above ₹15,000",Quick Commerce,6,Bored,Free Shipping Threshold,Electronics,Yes
27,Male,Student,"₹5,000 - ₹15,000",Quick Commerce,7,Neutral,Limited Time Flash Sale,Clothing,Yes
27,Male,Self-employed,"₹2,000 - ₹5,000",E-commerce Website,4,Neutral,Limited Time Flash Sale,Food/Snacks,Yes
18,Female,Self-employed,"₹5,000 - ₹15,000",Social Media Stores,5,Bored,Attractive Packaging,Beauty/Cosmetics,No
39,Male,Employed,"Under ₹2,000",E-commerce Website,5,Neutral,Free Shipping Threshold,Beauty/Cosmetics,Yes
28,Female,Employed,"Under ₹2,000",Physical In-Store,2,Happy,Social Media Ad,Food/Snacks,No
31,Female,Employed,"₹5,000 - ₹15,000",E-commerce Website,3,Sad,Limited Time Flash Sale,Beauty/Cosmetics,Yes
35,Male,Employed,"Above ₹15,000",Quick Commerce,6,Stressed,Free Shipping Threshold,Food/Snacks,Yes
19,Male,Employed,"Under ₹2,000",Social Media Stores,8,Stressed,Heavy Discount,Beauty/Cosmetics,Yes
31,Male,Unemployed,"Under ₹2,000",Social Media Stores,8,Happy,Free Shipping Threshold,Clothing,No
25,Female,Student,"₹5,000 - ₹15,000",E-commerce Website,4,Neutral,Limited Time Flash Sale,Electronics,No
34,Female,Employed,"₹2,000 - ₹5,000",E-commerce Website,3,Happy,Attractive Packaging,Gaming/Digital,No
18,Male,Self-employed,"₹5,000 - ₹15,000",E-commerce Website,6,Sad,Social Media Ad,Beauty/Cosmetics,Yes
27,Male,Employed,"₹2,000 - ₹5,000",Social Media Stores,6,Stressed,Heavy Discount,Clothing,No
23,Male,Self-employed,"Under ₹2,000",E-commerce Website,4,Bored,Attractive Packaging,Food/Snacks,Yes
31,Female,Employed,"₹5,000 - ₹15,000",E-commerce Website,3,Happy,Limited Time Flash Sale,Beauty/Cosmetics,No
31,Female,Student,"Above ₹15,000",Quick Commerce,4,Bored,Attractive Packaging,Gaming/Digital,Yes
22,Male,Self-employed,"₹5,000 - ₹15,000",Quick Commerce,2,Stressed,Heavy Discount,Gaming/Digital,Yes
22,Female,Employed,"₹5,000 - ₹15,000",Quick Commerce,7,Bored,Free Shipping Threshold,Beauty/Cosmetics,Yes
27,Female,Employed,"₹2,000 - ₹5,000",E-commerce Website,5,Sad,Attractive Packaging,Food/Snacks,Yes
20,Female,Student,"Above ₹15,000",Quick Commerce,7,Happy,Heavy Discount,Beauty/Cosmetics,No
34,Male,Employed,"₹2,000 - ₹5,000",Quick Commerce,5,Bored,Attractive Packaging,Food/Snacks,Yes
25,Male,Employed,"Above ₹15,000",Quick Commerce,6,Happy,Limited Time Flash Sale,Food/Snacks,No
18,Male,Student,"₹2,000 - ₹5,000",Quick Commerce,5,Happy,Social Media Ad,Beauty/Cosmetics,Yes
25,Female,Employed,"₹2,000 - ₹5,000",Quick Commerce,5,Stressed,Social Media Ad,Food/Snacks,Yes
19,Female,Employed,"₹2,000 - ₹5,000",E-commerce Website,8,Stressed,Social Media Ad,Electronics,No
18,Female,Student,"₹5,000 - ₹15,000",E-commerce Website,7,Neutral,Heavy Discount,Food/Snacks,Yes
18,Male,Employed,"Under ₹2,000",Social Media Stores,3,Bored,Social Media Ad,Clothing,Yes
28,Male,Employed,"Above ₹15,000",E-commerce Website,5,Neutral,Heavy Discount,Food/Snacks,No
38,Male,Student,"₹2,000 - ₹5,000",E-commerce Website,6,Bored,Limited Time Flash Sale,Electronics,Yes
30,Female,Employed,"₹2,000 - ₹5,000",Social Media Stores,5,Bored,Heavy Discount,Electronics,No
23,Male,Employed,"₹2,000 - ₹5,000",Physical In-Store,6,Stressed,Social Media Ad,Gaming/Digital,No
31,Male,Student,"Under ₹2,000",Physical In-Store,4,Neutral,Social Media Ad,Electronics,Yes
24,Female,Employed,"₹5,000 - ₹15,000",E-commerce Website,4,Neutral,Social Media Ad,Beauty/Cosmetics,Yes
22,Male,Employed,"₹5,000 - ₹15,000",E-commerce Website,7,Sad,Attractive Packaging,Beauty/Cosmetics,No
18,Female,Self-employed,"₹5,000 - ₹15,000",Social Media Stores,7,Neutral,Social Media Ad,Food/Snacks,Yes
18,Male,Student,"Under ₹2,000",Quick Commerce,5,Happy,Social Media Ad,Electronics,No
24,Female,Employed,"Above ₹15,000",Social Media Stores,8,Neutral,Heavy Discount,Beauty/Cosmetics,Yes
29,Female,Student,"₹2,000 - ₹5,000",Social Media Stores,7,Bored,Free Shipping Threshold,Electronics,Yes
27,Female,Employed,"Above ₹15,000",Physical In-Store,6,Happy,Attractive Packaging,Electronics,No
24,Female,Employed,"Under ₹2,000",E-commerce Website,6,Neutral,Free Shipping Threshold,Gaming/Digital,No
20,Female,Employed,"₹5,000 - ₹15,000",Quick Commerce,6,Happy,Heavy Discount,Beauty/Cosmetics,No
32,Female,Employed,"₹5,000 - ₹15,000",Social Media Stores,6,Neutral,Social Media Ad,Food/Snacks,No
18,Female,Self-employed,"₹2,000 - ₹5,000",E-commerce Website,5,Bored,Social Media Ad,Beauty/Cosmetics,Yes
34,Female,Employed,"Under ₹2,000",Quick Commerce,4,Bored,Free Shipping Threshold,Gaming/Digital,Yes
19,Male,Self-employed,"₹5,000 - ₹15,000",Quick Commerce,5,Happy,Social Media Ad,Food/Snacks,No
21,Male,Student,"Under ₹2,000",E-commerce Website,6,Sad,Social Media Ad,Food/Snacks,No
18,Male,Employed,"₹5,000 - ₹15,000",E-commerce Website,10,Happy,Attractive Packaging,Electronics,No
23,Female,Employed,"₹5,000 - ₹15,000",E-commerce Website,3,Stressed,Social Media Ad,Beauty/Cosmetics,Yes
35,Female,Employed,"₹5,000 - ₹15,000",Physical In-Store,4,Sad,Social Media Ad,Clothing,Yes
32,Female,Student,"Above ₹15,000",Quick Commerce,3,Neutral,Free Shipping Threshold,Clothing,No
35,Male,Unemployed,"₹2,000 - ₹5,000",Quick Commerce,7,Happy,Heavy Discount,Clothing,No
32,Male,Student,"₹2,000 - ₹5,000",Social Media Stores,3,Bored,Social Media Ad,Electronics,Yes
19,Male,Student,"₹2,000 - ₹5,000",Social Media Stores,4,Happy,Attractive Packaging,Clothing,Yes
25,Female,Employed,"₹5,000 - ₹15,000",Social Media Stores,5,Neutral,Heavy Discount,Clothing,Yes
21,Male,Employed,"Above ₹15,000",E-commerce Website,4,Bored,Attractive Packaging,Food/Snacks,Yes
38,Female,Employed,"Above ₹15,000",Social Media Stores,3,Stressed,Free Shipping Threshold,Food/Snacks,Yes
18,Male,Employed,"Above ₹15,000",Quick Commerce,3,Sad,Heavy Discount,Clothing,Yes
35,Male,Employed,"Above ₹15,000",Quick Commerce,6,Bored,Limited Time Flash Sale,Electronics,No
35,Female,Employed,"Above ₹15,000",Physical In-Store,6,Bored,Attractive Packaging,Gaming/Digital,No
42,Female,Employed,"₹2,000 - ₹5,000",E-commerce Website,5,Sad,Limited Time Flash Sale,Electronics,No
24,Male,Self-employed,"Above ₹15,000",E-commerce Website,3,Stressed,Attractive Packaging,Gaming/Digital,Yes
33,Female,Self-employed,"₹5,000 - ₹15,000",Social Media Stores,4,Bored,Heavy Discount,Food/Snacks,No
46,Male,Employed,"Under ₹2,000",E-commerce Website,4,Sad,Attractive Packaging,Clothing,No
23,Other,Student,"Under ₹2,000",E-commerce Website,6,Bored,Free Shipping Threshold,Beauty/Cosmetics,No
18,Female,Self-employed,"₹2,000 - ₹5,000",Social Media Stores,4,Bored,Attractive Packaging,Gaming/Digital,No
18,Male,Student,"₹5,000 - ₹15,000",E-commerce Website,4,Happy,Social Media Ad,Clothing,Yes
33,Female,Student,"₹5,000 - ₹15,000",E-commerce Website,5,Neutral,Attractive Packaging,Food/Snacks,No
18,Male,Student,"₹2,000 - ₹5,000",Quick Commerce,4,Happy,Heavy Discount,Clothing,Yes
25,Female,Student,"₹5,000 - ₹15,000",E-commerce Website,4,Bored,Heavy Discount,Clothing,No
31,Female,Self-employed,"Under ₹2,000",Physical In-Store,6,Happy,Free Shipping Threshold,Beauty/Cosmetics,No
29,Female,Employed,"₹5,000 - ₹15,000",E-commerce Website,7,Happy,Free Shipping Threshold,Gaming/Digital,Yes
31,Male,Unemployed,"₹5,000 - ₹15,000",E-commerce Website,5,Neutral,Social Media Ad,Clothing,No
29,Male,Student,"Above ₹15,000",E-commerce Website,4,Neutral,Social Media Ad,Gaming/Digital,Yes
38,Male,Employed,"Under ₹2,000",Social Media Stores,11,Stressed,Social Media Ad,Gaming/Digital,Yes
20,Female,Unemployed,"Above ₹15,000",E-commerce Website,6,Sad,Heavy Discount,Electronics,No
22,Female,Self-employed,"₹2,000 - ₹5,000",E-commerce Website,2,Neutral,Attractive Packaging,Beauty/Cosmetics,Yes
21,Female,Employed,"₹2,000 - ₹5,000",E-commerce Website,8,Happy,Limited Time Flash Sale,Food/Snacks,Yes
34,Female,Student,"₹2,000 - ₹5,000",E-commerce Website,4,Neutral,Social Media Ad,Electronics,No
35,Male,Employed,"₹5,000 - ₹15,000",E-commerce Website,5,Happy,Free Shipping Threshold,Food/Snacks,No
31,Male,Employed,"Above ₹15,000",E-commerce Website,5,Happy,Free Shipping Threshold,Electronics,No
37,Male,Employed,"₹5,000 - ₹15,000",E-commerce Website,7,Bored,Social Media Ad,Gaming/Digital,Yes
18,Male,Employed,"Above ₹15,000",Physical In-Store,4,Stressed,Heavy Discount,Clothing,Yes
41,Male,Employed,"₹2,000 - ₹5,000",Physical In-Store,2,Bored,Free Shipping Threshold,Gaming/Digital,Yes
40,Female,Employed,"₹2,000 - ₹5,000",E-commerce Website,5,Sad,Limited Time Flash Sale,Clothing,No
33,Male,Employed,"₹5,000 - ₹15,000",Social Media Stores,6,Stressed,Attractive Packaging,Clothing,Yes
42,Male,Student,"₹2,000 - ₹5,000",E-commerce Website,3,Neutral,Free Shipping Threshold,Electronics,Yes
18,Female,Employed,"Above ₹15,000",Physical In-Store,5,Bored,Limited Time Flash Sale,Gaming/Digital,Yes
23,Male,Employed,"₹5,000 - ₹15,000",E-commerce Website,5,Bored,Attractive Packaging,Beauty/Cosmetics,Yes
22,Female,Student,"₹2,000 - ₹5,000",E-commerce Website,5,Stressed,Heavy Discount,Electronics,No
33,Male,Employed,"₹5,000 - ₹15,000",E-commerce Website,6,Neutral,Limited Time Flash Sale,Food/Snacks,Yes
19,Female,Student,"₹2,000 - ₹5,000",E-commerce Website,4,Neutral,Social Media Ad,Beauty/Cosmetics,No
34,Female,Employed,"Under ₹2,000",Social Media Stores,4,Sad,Attractive Packaging,Electronics,Yes
38,Male,Unemployed,"₹5,000 - ₹15,000",Social Media Stores,7,Stressed,Heavy Discount,Food/Snacks,No
33,Female,Student,"₹5,000 - ₹15,000",E-commerce Website,7,Happy,Free Shipping Threshold,Food/Snacks,No
30,Female,Employed,"Above ₹15,000",E-commerce Website,6,Neutral,Heavy Discount,Beauty/Cosmetics,No
20,Female,Employed,"Under ₹2,000",E-commerce Website,5,Neutral,Limited Time Flash Sale,Beauty/Cosmetics,Yes
21,Male,Student,"₹5,000 - ₹15,000",Social Media Stores,3,Sad,Social Media Ad,Electronics,Yes
37,Male,Self-employed,"Under ₹2,000",E-commerce Website,6,Neutral,Social Media Ad,Clothing,No
34,Female,Employed,"Under ₹2,000",Physical In-Store,5,Sad,Free Shipping Threshold,Clothing,No
27,Female,Self-employed,"₹5,000 - ₹15,000",E-commerce Website,6,Stressed,Limited Time Flash Sale,Gaming/Digital,Yes
24,Male,Student,"₹2,000 - ₹5,000",Quick Commerce,4,Happy,Attractive Packaging,Food/Snacks,No
18,Male,Student,"₹5,000 - ₹15,000",E-commerce Website,12,Stressed,Limited Time Flash Sale,Electronics,Yes
19,Male,Employed,"₹5,000 - ₹15,000",E-commerce Website,5,Happy,Free Shipping Threshold,Electronics,No
43,Male,Employed,"₹2,000 - ₹5,000",Social Media Stores,4,Neutral,Free Shipping Threshold,Food/Snacks,No
18,Male,Self-employed,"₹2,000 - ₹5,000",E-commerce Website,8,Happy,Social Media Ad,Food/Snacks,Yes
29,Male,Student,"Under ₹2,000",E-commerce Website,3,Happy,Attractive Packaging,Gaming/Digital,No
36,Male,Employed,"Above ₹15,000",Social Media Stores,5,Stressed,Limited Time Flash Sale,Food/Snacks,Yes
18,Male,Student,"Under ₹2,000",Quick Commerce,7,Bored,Heavy Discount,Beauty/Cosmetics,Yes
29,Female,Self-employed,"Under ₹2,000",Social Media Stores,3,Bored,Social Media Ad,Clothing,No
35,Male,Employed,"₹5,000 - ₹15,000",E-commerce Website,5,Sad,Heavy Discount,Gaming/Digital,No
28,Male,Employed,"Above ₹15,000",Social Media Stores,5,Happy,Heavy Discount,Clothing,No
50,Male,Student,"Above ₹15,000",Quick Commerce,4,Happy,Heavy Discount,Electronics,No
18,Female,Employed,"₹2,000 - ₹5,000",E-commerce Website,3,Neutral,Limited Time Flash Sale,Food/Snacks,Yes
36,Female,Student,"Under ₹2,000",Physical In-Store,4,Happy,Heavy Discount,Food/Snacks,Yes
26,Female,Student,"₹5,000 - ₹15,000",Quick Commerce,2,Stressed,Heavy Discount,Clothing,No
34,Male,Employed,"₹5,000 - ₹15,000",E-commerce Website,4,Stressed,Heavy Discount,Gaming/Digital,Yes
31,Female,Unemployed,"₹2,000 - ₹5,000",E-commerce Website,5,Happy,Free Shipping Threshold,Beauty/Cosmetics,Yes
22,Male,Self-employed,"₹2,000 - ₹5,000",E-commerce Website,7,Stressed,Heavy Discount,Electronics,Yes
29,Male,Employed,"Under ₹2,000",E-commerce Website,4,Stressed,Social Media Ad,Clothing,No
18,Female,Employed,"Under ₹2,000",Social Media Stores,5,Sad,Heavy Discount,Beauty/Cosmetics,No
32,Female,Unemployed,"₹5,000 - ₹15,000",E-commerce Website,4,Stressed,Attractive Packaging,Clothing,No
30,Female,Employed,"Under ₹2,000",Physical In-Store,1,Bored,Limited Time Flash Sale,Food/Snacks,Yes
33,Female,Employed,"₹2,000 - ₹5,000",Social Media Stores,10,Stressed,Heavy Discount,Gaming/Digital,Yes
36,Female,Self-employed,"₹2,000 - ₹5,000",Social Media Stores,5,Neutral,Free Shipping Threshold,Electronics,No
30,Male,Student,"₹2,000 - ₹5,000",Quick Commerce,7,Sad,Social Media Ad,Beauty/Cosmetics,No
29,Male,Student,"Under ₹2,000",E-commerce Website,5,Happy,Social Media Ad,Gaming/Digital,No
20,Male,Employed,"₹2,000 - ₹5,000",Physical In-Store,6,Stressed,Free Shipping Threshold,Food/Snacks,Yes
22,Female,Student,"Above ₹15,000",E-commerce Website,3,Neutral,Free Shipping Threshold,Food/Snacks,No
37,Male,Employed,"Under ₹2,000",E-commerce Website,5,Bored,Heavy Discount,Gaming/Digital,Yes
39,Female,Employed,"₹5,000 - ₹15,000",Physical In-Store,2,Stressed,Limited Time Flash Sale,Gaming/Digital,Yes
26,Male,Employed,"₹5,000 - ₹15,000",Social Media Stores,4,Happy,Heavy Discount,Clothing,No
28,Male,Unemployed,"₹2,000 - ₹5,000",E-commerce Website,3,Sad,Free Shipping Threshold,Gaming/Digital,No
20,Male,Student,"Under ₹2,000",E-commerce Website,4,Stressed,Limited Time Flash Sale,Beauty/Cosmetics,Yes
37,Male,Employed,"Under ₹2,000",Social Media Stores,5,Neutral,Heavy Discount,Electronics,Yes
33,Female,Student,"₹5,000 - ₹15,000",E-commerce Website,5,Stressed,Social Media Ad,Clothing,Yes
43,Male,Employed,"₹5,000 - ₹15,000",Physical In-Store,5,Bored,Attractive Packaging,Beauty/Cosmetics,Yes
20,Male,Employed,"₹2,000 - ₹5,000",E-commerce Website,3,Happy,Social Media Ad,Gaming/Digital,Yes
24,Male,Employed,"₹5,000 - ₹15,000",E-commerce Website,5,Neutral,Attractive Packaging,Food/Snacks,No
29,Male,Student,"₹5,000 - ₹15,000",Quick Commerce,8,Stressed,Social Media Ad,Gaming/Digital,Yes
33,Male,Employed,"₹2,000 - ₹5,000",Social Media Stores,7,Stressed,Social Media Ad,Beauty/Cosmetics,No
26,Male,Employed,"₹5,000 - ₹15,000",E-commerce Website,3,Happy,Free Shipping Threshold,Electronics,No
21,Female,Student,"₹2,000 - ₹5,000",Physical In-Store,3,Bored,Free Shipping Threshold,Electronics,No
35,Male,Employed,"₹5,000 - ₹15,000",E-commerce Website,9,Happy,Free Shipping Threshold,Gaming/Digital,No
33,Male,Employed,"Under ₹2,000",Quick Commerce,4,Stressed,Attractive Packaging,Gaming/Digital,No
20,Female,Unemployed,"₹5,000 - ₹15,000",Quick Commerce,3,Stressed,Limited Time Flash Sale,Electronics,Yes
38,Male,Self-employed,"₹2,000 - ₹5,000",Physical In-Store,2,Sad,Limited Time Flash Sale,Food/Snacks,Yes
37,Male,Employed,"₹5,000 - ₹15,000",Quick Commerce,2,Bored,Free Shipping Threshold,Beauty/Cosmetics,Yes
29,Female,Self-employed,"Under ₹2,000",E-commerce Website,7,Neutral,Heavy Discount,Food/Snacks,No
28,Male,Employed,"₹5,000 - ₹15,000",E-commerce Website,2,Happy,Attractive Packaging,Electronics,No
32,Female,Self-employed,"Under ₹2,000",E-commerce Website,7,Bored,Attractive Packaging,Beauty/Cosmetics,Yes
21,Female,Student,"Under ₹2,000",Social Media Stores,4,Bored,Free Shipping Threshold,Clothing,Yes
28,Female,Employed,"Under ₹2,000",E-commerce Website,8,Neutral,Free Shipping Threshold,Beauty/Cosmetics,Yes
18,Female,Employed,"Under ₹2,000",Quick Commerce,14,Bored,Free Shipping Threshold,Food/Snacks,No
35,Male,Employed,"₹5,000 - ₹15,000",E-commerce Website,4,Sad,Social Media Ad,Food/Snacks,No
18,Male,Student,"Above ₹15,000",Social Media Stores,6,Sad,Attractive Packaging,Beauty/Cosmetics,Yes
40,Male,Employed,"₹5,000 - ₹15,000",E-commerce Website,7,Neutral,Free Shipping Threshold,Gaming/Digital,Yes
25,Male,Employed,"Above ₹15,000",Physical In-Store,7,Bored,Social Media Ad,Beauty/Cosmetics,Yes
26,Female,Student,"Under ₹2,000",E-commerce Website,6,Happy,Heavy Discount,Electronics,Yes
22,Female,Employed,"Under ₹2,000",Quick Commerce,8,Sad,Free Shipping Threshold,Beauty/Cosmetics,Yes
25,Female,Employed,"₹5,000 - ₹15,000",Social Media Stores,4,Bored,Attractive Packaging,Food/Snacks,Yes
39,Female,Self-employed,"Above ₹15,000",E-commerce Website,4,Neutral,Attractive Packaging,Gaming/Digital,No
18,Male,Employed,"₹5,000 - ₹15,000",E-commerce Website,3,Happy,Heavy Discount,Gaming/Digital,No
38,Female,Self-employed,"₹2,000 - ₹5,000",Social Media Stores,3,Stressed,Free Shipping Threshold,Gaming/Digital,Yes
30,Female,Self-employed,"Under ₹2,000",E-commerce Website,6,Stressed,Attractive Packaging,Clothing,Yes
18,Female,Employed,"Under ₹2,000",Quick Commerce,5,Stressed,Limited Time Flash Sale,Food/Snacks,Yes
19,Male,Employed,"₹2,000 - ₹5,000",Quick Commerce,8,Neutral,Attractive Packaging,Gaming/Digital,Yes
41,Female,Student,"₹5,000 - ₹15,000",E-commerce Website,7,Neutral,Social Media Ad,Gaming/Digital,No
20,Male,Self-employed,"Under ₹2,000",Social Media Stores,5,Sad,Limited Time Flash Sale,Food/Snacks,Yes
18,Female,Student,"Above ₹15,000",Social Media Stores,5,Bored,Limited Time Flash Sale,Clothing,Yes
37,Female,Employed,"Above ₹15,000",E-commerce Website,5,Bored,Heavy Discount,Gaming/Digital,Yes
30,Male,Employed,"Above ₹15,000",E-commerce Website,4,Bored,Heavy Discount,Gaming/Digital,No
20,Female,Self-employed,"Above ₹15,000",E-commerce Website,2,Happy,Limited Time Flash Sale,Food/Snacks,No
29,Female,Employed,"Under ₹2,000",Quick Commerce,1,Neutral,Social Media Ad,Food/Snacks,No
19,Male,Self-employed,"Above ₹15,000",Social Media Stores,4,Stressed,Free Shipping Threshold,Beauty/Cosmetics,No
36,Female,Student,"₹2,000 - ₹5,000",Physical In-Store,5,Bored,Limited Time Flash Sale,Clothing,Yes
36,Female,Student,"Above ₹15,000",E-commerce Website,2,Stressed,Heavy Discount,Electronics,No
32,Female,Employed,"Under ₹2,000",E-commerce Website,4,Neutral,Free Shipping Threshold,Electronics,No
30,Female,Unemployed,"₹2,000 - ₹5,000",Quick Commerce,5,Neutral,Limited Time Flash Sale,Electronics,No
42,Female,Employed,"Under ₹2,000",E-commerce Website,6,Stressed,Free Shipping Threshold,Electronics,No
27,Female,Self-employed,"Under ₹2,000",Social Media Stores,7,Happy,Attractive Packaging,Electronics,No
18,Male,Employed,"Above ₹15,000",E-commerce Website,9,Happy,Heavy Discount,Clothing,No
31,Male,Employed,"₹5,000 - ₹15,000",E-commerce Website,5,Happy,Social Media Ad,Food/Snacks,No
44,Female,Employed,"₹5,000 - ₹15,000",E-commerce Website,3,Bored,Attractive Packaging,Food/Snacks,Yes
19,Female,Employed,"₹5,000 - ₹15,000",E-commerce Website,5,Neutral,Free Shipping Threshold,Electronics,Yes
25,Female,Student,"₹5,000 - ₹15,000",Social Media Stores,5,Stressed,Attractive Packaging,Clothing,Yes
31,Female,Unemployed,"₹2,000 - ₹5,000",Social Media Stores,3,Stressed,Limited Time Flash Sale,Beauty/Cosmetics,Yes
27,Female,Unemployed,"₹5,000 - ₹15,000",Quick Commerce,6,Stressed,Limited Time Flash Sale,Beauty/Cosmetics,Yes
20,Male,Employed,"₹2,000 - ₹5,000",Social Media Stores,5,Neutral,Limited Time Flash Sale,Beauty/Cosmetics,No
36,Other,Student,"₹5,000 - ₹15,000",E-commerce Website,12,Stressed,Attractive Packaging,Clothing,No
46,Male,Student,"Above ₹15,000",Quick Commerce,4,Sad,Heavy Discount,Gaming/Digital,Yes
29,Female,Unemployed,"₹2,000 - ₹5,000",Quick Commerce,3,Stressed,Social Media Ad,Beauty/Cosmetics,Yes
20,Female,Student,"₹2,000 - ₹5,000",E-commerce Website,6,Bored,Free Shipping Threshold,Food/Snacks,No
18,Female,Self-employed,"Above ₹15,000",E-commerce Website,4,Stressed,Heavy Discount,Electronics,Yes
30,Male,Employed,"Above ₹15,000",Quick Commerce,5,Neutral,Free Shipping Threshold,Gaming/Digital,No
36,Other,Employed,"Above ₹15,000",Social Media Stores,2,Neutral,Attractive Packaging,Electronics,No
31,Female,Self-employed,"₹5,000 - ₹15,000",Social Media Stores,10,Stressed,Heavy Discount,Food/Snacks,No
27,Female,Student,"₹2,000 - ₹5,000",Physical In-Store,3,Stressed,Social Media Ad,Electronics,Yes
23,Male,Employed,"₹2,000 - ₹5,000",Social Media Stores,3,Happy,Limited Time Flash Sale,Clothing,Yes
19,Female,Unemployed,"Under ₹2,000",E-commerce Website,7,Stressed,Social Media Ad,Clothing,No
34,Female,Employed,"₹5,000 - ₹15,000",E-commerce Website,2,Neutral,Social Media Ad,Food/Snacks,Yes
35,Female,Employed,"₹2,000 - ₹5,000",Quick Commerce,5,Happy,Social Media Ad,Beauty/Cosmetics,No
18,Female,Employed,"₹5,000 - ₹15,000",Social Media Stores,3,Neutral,Limited Time Flash Sale,Beauty/Cosmetics,Yes
40,Male,Student,"Above ₹15,000",E-commerce Website,1,Stressed,Social Media Ad,Electronics,Yes
32,Male,Student,"Above ₹15,000",E-commerce Website,5,Sad,Attractive Packaging,Food/Snacks,No
39,Female,Employed,"Under ₹2,000",E-commerce Website,5,Stressed,Social Media Ad,Food/Snacks,Yes
18,Male,Employed,"₹2,000 - ₹5,000",Physical In-Store,3,Bored,Social Media Ad,Clothing,Yes
18,Other,Employed,"₹5,000 - ₹15,000",E-commerce Website,9,Stressed,Attractive Packaging,Beauty/Cosmetics,Yes
26,Male,Employed,"₹5,000 - ₹15,000",E-commerce Website,6,Stressed,Heavy Discount,Beauty/Cosmetics,Yes
32,Female,Student,"₹5,000 - ₹15,000",E-commerce Website,3,Stressed,Attractive Packaging,Gaming/Digital,No
42,Male,Employed,"Above ₹15,000",Quick Commerce,4,Happy,Free Shipping Threshold,Clothing,No
33,Female,Student,"₹2,000 - ₹5,000",E-commerce Website,6,Stressed,Limited Time Flash Sale,Beauty/Cosmetics,Yes
26,Male,Student,"₹2,000 - ₹5,000",Physical In-Store,2,Bored,Attractive Packaging,Beauty/Cosmetics,No
19,Male,Employed,"₹2,000 - ₹5,000",Quick Commerce,5,Bored,Limited Time Flash Sale,Electronics,Yes
37,Male,Self-employed,"₹5,000 - ₹15,000",Social Media Stores,5,Happy,Attractive Packaging,Beauty/Cosmetics,No
20,Male,Student,"₹2,000 - ₹5,000",Physical In-Store,4,Happy,Social Media Ad,Electronics,No
41,Other,Employed,"₹5,000 - ₹15,000",Physical In-Store,4,Bored,Social Media Ad,Beauty/Cosmetics,Yes
25,Male,Employed,"Above ₹15,000",Social Media Stores,4,Bored,Free Shipping Threshold,Electronics,Yes
40,Female,Student,"₹2,000 - ₹5,000",E-commerce Website,5,Sad,Heavy Discount,Clothing,No
33,Other,Employed,"Above ₹15,000",Social Media Stores,4,Stressed,Attractive Packaging,Electronics,Yes
26,Female,Self-employed,"₹5,000 - ₹15,000",E-commerce Website,3,Stressed,Free Shipping Threshold,Beauty/Cosmetics,Yes
23,Other,Employed,"Above ₹15,000",Quick Commerce,8,Bored,Attractive Packaging,Clothing,Yes
25,Other,Student,"Under ₹2,000",Social Media Stores,3,Stressed,Limited Time Flash Sale,Food/Snacks,No
31,Female,Employed,"₹2,000 - ₹5,000",Physical In-Store,4,Bored,Free Shipping Threshold,Beauty/Cosmetics,No
28,Female,Employed,"₹2,000 - ₹5,000",E-commerce Website,6,Stressed,Heavy Discount,Beauty/Cosmetics,Yes
23,Male,Student,"₹2,000 - ₹5,000",E-commerce Website,8,Bored,Attractive Packaging,Gaming/Digital,Yes
26,Male,Student,"Under ₹2,000",E-commerce Website,3,Neutral,Limited Time Flash Sale,Gaming/Digital,Yes
28,Female,Student,"Above ₹15,000",Physical In-Store,5,Bored,Limited Time Flash Sale,Clothing,Yes
18,Female,Student,"₹2,000 - ₹5,000",Physical In-Store,3,Bored,Free Shipping Threshold,Food/Snacks,Yes
31,Female,Student,"Above ₹15,000",E-commerce Website,3,Neutral,Social Media Ad,Electronics,No
20,Female,Employed,"₹5,000 - ₹15,000",Social Media Stores,5,Happy,Free Shipping Threshold,Gaming/Digital,No
18,Male,Employed,"Under ₹2,000",Physical In-Store,4,Neutral,Free Shipping Threshold,Food/Snacks,No
18,Female,Self-employed,"₹5,000 - ₹15,000",Social Media Stores,6,Happy,Limited Time Flash Sale,Food/Snacks,No
18,Female,Employed,"Above ₹15,000",Social Media Stores,7,Sad,Heavy Discount,Clothing,No
18,Male,Self-employed,"₹5,000 - ₹15,000",Quick Commerce,10,Stressed,Free Shipping Threshold,Electronics,Yes
22,Female,Employed,"Under ₹2,000",Quick Commerce,2,Sad,Social Media Ad,Clothing,Yes
43,Male,Student,"Above ₹15,000",Quick Commerce,5,Happy,Limited Time Flash Sale,Food/Snacks,Yes
23,Female,Employed,"₹2,000 - ₹5,000",Quick Commerce,8,Bored,Social Media Ad,Electronics,No
29,Female,Self-employed,"₹5,000 - ₹15,000",E-commerce Website,6,Bored,Limited Time Flash Sale,Beauty/Cosmetics,Yes
31,Male,Student,"₹5,000 - ₹15,000",E-commerce Website,5,Happy,Limited Time Flash Sale,Gaming/Digital,Yes
29,Female,Student,"₹2,000 - ₹5,000",E-commerce Website,3,Stressed,Free Shipping Threshold,Electronics,Yes
27,Female,Employed,"₹2,000 - ₹5,000",E-commerce Website,1,Happy,Limited Time Flash Sale,Gaming/Digital,Yes
18,Male,Employed,"Above ₹15,000",E-commerce Website,2,Bored,Heavy Discount,Beauty/Cosmetics,Yes
39,Male,Employed,"Above ₹15,000",Social Media Stores,5,Stressed,Social Media Ad,Clothing,No
42,Female,Student,"₹5,000 - ₹15,000",Physical In-Store,3,Neutral,Attractive Packaging,Clothing,No
18,Male,Student,"₹2,000 - ₹5,000",E-commerce Website,4,Sad,Limited Time Flash Sale,Food/Snacks,No
19,Female,Employed,"Under ₹2,000",E-commerce Website,6,Happy,Free Shipping Threshold,Clothing,No
25,Male,Employed,"Under ₹2,000",Quick Commerce,5,Happy,Attractive Packaging,Electronics,No
20,Female,Employed,"₹5,000 - ₹15,000",E-commerce Website,6,Stressed,Heavy Discount,Gaming/Digital,Yes
32,Female,Employed,"₹2,000 - ₹5,000",Quick Commerce,9,Sad,Social Media Ad,Electronics,No
22,Male,Employed,"Under ₹2,000",E-commerce Website,6,Bored,Heavy Discount,Gaming/Digital,Yes
45,Female,Student,"₹2,000 - ₹5,000",Social Media Stores,8,Stressed,Free Shipping Threshold,Beauty/Cosmetics,No
37,Female,Employed,"₹5,000 - ₹15,000",E-commerce Website,6,Sad,Attractive Packaging,Gaming/Digital,No
29,Female,Student,"Above ₹15,000",E-commerce Website,6,Sad,Heavy Discount,Food/Snacks,Yes
36,Female,Employed,"₹5,000 - ₹15,000",Quick Commerce,5,Neutral,Limited Time Flash Sale,Clothing,No
36,Female,Employed,"₹5,000 - ₹15,000",E-commerce Website,8,Stressed,Attractive Packaging,Electronics,Yes
23,Female,Student,"₹2,000 - ₹5,000",E-commerce Website,5,Neutral,Social Media Ad,Electronics,Yes
21,Female,Student,"₹2,000 - ₹5,000",E-commerce Website,4,Neutral,Free Shipping Threshold,Clothing,No
28,Female,Student,"₹5,000 - ₹15,000",Social Media Stores,3,Bored,Free Shipping Threshold,Beauty/Cosmetics,No
34,Male,Student,"₹5,000 - ₹15,000",Quick Commerce,5,Sad,Social Media Ad,Gaming/Digital,Yes
29,Other,Employed,"₹2,000 - ₹5,000",Social Media Stores,10,Neutral,Free Shipping Threshold,Electronics,No
18,Male,Unemployed,"₹5,000 - ₹15,000",E-commerce Website,2,Bored,Free Shipping Threshold,Food/Snacks,Yes
21,Male,Employed,"Above ₹15,000",E-commerce Website,8,Happy,Social Media Ad,Electronics,No
27,Male,Employed,"₹5,000 - ₹15,000",E-commerce Website,11,Neutral,Free Shipping Threshold,Clothing,Yes
27,Male,Employed,"₹5,000 - ₹15,000",Social Media Stores,6,Neutral,Social Media Ad,Food/Snacks,No
43,Male,Employed,"₹5,000 - ₹15,000",E-commerce Website,4,Sad,Free Shipping Threshold,Beauty/Cosmetics,No
18,Male,Self-employed,"Under ₹2,000",Social Media Stores,5,Neutral,Heavy Discount,Electronics,No
32,Male,Self-employed,"₹5,000 - ₹15,000",E-commerce Website,3,Stressed,Heavy Discount,Gaming/Digital,No
39,Female,Employed,"Above ₹15,000",E-commerce Website,6,Happy,Heavy Discount,Food/Snacks,No
46,Male,Unemployed,"₹2,000 - ₹5,000",E-commerce Website,9,Neutral,Attractive Packaging,Electronics,No
24,Male,Student,"₹2,000 - ₹5,000",E-commerce Website,5,Neutral,Social Media Ad,Gaming/Digital,Yes
31,Male,Employed,"₹5,000 - ₹15,000",Social Media Stores,3,Bored,Heavy Discount,Food/Snacks,Yes
32,Male,Self-employed,"₹2,000 - ₹5,000",Physical In-Store,8,Bored,Free Shipping Threshold,Gaming/Digital,No
29,Male,Employed,"₹5,000 - ₹15,000",Physical In-Store,7,Happy,Social Media Ad,Food/Snacks,No
27,Female,Unemployed,"Under ₹2,000",E-commerce Website,6,Stressed,Social Media Ad,Gaming/Digital,Yes
31,Other,Student,"₹5,000 - ₹15,000",E-commerce Website,7,Bored,Free Shipping Threshold,Gaming/Digital,Yes
18,Female,Employed,"₹5,000 - ₹15,000",E-commerce Website,3,Stressed,Limited Time Flash Sale,Electronics,Yes
33,Female,Unemployed,"₹2,000 - ₹5,000",Social Media Stores,7,Neutral,Social Media Ad,Food/Snacks,No
29,Male,Employed,"₹2,000 - ₹5,000",E-commerce Website,2,Stressed,Attractive Packaging,Beauty/Cosmetics,Yes
26,Male,Employed,"₹2,000 - ₹5,000",E-commerce Website,7,Stressed,Attractive Packaging,Gaming/Digital,Yes
44,Male,Student,"₹2,000 - ₹5,000",Social Media Stores,3,Happy,Limited Time Flash Sale,Electronics,Yes
22,Female,Employed,"₹2,000 - ₹5,000",Social Media Stores,3,Bored,Heavy Discount,Electronics,No
24,Male,Self-employed,"₹2,000 - ₹5,000",Physical In-Store,2,Stressed,Heavy Discount,Food/Snacks,Yes
43,Female,Employed,"₹5,000 - ₹15,000",Quick Commerce,9,Happy,Social Media Ad,Electronics,Yes
21,Male,Student,"₹5,000 - ₹15,000",Quick Commerce,2,Stressed,Free Shipping Threshold,Clothing,Yes
23,Male,Student,"₹2,000 - ₹5,000",E-commerce Website,5,Happy,Social Media Ad,Gaming/Digital,No
26,Other,Self-employed,"Under ₹2,000",Social Media Stores,7,Bored,Limited Time Flash Sale,Food/Snacks,Yes
34,Female,Employed,"Under ₹2,000",Physical In-Store,5,Neutral,Heavy Discount,Clothing,No
29,Female,Student,"₹5,000 - ₹15,000",Physical In-Store,3,Neutral,Attractive Packaging,Gaming/Digital,No
18,Female,Student,"₹2,000 - ₹5,000",E-commerce Website,10,Stressed,Social Media Ad,Food/Snacks,No
23,Female,Self-employed,"Under ₹2,000",Quick Commerce,7,Neutral,Limited Time Flash Sale,Food/Snacks,No
23,Female,Self-employed,"₹2,000 - ₹5,000",Social Media Stores,4,Sad,Social Media Ad,Beauty/Cosmetics,No
27,Female,Student,"Above ₹15,000",E-commerce Website,3,Sad,Heavy Discount,Electronics,Yes
31,Male,Employed,"₹5,000 - ₹15,000",E-commerce Website,3,Happy,Free Shipping Threshold,Food/Snacks,No
31,Female,Employed,"Above ₹15,000",E-commerce Website,4,Bored,Attractive Packaging,Electronics,Yes
18,Female,Employed,"Under ₹2,000",E-commerce Website,7,Neutral,Limited Time Flash Sale,Clothing,Yes
36,Male,Unemployed,"Under ₹2,000",Quick Commerce,4,Neutral,Heavy Discount,Electronics,Yes
30,Female,Employed,"Under ₹2,000",E-commerce Website,5,Neutral,Attractive Packaging,Beauty/Cosmetics,No
39,Other,Employed,"Above ₹15,000",E-commerce Website,8,Happy,Heavy Discount,Clothing,Yes
31,Female,Employed,"₹2,000 - ₹5,000",E-commerce Website,8,Bored,Heavy Discount,Beauty/Cosmetics,Yes
36,Male,Self-employed,"₹2,000 - ₹5,000",Quick Commerce,8,Bored,Social Media Ad,Beauty/Cosmetics,Yes
31,Female,Employed,"₹2,000 - ₹5,000",Social Media Stores,9,Happy,Attractive Packaging,Clothing,No
38,Female,Student,"₹5,000 - ₹15,000",E-commerce Website,6,Stressed,Free Shipping Threshold,Beauty/Cosmetics,No
32,Female,Employed,"₹2,000 - ₹5,000",E-commerce Website,3,Neutral,Heavy Discount,Gaming/Digital,Yes
27,Male,Self-employed,"₹5,000 - ₹15,000",E-commerce Website,8,Happy,Free Shipping Threshold,Electronics,Yes
46,Female,Employed,"Above ₹15,000",Quick Commerce,8,Neutral,Free Shipping Threshold,Clothing,Yes
35,Male,Employed,"₹2,000 - ₹5,000",E-commerce Website,2,Sad,Heavy Discount,Beauty/Cosmetics,No
32,Female,Employed,"₹5,000 - ₹15,000",Physical In-Store,7,Happy,Social Media Ad,Clothing,No
18,Male,Student,"₹5,000 - ₹15,000",E-commerce Website,6,Sad,Limited Time Flash Sale,Beauty/Cosmetics,Yes
18,Female,Student,"₹5,000 - ₹15,000",E-commerce Website,2,Neutral,Limited Time Flash Sale,Electronics,Yes
30,Female,Student,"₹2,000 - ₹5,000",E-commerce Website,4,Happy,Heavy Discount,Food/Snacks,No
29,Male,Employed,"Under ₹2,000",E-commerce Website,6,Stressed,Social Media Ad,Electronics,Yes
23,Male,Employed,"₹5,000 - ₹15,000",Physical In-Store,8,Stressed,Limited Time Flash Sale,Beauty/Cosmetics,No
29,Male,Self-employed,"₹2,000 - ₹5,000",Physical In-Store,3,Happy,Heavy Discount,Beauty/Cosmetics,Yes
40,Male,Self-employed,"Above ₹15,000",E-commerce Website,7,Neutral,Attractive Packaging,Beauty/Cosmetics,No
33,Male,Employed,"₹5,000 - ₹15,000",E-commerce Website,4,Happy,Heavy Discount,Clothing,No
18,Other,Employed,"₹5,000 - ₹15,000",Quick Commerce,1,Sad,Heavy Discount,Clothing,No
27,Female,Student,"Under ₹2,000",E-commerce Website,4,Bored,Free Shipping Threshold,Clothing,Yes
21,Female,Student,"₹5,000 - ₹15,000",Physical In-Store,1,Happy,Free Shipping Threshold,Food/Snacks,No
24,Female,Student,"₹5,000 - ₹15,000",Social Media Stores,5,Sad,Social Media Ad,Beauty/Cosmetics,Yes
24,Male,Employed,"₹5,000 - ₹15,000",Quick Commerce,6,Stressed,Limited Time Flash Sale,Gaming/Digital,Yes
24,Male,Student,"₹2,000 - ₹5,000",E-commerce Website,11,Happy,Social Media Ad,Clothing,Yes
18,Male,Student,"Above ₹15,000",E-commerce Website,2,Bored,Free Shipping Threshold,Clothing,No
26,Female,Employed,"₹2,000 - ₹5,000",Social Media Stores,5,Happy,Heavy Discount,Beauty/Cosmetics,No
23,Female,Employed,"Under ₹2,000",Physical In-Store,7,Neutral,Free Shipping Threshold,Food/Snacks,No
18,Male,Employed,"Above ₹15,000",Quick Commerce,5,Bored,Heavy Discount,Gaming/Digital,Yes
44,Male,Employed,"₹5,000 - ₹15,000",Quick Commerce,8,Bored,Social Media Ad,Clothing,Yes
36,Female,Student,"₹2,000 - ₹5,000",E-commerce Website,1,Sad,Social Media Ad,Electronics,Yes
24,Female,Student,"Above ₹15,000",E-commerce Website,6,Stressed,Social Media Ad,Gaming/Digital,Yes
28,Female,Student,"Under ₹2,000",Physical In-Store,7,Happy,Social Media Ad,Gaming/Digital,No
18,Male,Student,"Under ₹2,000",Quick Commerce,2,Neutral,Social Media Ad,Gaming/Digital,No
41,Female,Employed,"₹5,000 - ₹15,000",Social Media Stores,6,Bored,Heavy Discount,Gaming/Digital,No
43,Male,Employed,"Under ₹2,000",E-commerce Website,2,Neutral,Heavy Discount,Gaming/Digital,No
29,Female,Employed,"Above ₹15,000",Physical In-Store,2,Happy,Social Media Ad,Beauty/Cosmetics,Yes
36,Female,Employed,"₹5,000 - ₹15,000",Social Media Stores,6,Bored,Social Media Ad,Gaming/Digital,No
29,Female,Self-employed,"₹2,000 - ₹5,000",Quick Commerce,5,Bored,Heavy Discount,Gaming/Digital,Yes
18,Male,Student,"Above ₹15,000",Social Media Stores,5,Happy,Heavy Discount,Electronics,No
24,Male,Student,"Under ₹2,000",Physical In-Store,2,Bored,Social Media Ad,Food/Snacks,Yes
29,Female,Employed,"₹5,000 - ₹15,000",E-commerce Website,6,Stressed,Limited Time Flash Sale,Food/Snacks,Yes
24,Male,Employed,"Above ₹15,000",E-commerce Website,4,Sad,Attractive Packaging,Clothing,No
26,Female,Employed,"Above ₹15,000",Quick Commerce,10,Neutral,Limited Time Flash Sale,Clothing,Yes
27,Female,Employed,"₹2,000 - ₹5,000",E-commerce Website,1,Stressed,Limited Time Flash Sale,Beauty/Cosmetics,Yes
27,Male,Student,"Under ₹2,000",Social Media Stores,8,Happy,Free Shipping Threshold,Gaming/Digital,No
28,Female,Employed,"₹2,000 - ₹5,000",Physical In-Store,5,Happy,Attractive Packaging,Food/Snacks,No
19,Male,Student,"₹5,000 - ₹15,000",E-commerce Website,1,Bored,Social Media Ad,Clothing,Yes
22,Female,Employed,"₹5,000 - ₹15,000",Social Media Stores,1,Happy,Social Media Ad,Food/Snacks,No
18,Other,Self-employed,"Under ₹2,000",Quick Commerce,5,Neutral,Limited Time Flash Sale,Food/Snacks,Yes
35,Female,Student,"₹2,000 - ₹5,000",E-commerce Website,6,Neutral,Free Shipping Threshold,Food/Snacks,No
18,Male,Student,"₹5,000 - ₹15,000",E-commerce Website,10,Bored,Limited Time Flash Sale,Clothing,Yes
37,Female,Student,"₹2,000 - ₹5,000",Social Media Stores,2,Neutral,Heavy Discount,Gaming/Digital,No
39,Female,Student,"Under ₹2,000",Social Media Stores,4,Neutral,Limited Time Flash Sale,Clothing,No
25,Male,Employed,"Above ₹15,000",Social Media Stores,5,Neutral,Limited Time Flash Sale,Food/Snacks,No
18,Female,Employed,"₹2,000 - ₹5,000",Physical In-Store,3,Neutral,Heavy Discount,Gaming/Digital,No
25,Other,Unemployed,"₹5,000 - ₹15,000",E-commerce Website,4,Stressed,Heavy Discount,Food/Snacks,Yes
27,Female,Employed,"Under ₹2,000",Quick Commerce,4,Neutral,Limited Time Flash Sale,Food/Snacks,Yes
19,Female,Student,"₹2,000 - ₹5,000",Quick Commerce,7,Sad,Free Shipping Threshold,Electronics,Yes
23,Male,Student,"₹2,000 - ₹5,000",E-commerce Website,4,Stressed,Heavy Discount,Clothing,No
40,Female,Student,"₹5,000 - ₹15,000",Quick Commerce,6,Bored,Attractive Packaging,Gaming/Digital,No
33,Male,Student,"₹5,000 - ₹15,000",E-commerce Website,6,Bored,Heavy Discount,Beauty/Cosmetics,No
20,Male,Employed,"₹2,000 - ₹5,000",E-commerce Website,4,Sad,Social Media Ad,Food/Snacks,Yes
18,Male,Student,"₹5,000 - ₹15,000",Social Media Stores,1,Neutral,Heavy Discount,Gaming/Digital,No
25,Male,Unemployed,"₹2,000 - ₹5,000",E-commerce Website,3,Bored,Heavy Discount,Food/Snacks,No
26,Male,Employed,"₹2,000 - ₹5,000",Quick Commerce,3,Sad,Attractive Packaging,Electronics,Yes
31,Female,Employed,"Above ₹15,000",E-commerce Website,6,Stressed,Free Shipping Threshold,Electronics,No
23,Female,Employed,"Above ₹15,000",E-commerce Website,3,Happy,Limited Time Flash Sale,Gaming/Digital,No
32,Female,Employed,"Above ₹15,000",E-commerce Website,6,Neutral,Attractive Packaging,Beauty/Cosmetics,No
43,Male,Employed,"₹5,000 - ₹15,000",E-commerce Website,4,Stressed,Attractive Packaging,Clothing,Yes
34,Male,Employed,"Under ₹2,000",E-commerce Website,2,Bored,Attractive Packaging,Clothing,No
27,Female,Student,"₹5,000 - ₹15,000",E-commerce Website,4,Bored,Free Shipping Threshold,Clothing,No
26,Female,Self-employed,"₹5,000 - ₹15,000",E-commerce Website,9,Neutral,Limited Time Flash Sale,Electronics,No
25,Other,Student,"Under ₹2,000",Quick Commerce,4,Neutral,Heavy Discount,Beauty/Cosmetics,No
37,Male,Employed,"₹2,000 - ₹5,000",Physical In-Store,5,Bored,Social Media Ad,Beauty/Cosmetics,No
22,Female,Employed,"₹2,000 - ₹5,000",Quick Commerce,7,Bored,Attractive Packaging,Electronics,Yes
28,Male,Student,"₹2,000 - ₹5,000",E-commerce Website,2,Sad,Limited Time Flash Sale,Clothing,Yes
28,Female,Student,"₹2,000 - ₹5,000",E-commerce Website,7,Stressed,Free Shipping Threshold,Beauty/Cosmetics,Yes
23,Female,Student,"Above ₹15,000",E-commerce Website,3,Happy,Free Shipping Threshold,Beauty/Cosmetics,No
18,Female,Employed,"₹5,000 - ₹15,000",E-commerce Website,5,Happy,Limited Time Flash Sale,Electronics,No
30,Other,Employed,"₹2,000 - ₹5,000",Social Media Stores,5,Bored,Attractive Packaging,Clothing,Yes
27,Male,Employed,"₹5,000 - ₹15,000",Quick Commerce,9,Stressed,Social Media Ad,Clothing,Yes
32,Female,Employed,"₹2,000 - ₹5,000",E-commerce Website,3,Happy,Free Shipping Threshold,Electronics,Yes
23,Female,Student,"₹5,000 - ₹15,000",E-commerce Website,6,Stressed,Heavy Discount,Beauty/Cosmetics,No
37,Female,Employed,"Above ₹15,000",E-commerce Website,5,Happy,Free Shipping Threshold,Beauty/Cosmetics,Yes
20,Male,Employed,"₹5,000 - ₹15,000",Quick Commerce,6,Neutral,Social Media Ad,Gaming/Digital,No
41,Female,Employed,"₹5,000 - ₹15,000",Quick Commerce,4,Neutral,Limited Time Flash Sale,Beauty/Cosmetics,Yes
18,Female,Employed,"₹2,000 - ₹5,000",E-commerce Website,2,Stressed,Limited Time Flash Sale,Electronics,Yes
31,Male,Employed,"₹5,000 - ₹15,000",E-commerce Website,6,Sad,Attractive Packaging,Beauty/Cosmetics,Yes
31,Male,Student,"₹5,000 - ₹15,000",E-commerce Website,4,Bored,Free Shipping Threshold,Clothing,Yes
21,Male,Employed,"₹5,000 - ₹15,000",Social Media Stores,6,Neutral,Heavy Discount,Clothing,No
31,Female,Student,"₹5,000 - ₹15,000",Quick Commerce,7,Stressed,Attractive Packaging,Clothing,No
38,Male,Employed,"Above ₹15,000",Quick Commerce,5,Happy,Limited Time Flash Sale,Food/Snacks,Yes
18,Female,Student,"₹5,000 - ₹15,000",E-commerce Website,4,Stressed,Social Media Ad,Food/Snacks,Yes
32,Female,Self-employed,"₹5,000 - ₹15,000",Social Media Stores,4,Bored,Social Media Ad,Electronics,Yes
18,Female,Employed,"₹5,000 - ₹15,000",E-commerce Website,4,Bored,Heavy Discount,Beauty/Cosmetics,Yes
20,Female,Employed,"₹2,000 - ₹5,000",Social Media Stores,9,Neutral,Attractive Packaging,Clothing,Yes
41,Male,Employed,"₹2,000 - ₹5,000",E-commerce Website,6,Happy,Heavy Discount,Clothing,No
23,Female,Self-employed,"₹5,000 - ₹15,000",Social Media Stores,1,Neutral,Heavy Discount,Food/Snacks,No
18,Female,Employed,"₹2,000 - ₹5,000",Physical In-Store,5,Stressed,Free Shipping Threshold,Gaming/Digital,Yes
26,Other,Student,"₹5,000 - ₹15,000",Physical In-Store,5,Happy,Social Media Ad,Food/Snacks,No
44,Female,Self-employed,"Under ₹2,000",Social Media Stores,6,Bored,Free Shipping Threshold,Electronics,Yes
18,Female,Employed,"₹2,000 - ₹5,000",Quick Commerce,4,Bored,Heavy Discount,Food/Snacks,Yes
19,Male,Employed,"Above ₹15,000",Social Media Stores,4,Neutral,Free Shipping Threshold,Electronics,Yes
39,Female,Self-employed,"Under ₹2,000",Social Media Stores,4,Stressed,Heavy Discount,Clothing,Yes
42,Female,Student,"₹2,000 - ₹5,000",Quick Commerce,6,Neutral,Heavy Discount,Gaming/Digital,Yes
27,Female,Student,"₹2,000 - ₹5,000",E-commerce Website,5,Stressed,Attractive Packaging,Electronics,No
18,Female,Employed,"₹5,000 - ₹15,000",E-commerce Website,5,Neutral,Attractive Packaging,Food/Snacks,No
44,Male,Employed,"₹5,000 - ₹15,000",Quick Commerce,7,Neutral,Heavy Discount,Clothing,Yes
40,Other,Employed,"Above ₹15,000",Quick Commerce,3,Neutral,Social Media Ad,Beauty/Cosmetics,No
33,Other,Employed,"₹2,000 - ₹5,000",E-commerce Website,6,Neutral,Social Media Ad,Beauty/Cosmetics,No
21,Male,Employed,"Above ₹15,000",E-commerce Website,8,Sad,Free Shipping Threshold,Beauty/Cosmetics,Yes
27,Female,Employed,"₹2,000 - ₹5,000",Quick Commerce,6,Neutral,Limited Time Flash Sale,Electronics,No
26,Male,Self-employed,"₹2,000 - ₹5,000",Social Media Stores,5,Neutral,Social Media Ad,Clothing,No
30,Female,Student,"₹2,000 - ₹5,000",Physical In-Store,7,Bored,Free Shipping Threshold,Gaming/Digital,No
39,Male,Employed,"Under ₹2,000",E-commerce Website,5,Sad,Attractive Packaging,Gaming/Digital,No
35,Other,Employed,"₹2,000 - ₹5,000",Quick Commerce,5,Neutral,Heavy Discount,Clothing,No
19,Male,Employed,"₹2,000 - ₹5,000",Physical In-Store,2,Sad,Limited Time Flash Sale,Beauty/Cosmetics,No
39,Female,Employed,"Under ₹2,000",E-commerce Website,5,Bored,Attractive Packaging,Beauty/Cosmetics,No
30,Male,Student,"Above ₹15,000",E-commerce Website,6,Happy,Heavy Discount,Beauty/Cosmetics,No
33,Male,Employed,"₹2,000 - ₹5,000",E-commerce Website,6,Stressed,Limited Time Flash Sale,Clothing,Yes
39,Female,Employed,"Above ₹15,000",E-commerce Website,4,Neutral,Social Media Ad,Gaming/Digital,No
19,Male,Employed,"Above ₹15,000",E-commerce Website,5,Sad,Attractive Packaging,Electronics,Yes
27,Female,Employed,"Under ₹2,000",E-commerce Website,6,Bored,Heavy Discount,Beauty/Cosmetics,Yes
23,Other,Employed,"₹5,000 - ₹15,000",Quick Commerce,2,Stressed,Attractive Packaging,Food/Snacks,Yes
18,Female,Employed,"₹5,000 - ₹15,000",E-commerce Website,6,Neutral,Limited Time Flash Sale,Beauty/Cosmetics,Yes
30,Female,Employed,"₹5,000 - ₹15,000",E-commerce Website,5,Happy,Attractive Packaging,Beauty/Cosmetics,Yes
48,Male,Employed,"Above ₹15,000",E-commerce Website,4,Happy,Limited Time Flash Sale,Gaming/Digital,Yes
18,Male,Employed,"₹5,000 - ₹15,000",Physical In-Store,2,Bored,Attractive Packaging,Beauty/Cosmetics,No
27,Female,Employed,"Under ₹2,000",Physical In-Store,9,Bored,Limited Time Flash Sale,Clothing,No
33,Male,Student,"₹2,000 - ₹5,000",Social Media Stores,4,Bored,Attractive Packaging,Food/Snacks,Yes
28,Female,Student,"Above ₹15,000",E-commerce Website,7,Bored,Attractive Packaging,Gaming/Digital,Yes
27,Male,Self-employed,"₹5,000 - ₹15,000",E-commerce Website,14,Bored,Attractive Packaging,Beauty/Cosmetics,Yes
18,Female,Employed,"Above ₹15,000",Quick Commerce,7,Bored,Limited Time Flash Sale,Clothing,Yes
29,Male,Employed,"₹5,000 - ₹15,000",E-commerce Website,5,Neutral,Limited Time Flash Sale,Electronics,No
21,Female,Student,"Under ₹2,000",E-commerce Website,6,Stressed,Limited Time Flash Sale,Beauty/Cosmetics,Yes
18,Male,Self-employed,"Above ₹15,000",Quick Commerce,6,Stressed,Heavy Discount,Beauty/Cosmetics,Yes
37,Male,Employed,"Above ₹15,000",Quick Commerce,2,Happy,Attractive Packaging,Clothing,No
35,Female,Self-employed,"Under ₹2,000",Quick Commerce,2,Neutral,Limited Time Flash Sale,Gaming/Digital,Yes
28,Male,Unemployed,"Under ₹2,000",E-commerce Website,9,Sad,Social Media Ad,Clothing,No
29,Female,Unemployed,"₹5,000 - ₹15,000",Quick Commerce,7,Bored,Social Media Ad,Electronics,Yes
36,Female,Self-employed,"₹5,000 - ₹15,000",Quick Commerce,3,Sad,Heavy Discount,Food/Snacks,No
29,Male,Student,"₹2,000 - ₹5,000",E-commerce Website,7,Bored,Attractive Packaging,Beauty/Cosmetics,Yes
35,Female,Self-employed,"Under ₹2,000",Social Media Stores,4,Neutral,Attractive Packaging,Electronics,No
25,Female,Student,"₹5,000 - ₹15,000",E-commerce Website,3,Sad,Free Shipping Threshold,Beauty/Cosmetics,No
38,Female,Self-employed,"₹2,000 - ₹5,000",E-commerce Website,3,Neutral,Social Media Ad,Clothing,Yes
30,Female,Student,"₹2,000 - ₹5,000",E-commerce Website,2,Neutral,Social Media Ad,Clothing,No
29,Female,Employed,"₹5,000 - ₹15,000",E-commerce Website,3,Stressed,Attractive Packaging,Clothing,No
18,Male,Student,"Above ₹15,000",E-commerce Website,0,Neutral,Limited Time Flash Sale,Food/Snacks,No
30,Male,Employed,"₹5,000 - ₹15,000",E-commerce Website,10,Neutral,Free Shipping Threshold,Food/Snacks,Yes
21,Female,Student,"₹5,000 - ₹15,000",E-commerce Website,7,Stressed,Limited Time Flash Sale,Electronics,Yes
22,Male,Employed,"₹5,000 - ₹15,000",Social Media Stores,4,Sad,Limited Time Flash Sale,Gaming/Digital,Yes
21,Male,Self-employed,"₹5,000 - ₹15,000",E-commerce Website,8,Bored,Attractive Packaging,Electronics,No
19,Female,Employed,"₹2,000 - ₹5,000",Social Media Stores,4,Happy,Heavy Discount,Beauty/Cosmetics,No
44,Female,Student,"₹2,000 - ₹5,000",E-commerce Website,6,Bored,Attractive Packaging,Electronics,No
38,Male,Employed,"₹2,000 - ₹5,000",Social Media Stores,5,Stressed,Limited Time Flash Sale,Food/Snacks,Yes
43,Male,Student,"Above ₹15,000",E-commerce Website,3,Happy,Attractive Packaging,Electronics,No
18,Male,Employed,"₹5,000 - ₹15,000",Quick Commerce,4,Happy,Attractive Packaging,Clothing,No
28,Male,Unemployed,"₹5,000 - ₹15,000",Social Media Stores,3,Stressed,Heavy Discount,Gaming/Digital,No
18,Male,Employed,"Above ₹15,000",Quick Commerce,3,Bored,Free Shipping Threshold,Clothing,Yes
22,Male,Student,"Above ₹15,000",E-commerce Website,2,Happy,Free Shipping Threshold,Beauty/Cosmetics,No
20,Other,Employed,"Above ₹15,000",E-commerce Website,2,Bored,Limited Time Flash Sale,Clothing,Yes
37,Female,Unemployed,"₹2,000 - ₹5,000",E-commerce Website,7,Bored,Free Shipping Threshold,Food/Snacks,Yes
24,Male,Student,"₹5,000 - ₹15,000",E-commerce Website,3,Neutral,Limited Time Flash Sale,Beauty/Cosmetics,No
36,Male,Employed,"₹5,000 - ₹15,000",E-commerce Website,6,Stressed,Social Media Ad,Clothing,Yes
32,Female,Employed,"₹5,000 - ₹15,000",Quick Commerce,5,Neutral,Heavy Discount,Clothing,No
46,Male,Employed,"₹2,000 - ₹5,000",E-commerce Website,3,Neutral,Free Shipping Threshold,Electronics,Yes
18,Female,Self-employed,"₹5,000 - ₹15,000",E-commerce Website,6,Stressed,Limited Time Flash Sale,Gaming/Digital,No
38,Female,Employed,"₹2,000 - ₹5,000",Social Media Stores,5,Bored,Heavy Discount,Clothing,Yes
37,Female,Employed,"₹5,000 - ₹15,000",Physical In-Store,5,Stressed,Limited Time Flash Sale,Gaming/Digital,Yes
20,Male,Employed,"₹5,000 - ₹15,000",E-commerce Website,7,Bored,Heavy Discount,Beauty/Cosmetics,No
36,Female,Student,"₹2,000 - ₹5,000",Social Media Stores,5,Sad,Attractive Packaging,Gaming/Digital,No
30,Other,Student,"Under ₹2,000",E-commerce Website,6,Bored,Social Media Ad,Clothing,No
26,Female,Employed,"₹5,000 - ₹15,000",Social Media Stores,9,Neutral,Social Media Ad,Clothing,No
21,Female,Student,"₹5,000 - ₹15,000",E-commerce Website,7,Stressed,Free Shipping Threshold,Food/Snacks,No
22,Male,Self-employed,"₹5,000 - ₹15,000",E-commerce Website,6,Bored,Heavy Discount,Electronics,Yes
44,Male,Student,"₹5,000 - ₹15,000",Quick Commerce,4,Neutral,Heavy Discount,Gaming/Digital,No
28,Female,Student,"Above ₹15,000",Quick Commerce,6,Stressed,Limited Time Flash Sale,Gaming/Digital,Yes
34,Female,Employed,"₹2,000 - ₹5,000",E-commerce Website,2,Sad,Attractive Packaging,Electronics,Yes
21,Female,Student,"₹5,000 - ₹15,000",Social Media Stores,6,Neutral,Free Shipping Threshold,Gaming/Digital,No
21,Female,Employed,"₹5,000 - ₹15,000",E-commerce Website,7,Bored,Limited Time Flash Sale,Electronics,Yes
36,Male,Employed,"Above ₹15,000",E-commerce Website,10,Bored,Limited Time Flash Sale,Beauty/Cosmetics,Yes
18,Male,Employed,"₹2,000 - ₹5,000",Social Media Stores,5,Bored,Attractive Packaging,Beauty/Cosmetics,Yes
24,Female,Unemployed,"Under ₹2,000",E-commerce Website,4,Bored,Free Shipping Threshold,Gaming/Digital,Yes
28,Male,Employed,"₹2,000 - ₹5,000",Quick Commerce,7,Happy,Attractive Packaging,Food/Snacks,No
28,Female,Student,"Above ₹15,000",Social Media Stores,4,Neutral,Attractive Packaging,Clothing,Yes
26,Male,Self-employed,"₹2,000 - ₹5,000",Social Media Stores,5,Happy,Limited Time Flash Sale,Gaming/Digital,No
31,Female,Employed,"₹2,000 - ₹5,000",Physical In-Store,3,Neutral,Attractive Packaging,Beauty/Cosmetics,No
33,Female,Employed,"Under ₹2,000",Social Media Stores,4,Bored,Limited Time Flash Sale,Gaming/Digital,Yes
33,Female,Employed,"Under ₹2,000",Quick Commerce,3,Neutral,Limited Time Flash Sale,Electronics,Yes
20,Male,Student,"₹5,000 - ₹15,000",E-commerce Website,1,Sad,Attractive Packaging,Electronics,No
25,Female,Self-employed,"₹5,000 - ₹15,000",E-commerce Website,9,Neutral,Social Media Ad,Beauty/Cosmetics,Yes
37,Other,Employed,"₹5,000 - ₹15,000",Quick Commerce,9,Neutral,Heavy Discount,Clothing,No
35,Female,Employed,"Under ₹2,000",E-commerce Website,7,Neutral,Attractive Packaging,Electronics,No
18,Male,Student,"₹2,000 - ₹5,000",E-commerce Website,6,Bored,Heavy Discount,Beauty/Cosmetics,Yes
30,Male,Employed,"₹5,000 - ₹15,000",Physical In-Store,5,Sad,Limited Time Flash Sale,Food/Snacks,No
18,Male,Employed,"Under ₹2,000",E-commerce Website,4,Stressed,Heavy Discount,Beauty/Cosmetics,No
28,Male,Student,"Above ₹15,000",E-commerce Website,3,Stressed,Social Media Ad,Beauty/Cosmetics,Yes
43,Female,Employed,"Under ₹2,000",E-commerce Website,4,Happy,Social Media Ad,Clothing,No
20,Female,Employed,"Under ₹2,000",E-commerce Website,4,Neutral,Heavy Discount,Clothing,No
21,Male,Employed,"₹2,000 - ₹5,000",Social Media Stores,5,Bored,Limited Time Flash Sale,Clothing,No
34,Male,Employed,"Above ₹15,000",E-commerce Website,6,Neutral,Free Shipping Threshold,Food/Snacks,Yes
18,Male,Employed,"₹2,000 - ₹5,000",E-commerce Website,2,Neutral,Heavy Discount,Electronics,Yes
22,Female,Student,"₹5,000 - ₹15,000",Quick Commerce,8,Stressed,Attractive Packaging,Beauty/Cosmetics,No
32,Female,Employed,"₹5,000 - ₹15,000",Quick Commerce,6,Stressed,Social Media Ad,Clothing,Yes
22,Female,Employed,"Under ₹2,000",E-commerce Website,9,Bored,Attractive Packaging,Electronics,Yes
26,Male,Employed,"₹2,000 - ₹5,000",E-commerce Website,3,Sad,Limited Time Flash Sale,Electronics,No
33,Female,Self-employed,"Above ₹15,000",E-commerce Website,7,Bored,Free Shipping Threshold,Food/Snacks,No
31,Male,Student,"Under ₹2,000",Physical In-Store,6,Stressed,Limited Time Flash Sale,Gaming/Digital,Yes
30,Male,Student,"₹5,000 - ₹15,000",Quick Commerce,4,Stressed,Free Shipping Threshold,Food/Snacks,Yes
25,Female,Student,"Above ₹15,000",E-commerce Website,2,Stressed,Social Media Ad,Electronics,Yes
30,Female,Student,"Under ₹2,000",E-commerce Website,6,Neutral,Attractive Packaging,Food/Snacks,No
27,Male,Student,"₹2,000 - ₹5,000",E-commerce Website,3,Happy,Social Media Ad,Clothing,No
31,Male,Unemployed,"₹2,000 - ₹5,000",E-commerce Website,4,Bored,Limited Time Flash Sale,Clothing,No
24,Male,Student,"₹2,000 - ₹5,000",Physical In-Store,5,Happy,Heavy Discount,Food/Snacks,No
26,Male,Employed,"Under ₹2,000",Social Media Stores,4,Stressed,Free Shipping Threshold,Electronics,No
20,Female,Student,"₹5,000 - ₹15,000",Quick Commerce,6,Stressed,Heavy Discount,Clothing,No
27,Female,Employed,"₹5,000 - ₹15,000",E-commerce Website,10,Bored,Social Media Ad,Beauty/Cosmetics,Yes
21,Male,Unemployed,"₹5,000 - ₹15,000",E-commerce Website,3,Bored,Free Shipping Threshold,Beauty/Cosmetics,Yes
19,Male,Student,"Above ₹15,000",E-commerce Website,5,Stressed,Limited Time Flash Sale,Food/Snacks,Yes
30,Male,Self-employed,"Under ₹2,000",Social Media Stores,2,Neutral,Limited Time Flash Sale,Clothing,No
29,Female,Unemployed,"₹2,000 - ₹5,000",E-commerce Website,7,Neutral,Attractive Packaging,Electronics,No
34,Male,Employed,"₹2,000 - ₹5,000",Quick Commerce,8,Neutral,Limited Time Flash Sale,Electronics,Yes
24,Female,Employed,"₹2,000 - ₹5,000",E-commerce Website,4,Bored,Social Media Ad,Electronics,Yes
31,Male,Employed,"Under ₹2,000",Physical In-Store,4,Neutral,Attractive Packaging,Clothing,No
32,Female,Self-employed,"₹2,000 - ₹5,000",E-commerce Website,6,Stressed,Attractive Packaging,Beauty/Cosmetics,No
31,Female,Student,"₹5,000 - ₹15,000",E-commerce Website,5,Happy,Social Media Ad,Gaming/Digital,No
21,Female,Employed,"Above ₹15,000",Social Media Stores,5,Happy,Social Media Ad,Electronics,No
29,Other,Employed,"Under ₹2,000",E-commerce Website,7,Bored,Limited Time Flash Sale,Beauty/Cosmetics,No
30,Female,Student,"₹5,000 - ₹15,000",Quick Commerce,8,Bored,Limited Time Flash Sale,Electronics,Yes
28,Female,Self-employed,"₹5,000 - ₹15,000",E-commerce Website,4,Bored,Free Shipping Threshold,Gaming/Digital,Yes
18,Male,Employed,"₹2,000 - ₹5,000",E-commerce Website,8,Stressed,Attractive Packaging,Food/Snacks,Yes
29,Male,Employed,"Under ₹2,000",E-commerce Website,4,Stressed,Limited Time Flash Sale,Food/Snacks,Yes
45,Male,Employed,"Above ₹15,000",E-commerce Website,4,Happy,Attractive Packaging,Food/Snacks,No
25,Female,Student,"₹5,000 - ₹15,000",Social Media Stores,2,Stressed,Attractive Packaging,Clothing,Yes
22,Female,Student,"Above ₹15,000",E-commerce Website,7,Happy,Heavy Discount,Food/Snacks,No
30,Male,Employed,"₹2,000 - ₹5,000",E-commerce Website,4,Bored,Free Shipping Threshold,Electronics,Yes
30,Female,Employed,"₹2,000 - ₹5,000",E-commerce Website,4,Neutral,Heavy Discount,Gaming/Digital,Yes
37,Female,Student,"₹2,000 - ₹5,000",E-commerce Website,3,Neutral,Free Shipping Threshold,Gaming/Digital,No
18,Female,Student,"Above ₹15,000",Social Media Stores,4,Bored,Heavy Discount,Clothing,Yes
33,Female,Employed,"₹2,000 - ₹5,000",Quick Commerce,1,Happy,Heavy Discount,Gaming/Digital,No
32,Other,Self-employed,"Under ₹2,000",E-commerce Website,6,Neutral,Attractive Packaging,Food/Snacks,No
26,Male,Self-employed,"₹5,000 - ₹15,000",Quick Commerce,6,Stressed,Attractive Packaging,Clothing,Yes
30,Male,Student,"₹2,000 - ₹5,000",Quick Commerce,4,Stressed,Heavy Discount,Food/Snacks,No
36,Female,Employed,"₹2,000 - ₹5,000",E-commerce Website,4,Neutral,Social Media Ad,Clothing,No
34,Male,Self-employed,"₹5,000 - ₹15,000",E-commerce Website,6,Neutral,Heavy Discount,Food/Snacks,No
18,Male,Employed,"₹2,000 - ₹5,000",E-commerce Website,6,Stressed,Free Shipping Threshold,Electronics,Yes
34,Female,Self-employed,"₹2,000 - ₹5,000",E-commerce Website,6,Happy,Social Media Ad,Food/Snacks,No
27,Female,Self-employed,"Under ₹2,000",E-commerce Website,7,Neutral,Social Media Ad,Gaming/Digital,No
28,Female,Student,"₹5,000 - ₹15,000",E-commerce Website,4,Stressed,Heavy Discount,Beauty/Cosmetics,Yes
28,Male,Student,"Under ₹2,000",E-commerce Website,3,Bored,Free Shipping Threshold,Clothing,Yes
26,Female,Student,"₹2,000 - ₹5,000",Social Media Stores,3,Stressed,Free Shipping Threshold,Clothing,Yes
37,Male,Student,"₹5,000 - ₹15,000",Physical In-Store,6,Neutral,Limited Time Flash Sale,Clothing,No
27,Male,Self-employed,"₹2,000 - ₹5,000",Social Media Stores,2,Happy,Heavy Discount,Beauty/Cosmetics,No
19,Female,Self-employed,"Under ₹2,000",Quick Commerce,4,Happy,Limited Time Flash Sale,Food/Snacks,No
24,Male,Student,"₹5,000 - ₹15,000",Social Media Stores,4,Bored,Free Shipping Threshold,Clothing,Yes
29,Male,Employed,"₹2,000 - ₹5,000",E-commerce Website,6,Bored,Heavy Discount,Clothing,No
37,Female,Employed,"₹2,000 - ₹5,000",Physical In-Store,4,Neutral,Attractive Packaging,Food/Snacks,Yes
32,Male,Employed,"₹5,000 - ₹15,000",E-commerce Website,4,Sad,Attractive Packaging,Beauty/Cosmetics,No
21,Other,Employed,"₹5,000 - ₹15,000",Quick Commerce,8,Bored,Limited Time Flash Sale,Gaming/Digital,Yes
47,Female,Self-employed,"₹5,000 - ₹15,000",Quick Commerce,3,Neutral,Heavy Discount,Gaming/Digital,Yes
30,Other,Student,"₹2,000 - ₹5,000",E-commerce Website,10,Happy,Social Media Ad,Electronics,No
38,Male,Student,"₹2,000 - ₹5,000",E-commerce Website,7,Bored,Attractive Packaging,Clothing,Yes
26,Female,Student,"₹5,000 - ₹15,000",Social Media Stores,5,Bored,Heavy Discount,Clothing,Yes
32,Male,Employed,"Under ₹2,000",Quick Commerce,6,Bored,Attractive Packaging,Beauty/Cosmetics,Yes
34,Female,Employed,"Under ₹2,000",Quick Commerce,5,Stressed,Heavy Discount,Electronics,Yes
37,Male,Employed,"₹5,000 - ₹15,000",Social Media Stores,4,Neutral,Heavy Discount,Clothing,No
36,Male,Employed,"₹2,000 - ₹5,000",E-commerce Website,5,Stressed,Limited Time Flash Sale,Beauty/Cosmetics,Yes
34,Female,Employed,"₹5,000 - ₹15,000",Social Media Stores,5,Sad,Free Shipping Threshold,Beauty/Cosmetics,Yes
25,Male,Employed,"₹2,000 - ₹5,000",Quick Commerce,7,Bored,Free Shipping Threshold,Food/Snacks,No
23,Male,Employed,"₹2,000 - ₹5,000",Social Media Stores,7,Bored,Heavy Discount,Gaming/Digital,Yes
30,Male,Self-employed,"Above ₹15,000",E-commerce Website,5,Stressed,Heavy Discount,Electronics,No
35,Female,Self-employed,"₹2,000 - ₹5,000",Social Media Stores,5,Bored,Attractive Packaging,Gaming/Digital,No
26,Male,Student,"₹5,000 - ₹15,000",Quick Commerce,8,Bored,Heavy Discount,Clothing,Yes
36,Male,Employed,"Under ₹2,000",E-commerce Website,8,Stressed,Heavy Discount,Clothing,Yes
39,Male,Self-employed,"Under ₹2,000",E-commerce Website,3,Bored,Free Shipping Threshold,Gaming/Digital,No
20,Female,Student,"Under ₹2,000",Social Media Stores,6,Neutral,Attractive Packaging,Electronics,No
21,Female,Employed,"₹2,000 - ₹5,000",Social Media Stores,5,Happy,Social Media Ad,Gaming/Digital,No
26,Male,Employed,"Above ₹15,000",Physical In-Store,9,Stressed,Attractive Packaging,Clothing,Yes
30,Male,Student,"Above ₹15,000",Social Media Stores,2,Stressed,Free Shipping Threshold,Gaming/Digital,Yes
23,Male,Student,"₹5,000 - ₹15,000",E-commerce Website,7,Bored,Limited Time Flash Sale,Beauty/Cosmetics,Yes
38,Male,Employed,"Above ₹15,000",Quick Commerce,3,Neutral,Heavy Discount,Food/Snacks,Yes
31,Male,Employed,"₹5,000 - ₹15,000",Quick Commerce,6,Neutral,Attractive Packaging,Beauty/Cosmetics,Yes
28,Female,Self-employed,"₹2,000 - ₹5,000",E-commerce Website,4,Sad,Attractive Packaging,Electronics,No
18,Female,Unemployed,"Under ₹2,000",Quick Commerce,6,Bored,Attractive Packaging,Food/Snacks,No
18,Female,Student,"₹5,000 - ₹15,000",E-commerce Website,4,Bored,Attractive Packaging,Clothing,Yes
30,Male,Student,"Under ₹2,000",Social Media Stores,5,Bored,Heavy Discount,Gaming/Digital,Yes
18,Female,Employed,"₹2,000 - ₹5,000",Physical In-Store,3,Happy,Heavy Discount,Gaming/Digital,Yes
36,Female,Employed,"₹5,000 - ₹15,000",E-commerce Website,3,Happy,Heavy Discount,Gaming/Digital,Yes
26,Female,Employed,"Under ₹2,000",Quick Commerce,6,Neutral,Free Shipping Threshold,Gaming/Digital,Yes
53,Female,Student,"Under ₹2,000",Quick Commerce,6,Happy,Heavy Discount,Clothing,No
46,Male,Student,"₹2,000 - ₹5,000",E-commerce Website,5,Stressed,Social Media Ad,Gaming/Digital,No
26,Male,Employed,"₹5,000 - ₹15,000",E-commerce Website,6,Sad,Free Shipping Threshold,Electronics,Yes
27,Female,Student,"₹2,000 - ₹5,000",E-commerce Website,9,Happy,Heavy Discount,Beauty/Cosmetics,No
35,Male,Unemployed,"₹5,000 - ₹15,000",Quick Commerce,5,Bored,Attractive Packaging,Gaming/Digital,Yes
41,Male,Student,"₹2,000 - ₹5,000",E-commerce Website,4,Bored,Limited Time Flash Sale,Electronics,Yes
18,Male,Unemployed,"₹5,000 - ₹15,000",E-commerce Website,3,Sad,Social Media Ad,Food/Snacks,No
18,Male,Self-employed,"₹2,000 - ₹5,000",Social Media Stores,9,Bored,Free Shipping Threshold,Electronics,No
23,Female,Employed,"Above ₹15,000",Quick Commerce,1,Neutral,Social Media Ad,Food/Snacks,Yes
32,Male,Employed,"₹2,000 - ₹5,000",Physical In-Store,8,Neutral,Free Shipping Threshold,Food/Snacks,No
31,Male,Employed,"₹5,000 - ₹15,000",Quick Commerce,3,Bored,Free Shipping Threshold,Gaming/Digital,Yes
36,Female,Student,"₹5,000 - ₹15,000",Social Media Stores,4,Happy,Attractive Packaging,Beauty/Cosmetics,No
18,Female,Employed,"₹2,000 - ₹5,000",E-commerce Website,5,Stressed,Social Media Ad,Beauty/Cosmetics,Yes
18,Other,Employed,"₹2,000 - ₹5,000",Social Media Stores,9,Happy,Attractive Packaging,Beauty/Cosmetics,No
34,Male,Employed,"₹5,000 - ₹15,000",Social Media Stores,2,Happy,Heavy Discount,Clothing,Yes
21,Other,Employed,"₹5,000 - ₹15,000",E-commerce Website,7,Bored,Attractive Packaging,Food/Snacks,Yes
18,Female,Employed,"₹2,000 - ₹5,000",E-commerce Website,5,Neutral,Limited Time Flash Sale,Electronics,Yes
29,Female,Employed,"Under ₹2,000",Social Media Stores,6,Stressed,Attractive Packaging,Gaming/Digital,No
34,Male,Employed,"Under ₹2,000",E-commerce Website,2,Bored,Social Media Ad,Food/Snacks,No
27,Female,Employed,"₹2,000 - ₹5,000",E-commerce Website,5,Bored,Social Media Ad,Beauty/Cosmetics,Yes
24,Female,Employed,"Under ₹2,000",E-commerce Website,6,Neutral,Attractive Packaging,Clothing,No
26,Female,Self-employed,"Above ₹15,000",E-commerce Website,7,Neutral,Social Media Ad,Food/Snacks,No
25,Male,Employed,"Under ₹2,000",E-commerce Website,6,Happy,Limited Time Flash Sale,Beauty/Cosmetics,No
18,Male,Employed,"₹2,000 - ₹5,000",E-commerce Website,5,Neutral,Heavy Discount,Clothing,No
22,Female,Employed,"₹5,000 - ₹15,000",E-commerce Website,3,Happy,Heavy Discount,Clothing,No
32,Female,Employed,"₹5,000 - ₹15,000",E-commerce Website,4,Sad,Social Media Ad,Electronics,No
30,Male,Employed,"₹2,000 - ₹5,000",E-commerce Website,3,Neutral,Social Media Ad,Gaming/Digital,Yes
29,Female,Student,"Under ₹2,000",Social Media Stores,7,Sad,Heavy Discount,Clothing,No
20,Female,Unemployed,"₹2,000 - ₹5,000",Social Media Stores,4,Bored,Limited Time Flash Sale,Electronics,Yes
26,Female,Student,"₹2,000 - ₹5,000",Physical In-Store,10,Neutral,Attractive Packaging,Gaming/Digital,No
18,Female,Employed,"₹2,000 - ₹5,000",Quick Commerce,4,Bored,Heavy Discount,Beauty/Cosmetics,Yes
29,Male,Student,"₹2,000 - ₹5,000",Social Media Stores,10,Neutral,Heavy Discount,Food/Snacks,No
39,Other,Student,"Under ₹2,000",Social Media Stores,4,Neutral,Heavy Discount,Beauty/Cosmetics,No
18,Female,Employed,"Above ₹15,000",E-commerce Website,5,Bored,Social Media Ad,Food/Snacks,Yes
23,Female,Employed,"Under ₹2,000",E-commerce Website,4,Bored,Social Media Ad,Beauty/Cosmetics,Yes
30,Male,Self-employed,"₹2,000 - ₹5,000",Quick Commerce,5,Neutral,Free Shipping Threshold,Clothing,No
38,Female,Student,"Above ₹15,000",Physical In-Store,7,Bored,Heavy Discount,Clothing,Yes
24,Male,Student,"₹5,000 - ₹15,000",Social Media Stores,6,Neutral,Social Media Ad,Gaming/Digital,Yes
22,Male,Student,"₹2,000 - ₹5,000",E-commerce Website,4,Stressed,Heavy Discount,Beauty/Cosmetics,Yes
18,Female,Employed,"Under ₹2,000",Quick Commerce,5,Bored,Attractive Packaging,Electronics,Yes
28,Female,Self-employed,"Above ₹15,000",E-commerce Website,4,Happy,Social Media Ad,Beauty/Cosmetics,No
44,Female,Employed,"Under ₹2,000",E-commerce Website,4,Stressed,Heavy Discount,Beauty/Cosmetics,No
30,Male,Employed,"₹5,000 - ₹15,000",Social Media Stores,6,Bored,Social Media Ad,Food/Snacks,No
27,Female,Unemployed,"Above ₹15,000",Physical In-Store,6,Happy,Limited Time Flash Sale,Clothing,No
30,Male,Student,"Under ₹2,000",Physical In-Store,2,Bored,Limited Time Flash Sale,Electronics,No
27,Female,Employed,"₹5,000 - ₹15,000",E-commerce Website,2,Stressed,Attractive Packaging,Gaming/Digital,No
21,Male,Employed,"Above ₹15,000",E-commerce Website,4,Happy,Free Shipping Threshold,Clothing,No
34,Female,Student,"₹5,000 - ₹15,000",Physical In-Store,2,Sad,Attractive Packaging,Clothing,No
29,Female,Student,"₹2,000 - ₹5,000",Social Media Stores,2,Happy,Heavy Discount,Food/Snacks,No
28,Male,Student,"Above ₹15,000",Social Media Stores,4,Bored,Limited Time Flash Sale,Electronics,Yes
20,Male,Self-employed,"₹5,000 - ₹15,000",Quick Commerce,3,Neutral,Social Media Ad,Food/Snacks,No
38,Female,Employed,"₹5,000 - ₹15,000",E-commerce Website,9,Stressed,Heavy Discount,Beauty/Cosmetics,Yes
33,Female,Self-employed,"₹5,000 - ₹15,000",E-commerce Website,5,Bored,Heavy Discount,Electronics,Yes
23,Female,Employed,"Under ₹2,000",Quick Commerce,7,Stressed,Social Media Ad,Clothing,Yes
36,Female,Employed,"₹2,000 - ₹5,000",Quick Commerce,6,Sad,Attractive Packaging,Clothing,Yes
24,Male,Employed,"Under ₹2,000",Social Media Stores,5,Bored,Attractive Packaging,Electronics,Yes
21,Male,Self-employed,"Under ₹2,000",E-commerce Website,6,Bored,Free Shipping Threshold,Electronics,Yes
21,Male,Student,"Under ₹2,000",Quick Commerce,5,Happy,Free Shipping Threshold,Gaming/Digital,No
18,Male,Employed,"₹2,000 - ₹5,000",E-commerce Website,4,Happy,Social Media Ad,Food/Snacks,No
31,Female,Employed,"Under ₹2,000",Physical In-Store,4,Stressed,Free Shipping Threshold,Electronics,Yes
18,Male,Unemployed,"Above ₹15,000",Social Media Stores,4,Happy,Attractive Packaging,Beauty/Cosmetics,No
18,Female,Unemployed,"₹5,000 - ₹15,000",E-commerce Website,4,Neutral,Heavy Discount,Beauty/Cosmetics,No
18,Female,Employed,"₹5,000 - ₹15,000",E-commerce Website,10,Stressed,Social Media Ad,Clothing,No
27,Female,Student,"₹2,000 - ₹5,000",Social Media Stores,4,Neutral,Attractive Packaging,Food/Snacks,No
26,Female,Student,"₹2,000 - ₹5,000",Social Media Stores,3,Neutral,Attractive Packaging,Food/Snacks,No
25,Male,Self-employed,"₹2,000 - ₹5,000",Quick Commerce,4,Happy,Free Shipping Threshold,Food/Snacks,Yes
19,Female,Employed,"₹5,000 - ₹15,000",E-commerce Website,7,Bored,Attractive Packaging,Clothing,Yes
18,Male,Student,"₹5,000 - ₹15,000",Physical In-Store,4,Neutral,Heavy Discount,Gaming/Digital,Yes
31,Male,Self-employed,"Under ₹2,000",E-commerce Website,5,Bored,Heavy Discount,Beauty/Cosmetics,Yes
23,Female,Student,"₹5,000 - ₹15,000",Quick Commerce,5,Happy,Heavy Discount,Food/Snacks,Yes
30,Male,Employed,"₹5,000 - ₹15,000",E-commerce Website,4,Sad,Limited Time Flash Sale,Electronics,No
20,Other,Employed,"₹5,000 - ₹15,000",E-commerce Website,9,Bored,Limited Time Flash Sale,Food/Snacks,Yes
29,Female,Student,"₹2,000 - ₹5,000",E-commerce Website,3,Neutral,Heavy Discount,Clothing,Yes
38,Female,Employed,"₹5,000 - ₹15,000",Physical In-Store,4,Happy,Limited Time Flash Sale,Food/Snacks,Yes
32,Male,Student,"₹5,000 - ₹15,000",Quick Commerce,7,Sad,Attractive Packaging,Beauty/Cosmetics,Yes
24,Female,Employed,"₹2,000 - ₹5,000",E-commerce Website,6,Bored,Social Media Ad,Beauty/Cosmetics,No
30,Male,Employed,"₹2,000 - ₹5,000",Social Media Stores,1,Stressed,Free Shipping Threshold,Gaming/Digital,Yes
26,Female,Student,"Under ₹2,000",E-commerce Website,2,Stressed,Limited Time Flash Sale,Clothing,Yes
28,Male,Unemployed,"Under ₹2,000",E-commerce Website,4,Bored,Free Shipping Threshold,Clothing,Yes
25,Female,Employed,"Under ₹2,000",Quick Commerce,1,Happy,Limited Time Flash Sale,Beauty/Cosmetics,Yes
26,Male,Student,"₹2,000 - ₹5,000",Social Media Stores,7,Bored,Free Shipping Threshold,Gaming/Digital,Yes
29,Male,Student,"₹2,000 - ₹5,000",Social Media Stores,3,Stressed,Attractive Packaging,Food/Snacks,Yes
20,Female,Student,"₹2,000 - ₹5,000",Social Media Stores,7,Neutral,Free Shipping Threshold,Food/Snacks,Yes
19,Male,Unemployed,"₹2,000 - ₹5,000",E-commerce Website,4,Bored,Limited Time Flash Sale,Beauty/Cosmetics,Yes
18,Female,Student,"₹5,000 - ₹15,000",E-commerce Website,9,Bored,Free Shipping Threshold,Clothing,No
18,Male,Employed,"₹5,000 - ₹15,000",E-commerce Website,6,Bored,Attractive Packaging,Gaming/Digital,Yes
18,Male,Self-employed,"₹2,000 - ₹5,000",Quick Commerce,4,Happy,Free Shipping Threshold,Gaming/Digital,Yes
29,Female,Employed,"₹2,000 - ₹5,000",E-commerce Website,4,Happy,Social Media Ad,Gaming/Digital,No
20,Male,Employed,"₹5,000 - ₹15,000",E-commerce Website,4,Bored,Limited Time Flash Sale,Food/Snacks,Yes
32,Male,Self-employed,"₹5,000 - ₹15,000",Quick Commerce,13,Bored,Limited Time Flash Sale,Gaming/Digital,No
28,Female,Employed,"₹2,000 - ₹5,000",E-commerce Website,4,Neutral,Attractive Packaging,Electronics,Yes
18,Male,Student,"₹5,000 - ₹15,000",E-commerce Website,4,Bored,Limited Time Flash Sale,Clothing,Yes
33,Male,Employed,"₹2,000 - ₹5,000",Physical In-Store,0,Sad,Heavy Discount,Food/Snacks,No
34,Male,Self-employed,"₹5,000 - ₹15,000",Quick Commerce,8,Neutral,Social Media Ad,Beauty/Cosmetics,Yes
20,Male,Employed,"Above ₹15,000",Quick Commerce,7,Stressed,Limited Time Flash Sale,Beauty/Cosmetics,Yes
31,Female,Employed,"₹2,000 - ₹5,000",E-commerce Website,7,Happy,Social Media Ad,Gaming/Digital,No
21,Male,Unemployed,"Above ₹15,000",E-commerce Website,4,Neutral,Social Media Ad,Gaming/Digital,Yes
28,Female,Employed,"₹2,000 - ₹5,000",E-commerce Website,3,Bored,Attractive Packaging,Clothing,No
18,Male,Student,"₹5,000 - ₹15,000",E-commerce Website,5,Bored,Heavy Discount,Electronics,No
18,Male,Student,"₹2,000 - ₹5,000",E-commerce Website,2,Sad,Free Shipping Threshold,Beauty/Cosmetics,No
24,Male,Employed,"₹5,000 - ₹15,000",E-commerce Website,6,Happy,Attractive Packaging,Food/Snacks,No
27,Female,Student,"Under ₹2,000",Quick Commerce,8,Neutral,Free Shipping Threshold,Food/Snacks,No
24,Other,Unemployed,"₹5,000 - ₹15,000",E-commerce Website,7,Bored,Attractive Packaging,Food/Snacks,No
18,Female,Employed,"₹5,000 - ₹15,000",Social Media Stores,6,Neutral,Limited Time Flash Sale,Clothing,No
24,Other,Employed,"₹2,000 - ₹5,000",E-commerce Website,4,Neutral,Attractive Packaging,Gaming/Digital,Yes
30,Male,Employed,"Under ₹2,000",E-commerce Website,7,Bored,Social Media Ad,Electronics,Yes
27,Male,Employed,"₹2,000 - ₹5,000",E-commerce Website,3,Stressed,Heavy Discount,Beauty/Cosmetics,No
29,Male,Employed,"₹5,000 - ₹15,000",Social Media Stores,3,Neutral,Limited Time Flash Sale,Beauty/Cosmetics,Yes
22,Male,Student,"Above ₹15,000",Social Media Stores,4,Neutral,Free Shipping Threshold,Gaming/Digital,No
37,Male,Employed,"₹2,000 - ₹5,000",E-commerce Website,7,Bored,Attractive Packaging,Electronics,Yes
18,Male,Self-employed,"₹5,000 - ₹15,000",E-commerce Website,8,Stressed,Attractive Packaging,Electronics,No
31,Male,Employed,"₹2,000 - ₹5,000",Quick Commerce,7,Happy,Limited Time Flash Sale,Clothing,No
37,Male,Employed,"₹2,000 - ₹5,000",Social Media Stores,4,Bored,Free Shipping Threshold,Beauty/Cosmetics,Yes
31,Male,Student,"₹2,000 - ₹5,000",Social Media Stores,5,Stressed,Social Media Ad,Food/Snacks,Yes
26,Male,Self-employed,"₹5,000 - ₹15,000",E-commerce Website,10,Stressed,Free Shipping Threshold,Gaming/Digital,Yes
23,Female,Self-employed,"Above ₹15,000",Social Media Stores,4,Stressed,Social Media Ad,Gaming/Digital,Yes
36,Male,Employed,"₹5,000 - ₹15,000",E-commerce Website,7,Stressed,Limited Time Flash Sale,Gaming/Digital,Yes
18,Female,Employed,"Under ₹2,000",E-commerce Website,7,Happy,Limited Time Flash Sale,Clothing,No
20,Female,Employed,"₹5,000 - ₹15,000",E-commerce Website,5,Neutral,Heavy Discount,Electronics,No
24,Male,Employed,"Under ₹2,000",E-commerce Website,2,Happy,Attractive Packaging,Food/Snacks,No
37,Male,Self-employed,"₹2,000 - ₹5,000",E-commerce Website,6,Bored,Attractive Packaging,Clothing,Yes
31,Male,Student,"Under ₹2,000",Physical In-Store,2,Sad,Heavy Discount,Gaming/Digital,No
20,Female,Employed,"₹2,000 - ₹5,000",E-commerce Website,4,Neutral,Attractive Packaging,Clothing,No
25,Male,Student,"₹5,000 - ₹15,000",Social Media Stores,6,Happy,Social Media Ad,Food/Snacks,Yes
23,Male,Employed,"₹2,000 - ₹5,000",Quick Commerce,7,Neutral,Attractive Packaging,Beauty/Cosmetics,Yes
22,Male,Employed,"Above ₹15,000",Physical In-Store,6,Stressed,Heavy Discount,Gaming/Digital,Yes
35,Female,Student,"₹2,000 - ₹5,000",E-commerce Website,7,Neutral,Limited Time Flash Sale,Electronics,No
18,Male,Employed,"₹2,000 - ₹5,000",E-commerce Website,6,Happy,Heavy Discount,Beauty/Cosmetics,Yes
40,Female,Student,"₹2,000 - ₹5,000",E-commerce Website,4,Sad,Limited Time Flash Sale,Electronics,Yes
34,Female,Employed,"₹2,000 - ₹5,000",E-commerce Website,4,Bored,Attractive Packaging,Electronics,Yes
36,Female,Student,"Above ₹15,000",E-commerce Website,4,Happy,Limited Time Flash Sale,Beauty/Cosmetics,No
24,Female,Employed,"₹2,000 - ₹5,000",E-commerce Website,6,Bored,Attractive Packaging,Gaming/Digital,Yes
26,Female,Employed,"Above ₹15,000",Quick Commerce,6,Bored,Social Media Ad,Food/Snacks,Yes
18,Female,Unemployed,"₹2,000 - ₹5,000",Quick Commerce,3,Sad,Free Shipping Threshold,Clothing,No
23,Female,Self-employed,"₹2,000 - ₹5,000",Social Media Stores,3,Sad,Social Media Ad,Electronics,No
31,Male,Student,"Under ₹2,000",E-commerce Website,4,Happy,Social Media Ad,Electronics,No
38,Male,Student,"Above ₹15,000",Social Media Stores,3,Sad,Limited Time Flash Sale,Food/Snacks,Yes
19,Female,Employed,"Under ₹2,000",E-commerce Website,7,Neutral,Attractive Packaging,Food/Snacks,No
25,Female,Employed,"Above ₹15,000",E-commerce Website,6,Neutral,Limited Time Flash Sale,Electronics,Yes
26,Female,Student,"₹2,000 - ₹5,000",Quick Commerce,4,Neutral,Attractive Packaging,Clothing,No
18,Female,Student,"₹2,000 - ₹5,000",Social Media Stores,1,Neutral,Limited Time Flash Sale,Food/Snacks,No
32,Female,Employed,"₹5,000 - ₹15,000",Social Media Stores,7,Happy,Heavy Discount,Gaming/Digital,Yes
22,Male,Self-employed,"Under ₹2,000",Physical In-Store,2,Stressed,Social Media Ad,Gaming/Digital,Yes
26,Female,Self-employed,"Under ₹2,000",Quick Commerce,6,Bored,Attractive Packaging,Clothing,Yes
24,Male,Student,"₹5,000 - ₹15,000",Social Media Stores,6,Neutral,Free Shipping Threshold,Clothing,No
21,Other,Employed,"₹2,000 - ₹5,000",E-commerce Website,9,Bored,Heavy Discount,Electronics,No
27,Female,Student,"₹5,000 - ₹15,000",E-commerce Website,3,Neutral,Heavy Discount,Electronics,Yes
26,Female,Employed,"Under ₹2,000",Physical In-Store,10,Stressed,Free Shipping Threshold,Food/Snacks,No
25,Male,Employed,"Under ₹2,000",Physical In-Store,2,Stressed,Limited Time Flash Sale,Electronics,No
22,Male,Employed,"₹2,000 - ₹5,000",Social Media Stores,4,Bored,Limited Time Flash Sale,Electronics,No
30,Male,Employed,"₹5,000 - ₹15,000",E-commerce Website,8,Neutral,Limited Time Flash Sale,Food/Snacks,No
41,Female,Student,"₹5,000 - ₹15,000",Quick Commerce,5,Stressed,Limited Time Flash Sale,Electronics,Yes
29,Female,Employed,"₹5,000 - ₹15,000",Quick Commerce,8,Neutral,Attractive Packaging,Gaming/Digital,No
35,Male,Self-employed,"₹5,000 - ₹15,000",E-commerce Website,6,Neutral,Heavy Discount,Clothing,No
18,Female,Student,"Under ₹2,000",E-commerce Website,9,Happy,Free Shipping Threshold,Gaming/Digital,No
29,Female,Employed,"Under ₹2,000",E-commerce Website,8,Neutral,Free Shipping Threshold,Beauty/Cosmetics,No
19,Male,Employed,"Under ₹2,000",Physical In-Store,1,Neutral,Attractive Packaging,Gaming/Digital,No
18,Female,Employed,"₹5,000 - ₹15,000",Physical In-Store,4,Neutral,Free Shipping Threshold,Beauty/Cosmetics,No
22,Female,Self-employed,"₹5,000 - ₹15,000",E-commerce Website,3,Bored,Heavy Discount,Gaming/Digital,No
37,Female,Employed,"Under ₹2,000",Quick Commerce,7,Neutral,Limited Time Flash Sale,Electronics,Yes
35,Female,Employed,"Under ₹2,000",Quick Commerce,4,Bored,Attractive Packaging,Beauty/Cosmetics,Yes
29,Female,Employed,"₹5,000 - ₹15,000",Quick Commerce,4,Neutral,Limited Time Flash Sale,Food/Snacks,Yes
18,Other,Self-employed,"Above ₹15,000",Social Media Stores,6,Bored,Social Media Ad,Food/Snacks,No
26,Male,Employed,"₹5,000 - ₹15,000",Quick Commerce,3,Bored,Heavy Discount,Gaming/Digital,No
30,Female,Self-employed,"₹2,000 - ₹5,000",E-commerce Website,6,Happy,Limited Time Flash Sale,Gaming/Digital,No
29,Male,Student,"₹5,000 - ₹15,000",E-commerce Website,7,Neutral,Attractive Packaging,Gaming/Digital,No
18,Male,Employed,"₹5,000 - ₹15,000",Social Media Stores,8,Bored,Heavy Discount,Clothing,Yes
20,Male,Employed,"₹2,000 - ₹5,000",Quick Commerce,9,Bored,Heavy Discount,Clothing,Yes
27,Male,Student,"₹5,000 - ₹15,000",Physical In-Store,1,Neutral,Limited Time Flash Sale,Electronics,No
32,Other,Student,"₹2,000 - ₹5,000",E-commerce Website,5,Neutral,Social Media Ad,Gaming/Digital,No
18,Female,Employed,"₹2,000 - ₹5,000",E-commerce Website,6,Happy,Heavy Discount,Clothing,No
26,Male,Employed,"Above ₹15,000",Physical In-Store,9,Happy,Heavy Discount,Electronics,Yes
29,Female,Self-employed,"Above ₹15,000",E-commerce Website,7,Bored,Free Shipping Threshold,Food/Snacks,No
34,Female,Employed,"₹2,000 - ₹5,000",E-commerce Website,3,Happy,Attractive Packaging,Beauty/Cosmetics,Yes
33,Female,Student,"Under ₹2,000",Quick Commerce,3,Bored,Limited Time Flash Sale,Electronics,Yes
32,Female,Employed,"₹5,000 - ₹15,000",Quick Commerce,4,Stressed,Social Media Ad,Beauty/Cosmetics,Yes
21,Male,Student,"₹2,000 - ₹5,000",Quick Commerce,6,Bored,Limited Time Flash Sale,Beauty/Cosmetics,Yes
18,Female,Employed,"Under ₹2,000",E-commerce Website,6,Stressed,Free Shipping Threshold,Beauty/Cosmetics,Yes
24,Female,Employed,"₹2,000 - ₹5,000",Physical In-Store,3,Bored,Heavy Discount,Clothing,No
36,Female,Self-employed,"₹5,000 - ₹15,000",E-commerce Website,7,Neutral,Heavy Discount,Electronics,No
39,Female,Employed,"Under ₹2,000",Quick Commerce,5,Neutral,Free Shipping Threshold,Electronics,Yes
33,Female,Self-employed,"₹5,000 - ₹15,000",E-commerce Website,3,Bored,Limited Time Flash Sale,Food/Snacks,Yes
31,Female,Employed,"Under ₹2,000",E-commerce Website,7,Neutral,Heavy Discount,Electronics,Yes
31,Female,Employed,"Above ₹15,000",E-commerce Website,7,Neutral,Heavy Discount,Gaming/Digital,Yes
23,Other,Employed,"Above ₹15,000",Physical In-Store,4,Bored,Social Media Ad,Food/Snacks,No
26,Male,Employed,"₹5,000 - ₹15,000",Physical In-Store,2,Sad,Free Shipping Threshold,Food/Snacks,No
41,Male,Student,"₹2,000 - ₹5,000",Social Media Stores,8,Bored,Attractive Packaging,Food/Snacks,Yes
20,Male,Self-employed,"₹2,000 - ₹5,000",E-commerce Website,4,Sad,Heavy Discount,Food/Snacks,Yes
40,Female,Employed,"₹5,000 - ₹15,000",E-commerce Website,5,Bored,Social Media Ad,Food/Snacks,Yes
25,Female,Student,"Above ₹15,000",E-commerce Website,5,Neutral,Attractive Packaging,Electronics,No
38,Male,Unemployed,"Under ₹2,000",Social Media Stores,2,Neutral,Attractive Packaging,Electronics,No
18,Other,Student,"₹2,000 - ₹5,000",E-commerce Website,3,Bored,Heavy Discount,Clothing,No
32,Female,Self-employed,"₹2,000 - ₹5,000",Quick Commerce,4,Stressed,Attractive Packaging,Electronics,Yes
22,Female,Employed,"₹2,000 - ₹5,000",E-commerce Website,2,Stressed,Attractive Packaging,Clothing,Yes
18,Male,Employed,"₹2,000 - ₹5,000",E-commerce Website,1,Bored,Limited Time Flash Sale,Clothing,Yes
29,Female,Employed,"Above ₹15,000",E-commerce Website,4,Bored,Heavy Discount,Gaming/Digital,Yes
36,Female,Employed,"₹2,000 - ₹5,000",E-commerce Website,4,Stressed,Heavy Discount,Food/Snacks,No
21,Female,Student,"₹2,000 - ₹5,000",Social Media Stores,7,Neutral,Limited Time Flash Sale,Gaming/Digital,Yes
18,Female,Student,"Above ₹15,000",Quick Commerce,7,Neutral,Free Shipping Threshold,Food/Snacks,No
27,Female,Student,"₹2,000 - ₹5,000",Quick Commerce,5,Stressed,Free Shipping Threshold,Clothing,No
27,Male,Self-employed,"Above ₹15,000",E-commerce Website,3,Stressed,Social Media Ad,Clothing,No
32,Female,Student,"Under ₹2,000",E-commerce Website,6,Stressed,Heavy Discount,Electronics,No
35,Male,Employed,"Above ₹15,000",Quick Commerce,4,Sad,Attractive Packaging,Beauty/Cosmetics,Yes
27,Male,Self-employed,"Under ₹2,000",E-commerce Website,5,Stressed,Heavy Discount,Food/Snacks,Yes
42,Male,Self-employed,"Above ₹15,000",Social Media Stores,5,Neutral,Attractive Packaging,Beauty/Cosmetics,Yes
29,Male,Student,"Under ₹2,000",Quick Commerce,3,Stressed,Heavy Discount,Clothing,Yes
25,Male,Self-employed,"₹2,000 - ₹5,000",E-commerce Website,2,Bored,Free Shipping Threshold,Food/Snacks,No
18,Female,Student,"₹2,000 - ₹5,000",E-commerce Website,4,Bored,Social Media Ad,Clothing,Yes
25,Female,Employed,"₹2,000 - ₹5,000",Social Media Stores,4,Neutral,Free Shipping Threshold,Electronics,No
25,Male,Employed,"₹2,000 - ₹5,000",E-commerce Website,2,Neutral,Attractive Packaging,Clothing,No
35,Female,Student,"Above ₹15,000",E-commerce Website,6,Stressed,Social Media Ad,Beauty/Cosmetics,Yes
31,Male,Student,"₹2,000 - ₹5,000",E-commerce Website,0,Neutral,Heavy Discount,Beauty/Cosmetics,Yes
18,Male,Employed,"₹5,000 - ₹15,000",E-commerce Website,7,Bored,Free Shipping Threshold,Electronics,No
29,Female,Employed,"Under ₹2,000",Social Media Stores,6,Bored,Attractive Packaging,Electronics,No
33,Female,Self-employed,"₹5,000 - ₹15,000",E-commerce Website,6,Happy,Attractive Packaging,Clothing,No
40,Female,Employed,"₹5,000 - ₹15,000",Social Media Stores,7,Happy,Free Shipping Threshold,Clothing,No
35,Male,Self-employed,"Above ₹15,000",Quick Commerce,3,Stressed,Free Shipping Threshold,Beauty/Cosmetics,Yes
34,Female,Employed,"₹2,000 - ₹5,000",E-commerce Website,3,Happy,Attractive Packaging,Electronics,Yes
28,Female,Unemployed,"Under ₹2,000",Social Media Stores,8,Neutral,Heavy Discount,Beauty/Cosmetics,Yes
31,Other,Employed,"₹2,000 - ₹5,000",E-commerce Website,7,Happy,Free Shipping Threshold,Electronics,Yes
37,Male,Self-employed,"₹5,000 - ₹15,000",Social Media Stores,6,Neutral,Attractive Packaging,Gaming/Digital,No
18,Female,Student,"₹5,000 - ₹15,000",Quick Commerce,1,Neutral,Free Shipping Threshold,Gaming/Digital,No
25,Female,Employed,"₹5,000 - ₹15,000",E-commerce Website,3,Sad,Heavy Discount,Gaming/Digital,No
21,Other,Student,"Under ₹2,000",Social Media Stores,7,Sad,Social Media Ad,Electronics,No
31,Male,Student,"₹5,000 - ₹15,000",E-commerce Website,4,Sad,Social Media Ad,Food/Snacks,Yes
37,Female,Employed,"Above ₹15,000",Social Media Stores,4,Neutral,Limited Time Flash Sale,Gaming/Digital,No
23,Male,Employed,"Under ₹2,000",Social Media Stores,3,Neutral,Free Shipping Threshold,Beauty/Cosmetics,No
18,Female,Student,"Under ₹2,000",Social Media Stores,1,Sad,Heavy Discount,Gaming/Digital,No
24,Male,Employed,"₹5,000 - ₹15,000",E-commerce Website,5,Neutral,Limited Time Flash Sale,Beauty/Cosmetics,Yes
35,Male,Employed,"₹2,000 - ₹5,000",Social Media Stores,5,Stressed,Free Shipping Threshold,Clothing,No
32,Female,Student,"₹5,000 - ₹15,000",Social Media Stores,7,Happy,Attractive Packaging,Electronics,Yes
31,Male,Employed,"₹5,000 - ₹15,000",E-commerce Website,4,Neutral,Attractive Packaging,Clothing,Yes
25,Male,Employed,"Above ₹15,000",E-commerce Website,5,Bored,Social Media Ad,Clothing,Yes
18,Male,Student,"Above ₹15,000",E-commerce Website,6,Neutral,Free Shipping Threshold,Gaming/Digital,No
32,Male,Employed,"₹5,000 - ₹15,000",Physical In-Store,5,Sad,Free Shipping Threshold,Beauty/Cosmetics,No
21,Other,Employed,"₹2,000 - ₹5,000",E-commerce Website,5,Bored,Heavy Discount,Gaming/Digital,Yes
45,Female,Self-employed,"₹2,000 - ₹5,000",Physical In-Store,7,Stressed,Limited Time Flash Sale,Electronics,Yes
32,Female,Student,"Above ₹15,000",Quick Commerce,5,Sad,Limited Time Flash Sale,Beauty/Cosmetics,Yes
23,Male,Self-employed,"₹5,000 - ₹15,000",Quick Commerce,7,Sad,Limited Time Flash Sale,Food/Snacks,Yes
23,Female,Student,"₹5,000 - ₹15,000",Quick Commerce,1,Sad,Social Media Ad,Beauty/Cosmetics,Yes
27,Female,Employed,"₹2,000 - ₹5,000",Quick Commerce,6,Bored,Free Shipping Threshold,Gaming/Digital,Yes
26,Female,Student,"Under ₹2,000",E-commerce Website,5,Neutral,Heavy Discount,Clothing,No
36,Female,Self-employed,"₹2,000 - ₹5,000",E-commerce Website,4,Bored,Attractive Packaging,Clothing,Yes
29,Female,Employed,"Under ₹2,000",Quick Commerce,6,Neutral,Limited Time Flash Sale,Food/Snacks,No
22,Female,Student,"₹5,000 - ₹15,000",Social Media Stores,5,Bored,Attractive Packaging,Food/Snacks,Yes
43,Male,Student,"₹5,000 - ₹15,000",Physical In-Store,1,Happy,Limited Time Flash Sale,Electronics,No
28,Male,Student,"Under ₹2,000",E-commerce Website,8,Neutral,Limited Time Flash Sale,Food/Snacks,Yes
34,Female,Student,"₹5,000 - ₹15,000",Physical In-Store,7,Bored,Social Media Ad,Electronics,Yes
23,Female,Employed,"Above ₹15,000",E-commerce Website,5,Sad,Social Media Ad,Electronics,Yes
30,Male,Employed,"₹5,000 - ₹15,000",E-commerce Website,8,Bored,Heavy Discount,Electronics,No
30,Male,Self-employed,"₹5,000 - ₹15,000",Quick Commerce,3,Bored,Attractive Packaging,Beauty/Cosmetics,No
18,Female,Unemployed,"₹2,000 - ₹5,000",Social Media Stores,2,Bored,Heavy Discount,Beauty/Cosmetics,No
44,Female,Employed,"Above ₹15,000",E-commerce Website,3,Bored,Attractive Packaging,Clothing,Yes
38,Male,Student,"₹2,000 - ₹5,000",E-commerce Website,7,Happy,Attractive Packaging,Gaming/Digital,No
24,Male,Employed,"Above ₹15,000",Quick Commerce,8,Neutral,Free Shipping Threshold,Beauty/Cosmetics,Yes
19,Female,Employed,"₹5,000 - ₹15,000",E-commerce Website,5,Happy,Social Media Ad,Beauty/Cosmetics,Yes
30,Female,Employed,"₹5,000 - ₹15,000",Social Media Stores,4,Happy,Social Media Ad,Gaming/Digital,No
28,Male,Employed,"Above ₹15,000",E-commerce Website,2,Stressed,Attractive Packaging,Clothing,Yes
30,Female,Unemployed,"₹5,000 - ₹15,000",E-commerce Website,6,Bored,Free Shipping Threshold,Electronics,Yes
29,Female,Self-employed,"Under ₹2,000",Physical In-Store,6,Sad,Attractive Packaging,Gaming/Digital,No
32,Female,Student,"₹2,000 - ₹5,000",Quick Commerce,7,Bored,Free Shipping Threshold,Clothing,Yes
39,Other,Student,"Under ₹2,000",Physical In-Store,7,Sad,Free Shipping Threshold,Beauty/Cosmetics,No
32,Female,Self-employed,"Under ₹2,000",E-commerce Website,1,Neutral,Free Shipping Threshold,Electronics,No
19,Male,Self-employed,"Under ₹2,000",E-commerce Website,7,Bored,Attractive Packaging,Electronics,No
38,Male,Student,"₹5,000 - ₹15,000",Social Media Stores,8,Neutral,Heavy Discount,Clothing,No
41,Male,Employed,"Under ₹2,000",Social Media Stores,3,Neutral,Social Media Ad,Beauty/Cosmetics,No
53,Male,Employed,"₹2,000 - ₹5,000",Physical In-Store,8,Happy,Heavy Discount,Gaming/Digital,Yes
19,Male,Employed,"Above ₹15,000",Physical In-Store,7,Stressed,Heavy Discount,Electronics,No
29,Male,Student,"₹5,000 - ₹15,000",Social Media Stores,5,Happy,Free Shipping Threshold,Food/Snacks,No
18,Female,Self-employed,"Above ₹15,000",Social Media Stores,5,Neutral,Attractive Packaging,Electronics,No
32,Female,Employed,"₹2,000 - ₹5,000",Quick Commerce,1,Happy,Free Shipping Threshold,Food/Snacks,Yes
23,Female,Student,"₹5,000 - ₹15,000",Social Media Stores,4,Happy,Attractive Packaging,Electronics,No
43,Female,Employed,"₹2,000 - ₹5,000",Social Media Stores,6,Stressed,Social Media Ad,Clothing,Yes
21,Male,Employed,"₹2,000 - ₹5,000",E-commerce Website,6,Bored,Limited Time Flash Sale,Beauty/Cosmetics,Yes
18,Male,Self-employed,"₹5,000 - ₹15,000",E-commerce Website,4,Bored,Social Media Ad,Gaming/Digital,Yes
24,Male,Student,"Under ₹2,000",Quick Commerce,6,Happy,Free Shipping Threshold,Gaming/Digital,No
18,Female,Unemployed,"₹2,000 - ₹5,000",E-commerce Website,3,Happy,Social Media Ad,Clothing,No
34,Male,Student,"₹5,000 - ₹15,000",E-commerce Website,3,Bored,Free Shipping Threshold,Beauty/Cosmetics,No
18,Female,Employed,"₹5,000 - ₹15,000",Social Media Stores,4,Sad,Attractive Packaging,Gaming/Digital,No
28,Female,Employed,"₹5,000 - ₹15,000",E-commerce Website,4,Happy,Limited Time Flash Sale,Clothing,No
18,Male,Employed,"₹2,000 - ₹5,000",Social Media Stores,3,Sad,Free Shipping Threshold,Electronics,No
25,Male,Employed,"₹2,000 - ₹5,000",E-commerce Website,4,Happy,Free Shipping Threshold,Clothing,No
41,Female,Self-employed,"Under ₹2,000",Physical In-Store,6,Stressed,Social Media Ad,Food/Snacks,Yes
30,Female,Employed,"Above ₹15,000",Physical In-Store,3,Stressed,Heavy Discount,Electronics,Yes
21,Female,Employed,"Above ₹15,000",Quick Commerce,4,Bored,Heavy Discount,Beauty/Cosmetics,Yes
27,Male,Student,"Under ₹2,000",Quick Commerce,2,Bored,Free Shipping Threshold,Beauty/Cosmetics,Yes
28,Female,Student,"Under ₹2,000",E-commerce Website,5,Neutral,Heavy Discount,Electronics,No
31,Male,Student,"₹5,000 - ₹15,000",E-commerce Website,6,Happy,Social Media Ad,Clothing,No
18,Other,Unemployed,"₹2,000 - ₹5,000",Physical In-Store,4,Neutral,Heavy Discount,Food/Snacks,No
32,Female,Employed,"Above ₹15,000",E-commerce Website,4,Neutral,Limited Time Flash Sale,Beauty/Cosmetics,Yes
18,Female,Unemployed,"₹5,000 - ₹15,000",E-commerce Website,2,Bored,Free Shipping Threshold,Gaming/Digital,No
22,Male,Student,"₹2,000 - ₹5,000",E-commerce Website,5,Neutral,Social Media Ad,Clothing,No
24,Female,Employed,"Under ₹2,000",Social Media Stores,7,Neutral,Free Shipping Threshold,Gaming/Digital,No
33,Male,Student,"₹5,000 - ₹15,000",Social Media Stores,11,Neutral,Attractive Packaging,Beauty/Cosmetics,No
28,Male,Employed,"₹2,000 - ₹5,000",Physical In-Store,3,Neutral,Social Media Ad,Beauty/Cosmetics,No
18,Male,Employed,"₹5,000 - ₹15,000",Social Media Stores,5,Stressed,Heavy Discount,Beauty/Cosmetics,Yes
20,Female,Student,"₹2,000 - ₹5,000",E-commerce Website,4,Happy,Free Shipping Threshold,Clothing,No
29,Female,Employed,"Under ₹2,000",E-commerce Website,5,Happy,Social Media Ad,Food/Snacks,Yes
27,Male,Student,"₹5,000 - ₹15,000",Social Media Stores,9,Neutral,Attractive Packaging,Electronics,Yes
23,Female,Employed,"₹2,000 - ₹5,000",Physical In-Store,4,Bored,Social Media Ad,Clothing,No
24,Male,Employed,"₹2,000 - ₹5,000",E-commerce Website,12,Stressed,Social Media Ad,Food/Snacks,No
33,Male,Employed,"Under ₹2,000",E-commerce Website,4,Happy,Attractive Packaging,Gaming/Digital,No
23,Male,Unemployed,"₹5,000 - ₹15,000",Quick Commerce,5,Bored,Limited Time Flash Sale,Clothing,Yes
27,Female,Employed,"₹5,000 - ₹15,000",Social Media Stores,2,Bored,Limited Time Flash Sale,Food/Snacks,No
45,Female,Employed,"₹2,000 - ₹5,000",E-commerce Website,7,Happy,Limited Time Flash Sale,Beauty/Cosmetics,Yes
18,Female,Self-employed,"₹5,000 - ₹15,000",Quick Commerce,7,Happy,Heavy Discount,Food/Snacks,No
18,Female,Employed,"Under ₹2,000",E-commerce Website,3,Stressed,Free Shipping Threshold,Food/Snacks,Yes
34,Male,Student,"₹2,000 - ₹5,000",Quick Commerce,6,Bored,Heavy Discount,Beauty/Cosmetics,Yes
22,Female,Self-employed,"₹5,000 - ₹15,000",Social Media Stores,9,Neutral,Heavy Discount,Electronics,No
25,Male,Student,"₹5,000 - ₹15,000",E-commerce Website,8,Happy,Attractive Packaging,Electronics,No
21,Female,Student,"₹2,000 - ₹5,000",Social Media Stores,3,Stressed,Heavy Discount,Food/Snacks,Yes
25,Female,Student,"Under ₹2,000",Social Media Stores,8,Stressed,Free Shipping Threshold,Gaming/Digital,Yes
40,Female,Student,"Under ₹2,000",Quick Commerce,4,Neutral,Social Media Ad,Food/Snacks,No
34,Female,Student,"₹5,000 - ₹15,000",Quick Commerce,3,Stressed,Attractive Packaging,Gaming/Digital,Yes
34,Female,Student,"Under ₹2,000",E-commerce Website,4,Stressed,Limited Time Flash Sale,Beauty/Cosmetics,Yes
18,Male,Employed,"Under ₹2,000",E-commerce Website,3,Happy,Heavy Discount,Electronics,No
18,Female,Student,"₹2,000 - ₹5,000",Physical In-Store,6,Bored,Attractive Packaging,Beauty/Cosmetics,Yes
18,Male,Student,"₹2,000 - ₹5,000",E-commerce Website,5,Sad,Heavy Discount,Electronics,No
21,Male,Employed,"₹5,000 - ₹15,000",E-commerce Website,4,Bored,Free Shipping Threshold,Electronics,No
35,Female,Student,"₹2,000 - ₹5,000",Physical In-Store,2,Neutral,Limited Time Flash Sale,Clothing,Yes
32,Female,Student,"₹5,000 - ₹15,000",E-commerce Website,4,Happy,Social Media Ad,Clothing,Yes
26,Male,Employed,"Under ₹2,000",Social Media Stores,6,Neutral,Social Media Ad,Clothing,No
27,Female,Employed,"₹2,000 - ₹5,000",Quick Commerce,3,Stressed,Limited Time Flash Sale,Beauty/Cosmetics,Yes
22,Other,Employed,"Under ₹2,000",Physical In-Store,1,Neutral,Social Media Ad,Food/Snacks,No
29,Female,Employed,"₹2,000 - ₹5,000",Physical In-Store,5,Happy,Limited Time Flash Sale,Clothing,Yes
34,Female,Employed,"₹2,000 - ₹5,000",E-commerce Website,4,Bored,Free Shipping Threshold,Gaming/Digital,No
18,Female,Employed,"₹5,000 - ₹15,000",Quick Commerce,7,Happy,Free Shipping Threshold,Beauty/Cosmetics,Yes
30,Male,Self-employed,"₹5,000 - ₹15,000",E-commerce Website,4,Bored,Social Media Ad,Beauty/Cosmetics,No
35,Female,Employed,"₹2,000 - ₹5,000",Quick Commerce,7,Stressed,Attractive Packaging,Clothing,Yes
24,Female,Employed,"Under ₹2,000",Quick Commerce,3,Sad,Heavy Discount,Electronics,Yes
33,Other,Student,"₹2,000 - ₹5,000",Quick Commerce,6,Bored,Social Media Ad,Clothing,Yes
50,Female,Employed,"₹5,000 - ₹15,000",E-commerce Website,6,Bored,Social Media Ad,Clothing,No
27,Male,Student,"Above ₹15,000",E-commerce Website,3,Neutral,Heavy Discount,Food/Snacks,No
31,Male,Employed,"Above ₹15,000",Quick Commerce,8,Stressed,Free Shipping Threshold,Food/Snacks,Yes
22,Male,Employed,"₹5,000 - ₹15,000",E-commerce Website,8,Neutral,Social Media Ad,Electronics,No
29,Male,Employed,"₹2,000 - ₹5,000",E-commerce Website,4,Happy,Limited Time Flash Sale,Food/Snacks,Yes
31,Male,Self-employed,"₹5,000 - ₹15,000",E-commerce Website,5,Happy,Heavy Discount,Food/Snacks,No
29,Male,Self-employed,"₹2,000 - ₹5,000",E-commerce Website,5,Stressed,Heavy Discount,Beauty/Cosmetics,No
19,Female,Student,"₹5,000 - ₹15,000",Quick Commerce,5,Neutral,Attractive Packaging,Food/Snacks,Yes
29,Female,Student,"₹2,000 - ₹5,000",E-commerce Website,4,Happy,Free Shipping Threshold,Clothing,No
39,Female,Self-employed,"₹2,000 - ₹5,000",Social Media Stores,5,Bored,Free Shipping Threshold,Gaming/Digital,No
31,Female,Employed,"Under ₹2,000",Social Media Stores,3,Stressed,Social Media Ad,Clothing,Yes
35,Male,Employed,"₹2,000 - ₹5,000",E-commerce Website,4,Bored,Heavy Discount,Food/Snacks,Yes
26,Male,Employed,"₹5,000 - ₹15,000",Social Media Stores,5,Sad,Limited Time Flash Sale,Clothing,Yes
33,Female,Employed,"₹5,000 - ₹15,000",Quick Commerce,6,Bored,Free Shipping Threshold,Clothing,Yes
30,Female,Unemployed,"₹5,000 - ₹15,000",Quick Commerce,5,Bored,Limited Time Flash Sale,Clothing,Yes
20,Female,Employed,"Above ₹15,000",Social Media Stores,6,Neutral,Attractive Packaging,Food/Snacks,Yes
30,Male,Employed,"Under ₹2,000",E-commerce Website,8,Happy,Attractive Packaging,Beauty/Cosmetics,No
20,Male,Employed,"₹2,000 - ₹5,000",E-commerce Website,4,Bored,Limited Time Flash Sale,Beauty/Cosmetics,Yes
22,Female,Self-employed,"₹5,000 - ₹15,000",Physical In-Store,6,Happy,Limited Time Flash Sale,Gaming/Digital,No
29,Female,Employed,"₹5,000 - ₹15,000",E-commerce Website,8,Stressed,Social Media Ad,Gaming/Digital,No
30,Female,Employed,"₹2,000 - ₹5,000",E-commerce Website,5,Sad,Heavy Discount,Food/Snacks,No
18,Female,Unemployed,"Under ₹2,000",E-commerce Website,4,Bored,Heavy Discount,Beauty/Cosmetics,No
36,Female,Employed,"₹2,000 - ₹5,000",E-commerce Website,4,Bored,Attractive Packaging,Electronics,No
32,Female,Employed,"Above ₹15,000",Physical In-Store,2,Stressed,Free Shipping Threshold,Gaming/Digital,No
22,Female,Employed,"Above ₹15,000",E-commerce Website,7,Stressed,Free Shipping Threshold,Beauty/Cosmetics,No
18,Female,Employed,"₹2,000 - ₹5,000",E-commerce Website,4,Happy,Social Media Ad,Beauty/Cosmetics,No
26,Female,Student,"Above ₹15,000",Social Media Stores,8,Stressed,Free Shipping Threshold,Beauty/Cosmetics,No
24,Female,Employed,"Under ₹2,000",E-commerce Website,1,Stressed,Attractive Packaging,Clothing,Yes
28,Female,Employed,"₹2,000 - ₹5,000",Social Media Stores,6,Happy,Attractive Packaging,Gaming/Digital,No
25,Male,Employed,"₹5,000 - ₹15,000",Quick Commerce,2,Neutral,Heavy Discount,Food/Snacks,Yes
18,Female,Employed,"₹2,000 - ₹5,000",Physical In-Store,4,Happy,Social Media Ad,Food/Snacks,No
24,Female,Employed,"Under ₹2,000",Quick Commerce,10,Stressed,Attractive Packaging,Food/Snacks,Yes
25,Male,Unemployed,"Above ₹15,000",Social Media Stores,2,Bored,Heavy Discount,Clothing,No
33,Female,Student,"₹5,000 - ₹15,000",Physical In-Store,8,Bored,Social Media Ad,Beauty/Cosmetics,No
22,Male,Student,"Above ₹15,000",E-commerce Website,12,Neutral,Social Media Ad,Beauty/Cosmetics,Yes
41,Female,Employed,"Under ₹2,000",Quick Commerce,8,Neutral,Limited Time Flash Sale,Electronics,Yes
18,Female,Employed,"₹2,000 - ₹5,000",E-commerce Website,4,Stressed,Free Shipping Threshold,Clothing,Yes
38,Male,Employed,"₹2,000 - ₹5,000",E-commerce Website,5,Neutral,Free Shipping Threshold,Gaming/Digital,Yes
26,Female,Student,"Above ₹15,000",Quick Commerce,14,Stressed,Heavy Discount,Gaming/Digital,Yes
34,Female,Employed,"₹2,000 - ₹5,000",Social Media Stores,5,Neutral,Free Shipping Threshold,Gaming/Digital,No
28,Female,Employed,"₹2,000 - ₹5,000",Social Media Stores,4,Happy,Free Shipping Threshold,Beauty/Cosmetics,Yes
37,Male,Employed,"Under ₹2,000",Quick Commerce,8,Bored,Attractive Packaging,Clothing,Yes
24,Female,Employed,"₹5,000 - ₹15,000",Social Media Stores,4,Bored,Heavy Discount,Gaming/Digital,Yes
19,Female,Employed,"₹2,000 - ₹5,000",E-commerce Website,8,Neutral,Heavy Discount,Beauty/Cosmetics,No
39,Female,Employed,"Under ₹2,000",E-commerce Website,5,Stressed,Free Shipping Threshold,Food/Snacks,No
27,Male,Employed,"₹2,000 - ₹5,000",Quick Commerce,2,Bored,Free Shipping Threshold,Beauty/Cosmetics,Yes
29,Female,Employed,"₹2,000 - ₹5,000",E-commerce Website,11,Bored,Free Shipping Threshold,Food/Snacks,Yes
37,Male,Self-employed,"Under ₹2,000",E-commerce Website,3,Happy,Social Media Ad,Clothing,Yes
19,Female,Self-employed,"Under ₹2,000",E-commerce Website,5,Bored,Heavy Discount,Electronics,Yes
32,Female,Employed,"Above ₹15,000",E-commerce Website,5,Neutral,Social Media Ad,Electronics,No
23,Male,Student,"Under ₹2,000",E-commerce Website,9,Neutral,Free Shipping Threshold,Gaming/Digital,No
26,Female,Student,"Under ₹2,000",Quick Commerce,4,Stressed,Free Shipping Threshold,Food/Snacks,Yes
28,Male,Employed,"₹2,000 - ₹5,000",Quick Commerce,1,Sad,Heavy Discount,Food/Snacks,No
18,Female,Employed,"Above ₹15,000",E-commerce Website,6,Sad,Attractive Packaging,Gaming/Digital,Yes
21,Female,Employed,"Under ₹2,000",Social Media Stores,4,Happy,Attractive Packaging,Clothing,No
38,Female,Employed,"₹5,000 - ₹15,000",Social Media Stores,4,Stressed,Heavy Discount,Electronics,Yes
35,Female,Employed,"Above ₹15,000",E-commerce Website,5,Neutral,Heavy Discount,Electronics,Yes
27,Female,Self-employed,"₹2,000 - ₹5,000",E-commerce Website,5,Bored,Social Media Ad,Gaming/Digital,No
29,Female,Employed,"₹2,000 - ₹5,000",E-commerce Website,6,Bored,Attractive Packaging,Clothing,Yes
25,Female,Student,"₹5,000 - ₹15,000",Social Media Stores,4,Bored,Limited Time Flash Sale,Electronics,Yes
38,Male,Employed,"₹5,000 - ₹15,000",E-commerce Website,3,Stressed,Social Media Ad,Food/Snacks,Yes
26,Female,Employed,"₹5,000 - ₹15,000",E-commerce Website,8,Stressed,Limited Time Flash Sale,Electronics,Yes
29,Female,Self-employed,"₹5,000 - ₹15,000",Physical In-Store,5,Stressed,Limited Time Flash Sale,Gaming/Digital,Yes
37,Male,Employed,"₹2,000 - ₹5,000",Quick Commerce,7,Bored,Heavy Discount,Electronics,Yes
21,Male,Employed,"₹5,000 - ₹15,000",Social Media Stores,6,Stressed,Attractive Packaging,Gaming/Digital,Yes
40,Male,Employed,"Under ₹2,000",E-commerce Website,5,Happy,Attractive Packaging,Beauty/Cosmetics,No
18,Male,Employed,"₹5,000 - ₹15,000",Quick Commerce,5,Neutral,Free Shipping Threshold,Clothing,No
41,Male,Employed,"₹5,000 - ₹15,000",E-commerce Website,6,Neutral,Social Media Ad,Electronics,No
25,Female,Student,"Under ₹2,000",Social Media Stores,5,Stressed,Social Media Ad,Beauty/Cosmetics,Yes
26,Female,Employed,"Under ₹2,000",E-commerce Website,5,Neutral,Heavy Discount,Gaming/Digital,Yes
18,Female,Student,"Under ₹2,000",E-commerce Website,5,Happy,Attractive Packaging,Electronics,Yes
24,Male,Employed,"₹2,000 - ₹5,000",Quick Commerce,7,Neutral,Heavy Discount,Electronics,No
19,Female,Employed,"Above ₹15,000",Social Media Stores,4,Bored,Social Media Ad,Beauty/Cosmetics,Yes
23,Female,Student,"₹5,000 - ₹15,000",E-commerce Website,4,Bored,Free Shipping Threshold,Electronics,No
26,Other,Employed,"₹5,000 - ₹15,000",Physical In-Store,7,Stressed,Heavy Discount,Beauty/Cosmetics,Yes
35,Female,Employed,"Under ₹2,000",E-commerce Website,5,Stressed,Heavy Discount,Beauty/Cosmetics,Yes
29,Male,Employed,"Under ₹2,000",Social Media Stores,7,Happy,Social Media Ad,Clothing,No
30,Other,Student,"₹2,000 - ₹5,000",E-commerce Website,10,Stressed,Attractive Packaging,Clothing,No
19,Female,Employed,"₹2,000 - ₹5,000",Social Media Stores,7,Happy,Social Media Ad,Gaming/Digital,Yes
20,Male,Student,"₹5,000 - ₹15,000",Quick Commerce,3,Sad,Free Shipping Threshold,Food/Snacks,Yes
42,Male,Student,"Above ₹15,000",E-commerce Website,6,Bored,Attractive Packaging,Clothing,Yes
22,Male,Employed,"₹2,000 - ₹5,000",Quick Commerce,3,Happy,Free Shipping Threshold,Clothing,Yes
41,Male,Student,"₹5,000 - ₹15,000",Physical In-Store,4,Bored,Social Media Ad,Beauty/Cosmetics,Yes
26,Male,Unemployed,"Under ₹2,000",Social Media Stores,6,Neutral,Attractive Packaging,Beauty/Cosmetics,No
28,Female,Student,"Under ₹2,000",Social Media Stores,4,Neutral,Social Media Ad,Beauty/Cosmetics,No
36,Female,Employed,"Under ₹2,000",E-commerce Website,4,Sad,Heavy Discount,Food/Snacks,No
38,Female,Self-employed,"₹5,000 - ₹15,000",E-commerce Website,3,Bored,Heavy Discount,Clothing,Yes
27,Female,Unemployed,"₹2,000 - ₹5,000",Quick Commerce,5,Neutral,Attractive Packaging,Electronics,Yes
24,Female,Employed,"Under ₹2,000",Physical In-Store,6,Sad,Attractive Packaging,Clothing,No
27,Female,Self-employed,"₹5,000 - ₹15,000",E-commerce Website,5,Bored,Free Shipping Threshold,Gaming/Digital,Yes
30,Other,Unemployed,"₹5,000 - ₹15,000",E-commerce Website,6,Happy,Social Media Ad,Food/Snacks,No
35,Male,Student,"Under ₹2,000",E-commerce Website,8,Happy,Free Shipping Threshold,Gaming/Digital,Yes
28,Other,Employed,"₹5,000 - ₹15,000",E-commerce Website,4,Happy,Social Media Ad,Beauty/Cosmetics,Yes
32,Female,Student,"₹5,000 - ₹15,000",E-commerce Website,4,Happy,Limited Time Flash Sale,Electronics,No
41,Male,Employed,"₹2,000 - ₹5,000",E-commerce Website,6,Bored,Free Shipping Threshold,Food/Snacks,Yes
31,Female,Employed,"₹5,000 - ₹15,000",Social Media Stores,4,Bored,Attractive Packaging,Food/Snacks,No
30,Female,Student,"Under ₹2,000",Physical In-Store,5,Neutral,Heavy Discount,Electronics,No
18,Female,Employed,"₹5,000 - ₹15,000",Physical In-Store,6,Neutral,Social Media Ad,Gaming/Digital,No
18,Male,Student,"Above ₹15,000",E-commerce Website,11,Happy,Free Shipping Threshold,Clothing,Yes
31,Female,Self-employed,"₹2,000 - ₹5,000",E-commerce Website,3,Happy,Social Media Ad,Gaming/Digital,No
27,Male,Student,"₹2,000 - ₹5,000",E-commerce Website,7,Stressed,Free Shipping Threshold,Electronics,No
23,Male,Employed,"₹2,000 - ₹5,000",E-commerce Website,5,Stressed,Attractive Packaging,Clothing,No
29,Male,Student,"₹2,000 - ₹5,000",E-commerce Website,4,Bored,Limited Time Flash Sale,Food/Snacks,Yes
27,Female,Student,"Under ₹2,000",E-commerce Website,5,Neutral,Free Shipping Threshold,Electronics,No
37,Female,Employed,"₹5,000 - ₹15,000",Social Media Stores,2,Sad,Social Media Ad,Gaming/Digital,No
28,Male,Student,"Under ₹2,000",Quick Commerce,6,Stressed,Free Shipping Threshold,Electronics,No
22,Female,Employed,"₹2,000 - ₹5,000",E-commerce Website,3,Sad,Free Shipping Threshold,Food/Snacks,No
35,Male,Self-employed,"₹5,000 - ₹15,000",Social Media Stores,10,Neutral,Social Media Ad,Beauty/Cosmetics,No
26,Male,Student,"₹5,000 - ₹15,000",E-commerce Website,6,Sad,Free Shipping Threshold,Food/Snacks,No
32,Female,Self-employed,"Under ₹2,000",Social Media Stores,5,Stressed,Heavy Discount,Food/Snacks,Yes
24,Male,Student,"₹5,000 - ₹15,000",Social Media Stores,1,Bored,Limited Time Flash Sale,Beauty/Cosmetics,No
22,Female,Student,"Above ₹15,000",Social Media Stores,9,Bored,Attractive Packaging,Electronics,Yes
28,Male,Student,"Under ₹2,000",Quick Commerce,3,Stressed,Limited Time Flash Sale,Beauty/Cosmetics,Yes
28,Male,Unemployed,"₹2,000 - ₹5,000",E-commerce Website,4,Neutral,Free Shipping Threshold,Food/Snacks,No
31,Female,Student,"₹5,000 - ₹15,000",E-commerce Website,6,Bored,Free Shipping Threshold,Clothing,Yes
25,Female,Self-employed,"₹5,000 - ₹15,000",Physical In-Store,5,Happy,Limited Time Flash Sale,Clothing,No
18,Male,Unemployed,"₹2,000 - ₹5,000",Social Media Stores,2,Bored,Limited Time Flash Sale,Gaming/Digital,Yes
24,Female,Employed,"Under ₹2,000",Quick Commerce,8,Neutral,Social Media Ad,Gaming/Digital,Yes
34,Female,Employed,"₹5,000 - ₹15,000",E-commerce Website,6,Happy,Social Media Ad,Food/Snacks,No
25,Female,Employed,"Above ₹15,000",E-commerce Website,3,Stressed,Attractive Packaging,Electronics,No
26,Male,Employed,"₹5,000 - ₹15,000",Social Media Stores,4,Bored,Limited Time Flash Sale,Beauty/Cosmetics,Yes
35,Female,Student,"Above ₹15,000",Physical In-Store,3,Happy,Heavy Discount,Electronics,No
22,Female,Employed,"₹5,000 - ₹15,000",E-commerce Website,5,Happy,Limited Time Flash Sale,Electronics,No
18,Male,Employed,"Above ₹15,000",E-commerce Website,4,Neutral,Limited Time Flash Sale,Beauty/Cosmetics,No
26,Female,Employed,"₹5,000 - ₹15,000",E-commerce Website,8,Happy,Limited Time Flash Sale,Clothing,Yes
24,Female,Student,"Above ₹15,000",E-commerce Website,5,Bored,Free Shipping Threshold,Clothing,Yes
20,Female,Student,"Under ₹2,000",E-commerce Website,5,Neutral,Limited Time Flash Sale,Beauty/Cosmetics,Yes
26,Female,Self-employed,"₹5,000 - ₹15,000",E-commerce Website,5,Neutral,Limited Time Flash Sale,Beauty/Cosmetics,No
31,Female,Student,"Under ₹2,000",Quick Commerce,6,Bored,Free Shipping Threshold,Clothing,Yes
27,Female,Employed,"Under ₹2,000",Physical In-Store,3,Neutral,Attractive Packaging,Electronics,No
30,Female,Student,"₹5,000 - ₹15,000",Social Media Stores,2,Stressed,Free Shipping Threshold,Beauty/Cosmetics,Yes
42,Female,Self-employed,"₹2,000 - ₹5,000",Social Media Stores,4,Happy,Attractive Packaging,Clothing,No
25,Female,Self-employed,"Under ₹2,000",Quick Commerce,7,Happy,Heavy Discount,Beauty/Cosmetics,No
30,Male,Student,"Above ₹15,000",Social Media Stores,3,Neutral,Heavy Discount,Electronics,Yes
23,Male,Student,"₹5,000 - ₹15,000",Social Media Stores,5,Bored,Free Shipping Threshold,Clothing,Yes
21,Female,Employed,"Above ₹15,000",Social Media Stores,4,Bored,Social Media Ad,Beauty/Cosmetics,No
23,Male,Student,"Above ₹15,000",E-commerce Website,6,Happy,Social Media Ad,Beauty/Cosmetics,No
24,Female,Employed,"₹2,000 - ₹5,000",E-commerce Website,5,Happy,Attractive Packaging,Food/Snacks,Yes
30,Other,Employed,"₹2,000 - ₹5,000",E-commerce Website,6,Neutral,Attractive Packaging,Food/Snacks,No
46,Female,Student,"Under ₹2,000",E-commerce Website,6,Bored,Heavy Discount,Electronics,Yes
22,Other,Employed,"₹5,000 - ₹15,000",Physical In-Store,5,Stressed,Heavy Discount,Electronics,Yes
24,Female,Employed,"₹5,000 - ₹15,000",E-commerce Website,4,Sad,Social Media Ad,Beauty/Cosmetics,No
27,Male,Employed,"₹2,000 - ₹5,000",E-commerce Website,3,Happy,Heavy Discount,Clothing,No
31,Female,Employed,"₹2,000 - ₹5,000",Social Media Stores,6,Neutral,Free Shipping Threshold,Electronics,Yes
30,Male,Employed,"Under ₹2,000",Quick Commerce,6,Bored,Free Shipping Threshold,Beauty/Cosmetics,Yes
38,Male,Employed,"₹2,000 - ₹5,000",E-commerce Website,0,Bored,Heavy Discount,Beauty/Cosmetics,No
18,Male,Employed,"Under ₹2,000",Physical In-Store,3,Happy,Attractive Packaging,Electronics,No
18,Male,Student,"Above ₹15,000",Quick Commerce,5,Happy,Limited Time Flash Sale,Clothing,No
24,Male,Student,"Under ₹2,000",Social Media Stores,3,Happy,Free Shipping Threshold,Electronics,No
36,Male,Self-employed,"₹2,000 - ₹5,000",Quick Commerce,2,Sad,Free Shipping Threshold,Electronics,No
18,Female,Self-employed,"Under ₹2,000",E-commerce Website,5,Stressed,Heavy Discount,Beauty/Cosmetics,Yes
18,Female,Employed,"₹5,000 - ₹15,000",Quick Commerce,7,Stressed,Social Media Ad,Electronics,Yes
32,Male,Student,"₹2,000 - ₹5,000",Quick Commerce,7,Bored,Free Shipping Threshold,Gaming/Digital,Yes
29,Male,Employed,"Under ₹2,000",E-commerce Website,4,Happy,Attractive Packaging,Electronics,Yes
19,Female,Self-employed,"₹5,000 - ₹15,000",E-commerce Website,3,Neutral,Social Media Ad,Beauty/Cosmetics,Yes
20,Female,Employed,"Above ₹15,000",E-commerce Website,8,Bored,Limited Time Flash Sale,Electronics,Yes
20,Female,Student,"Above ₹15,000",E-commerce Website,5,Bored,Attractive Packaging,Food/Snacks,Yes
28,Male,Employed,"₹2,000 - ₹5,000",Quick Commerce,5,Neutral,Heavy Discount,Beauty/Cosmetics,Yes
22,Female,Self-employed,"₹5,000 - ₹15,000",E-commerce Website,6,Bored,Social Media Ad,Food/Snacks,Yes
31,Female,Student,"Under ₹2,000",Social Media Stores,7,Bored,Free Shipping Threshold,Food/Snacks,No
18,Female,Employed,"Under ₹2,000",Quick Commerce,4,Happy,Attractive Packaging,Clothing,Yes
21,Male,Employed,"₹2,000 - ₹5,000",E-commerce Website,6,Stressed,Free Shipping Threshold,Electronics,No
18,Male,Employed,"₹2,000 - ₹5,000",Social Media Stores,4,Neutral,Heavy Discount,Electronics,Yes
25,Male,Employed,"₹5,000 - ₹15,000",E-commerce Website,6,Sad,Attractive Packaging,Electronics,No
23,Male,Employed,"Above ₹15,000",E-commerce Website,2,Bored,Heavy Discount,Food/Snacks,Yes
34,Female,Student,"Under ₹2,000",Quick Commerce,5,Stressed,Attractive Packaging,Gaming/Digital,Yes
18,Female,Student,"₹2,000 - ₹5,000",E-commerce Website,3,Bored,Attractive Packaging,Gaming/Digital,Yes
28,Female,Employed,"₹2,000 - ₹5,000",E-commerce Website,3,Bored,Free Shipping Threshold,Gaming/Digital,No
32,Female,Student,"₹5,000 - ₹15,000",Social Media Stores,3,Neutral,Free Shipping Threshold,Clothing,Yes
42,Female,Employed,"Above ₹15,000",Social Media Stores,8,Bored,Free Shipping Threshold,Clothing,Yes
24,Male,Employed,"Above ₹15,000",Social Media Stores,4,Bored,Attractive Packaging,Food/Snacks,Yes
30,Other,Student,"₹5,000 - ₹15,000",Quick Commerce,11,Stressed,Free Shipping Threshold,Beauty/Cosmetics,No
18,Female,Employed,"₹2,000 - ₹5,000",Physical In-Store,5,Happy,Attractive Packaging,Food/Snacks,Yes
18,Male,Employed,"₹5,000 - ₹15,000",Social Media Stores,3,Neutral,Attractive Packaging,Beauty/Cosmetics,No
34,Male,Student,"₹2,000 - ₹5,000",Quick Commerce,7,Stressed,Social Media Ad,Gaming/Digital,Yes
27,Female,Employed,"Above ₹15,000",Physical In-Store,7,Bored,Free Shipping Threshold,Beauty/Cosmetics,No
37,Female,Self-employed,"Under ₹2,000",E-commerce Website,2,Happy,Heavy Discount,Beauty/Cosmetics,No
18,Male,Employed,"₹5,000 - ₹15,000",E-commerce Website,9,Neutral,Limited Time Flash Sale,Beauty/Cosmetics,No
32,Female,Employed,"Under ₹2,000",Physical In-Store,3,Stressed,Free Shipping Threshold,Electronics,No
42,Female,Student,"₹2,000 - ₹5,000",E-commerce Website,9,Bored,Attractive Packaging,Food/Snacks,Yes
31,Female,Student,"₹5,000 - ₹15,000",Social Media Stores,4,Sad,Heavy Discount,Clothing,Yes
30,Male,Student,"₹5,000 - ₹15,000",Quick Commerce,2,Happy,Attractive Packaging,Electronics,No
28,Male,Employed,"₹5,000 - ₹15,000",Social Media Stores,6,Sad,Social Media Ad,Gaming/Digital,Yes
18,Female,Employed,"₹5,000 - ₹15,000",Quick Commerce,3,Stressed,Heavy Discount,Electronics,Yes
38,Female,Student,"₹2,000 - ₹5,000",E-commerce Website,6,Neutral,Heavy Discount,Food/Snacks,No
23,Male,Employed,"Above ₹15,000",E-commerce Website,8,Stressed,Social Media Ad,Clothing,No
32,Male,Student,"₹5,000 - ₹15,000",Quick Commerce,3,Sad,Attractive Packaging,Beauty/Cosmetics,Yes
18,Male,Student,"Under ₹2,000",Quick Commerce,6,Stressed,Social Media Ad,Gaming/Digital,Yes
18,Male,Employed,"₹5,000 - ₹15,000",E-commerce Website,7,Happy,Social Media Ad,Gaming/Digital,Yes
39,Female,Employed,"Above ₹15,000",Social Media Stores,3,Happy,Limited Time Flash Sale,Beauty/Cosmetics,Yes
25,Other,Employed,"₹5,000 - ₹15,000",E-commerce Website,1,Neutral,Free Shipping Threshold,Clothing,No
39,Male,Employed,"₹2,000 - ₹5,000",E-commerce Website,6,Bored,Social Media Ad,Clothing,No
27,Male,Employed,"₹5,000 - ₹15,000",Quick Commerce,5,Bored,Heavy Discount,Food/Snacks,Yes
18,Female,Self-employed,"₹2,000 - ₹5,000",Social Media Stores,7,Stressed,Heavy Discount,Gaming/Digital,Yes
35,Male,Self-employed,"₹5,000 - ₹15,000",E-commerce Website,5,Happy,Attractive Packaging,Food/Snacks,No
23,Other,Self-employed,"₹5,000 - ₹15,000",E-commerce Website,5,Neutral,Heavy Discount,Beauty/Cosmetics,Yes
33,Female,Self-employed,"Above ₹15,000",E-commerce Website,5,Neutral,Limited Time Flash Sale,Gaming/Digital,No
28,Female,Employed,"₹5,000 - ₹15,000",Social Media Stores,10,Neutral,Social Media Ad,Beauty/Cosmetics,No
18,Male,Employed,"₹2,000 - ₹5,000",E-commerce Website,11,Stressed,Attractive Packaging,Beauty/Cosmetics,Yes
29,Male,Employed,"₹5,000 - ₹15,000",Quick Commerce,3,Stressed,Limited Time Flash Sale,Electronics,Yes
45,Female,Employed,"₹2,000 - ₹5,000",Quick Commerce,8,Sad,Free Shipping Threshold,Gaming/Digital,Yes
31,Female,Employed,"₹2,000 - ₹5,000",E-commerce Website,4,Neutral,Social Media Ad,Clothing,No
27,Male,Student,"₹2,000 - ₹5,000",Social Media Stores,3,Neutral,Attractive Packaging,Electronics,Yes
36,Other,Self-employed,"Under ₹2,000",E-commerce Website,5,Stressed,Attractive Packaging,Electronics,No
29,Female,Employed,"Above ₹15,000",E-commerce Website,4,Happy,Social Media Ad,Electronics,Yes
29,Female,Self-employed,"₹5,000 - ₹15,000",E-commerce Website,8,Sad,Heavy Discount,Food/Snacks,No
19,Male,Student,"₹5,000 - ₹15,000",Quick Commerce,10,Neutral,Social Media Ad,Gaming/Digital,No
29,Female,Student,"₹2,000 - ₹5,000",E-commerce Website,6,Sad,Attractive Packaging,Food/Snacks,No
36,Female,Student,"₹5,000 - ₹15,000",Social Media Stores,4,Stressed,Attractive Packaging,Clothing,Yes
21,Male,Employed,"₹5,000 - ₹15,000",E-commerce Website,4,Neutral,Attractive Packaging,Clothing,Yes
39,Female,Student,"₹2,000 - ₹5,000",E-commerce Website,5,Stressed,Attractive Packaging,Gaming/Digital,Yes
27,Male,Employed,"Above ₹15,000",Social Media Stores,6,Neutral,Social Media Ad,Gaming/Digital,Yes
20,Male,Student,"₹2,000 - ₹5,000",Quick Commerce,5,Stressed,Attractive Packaging,Electronics,No
35,Male,Student,"₹5,000 - ₹15,000",Physical In-Store,5,Bored,Heavy Discount,Gaming/Digital,Yes
25,Female,Employed,"Under ₹2,000",E-commerce Website,1,Sad,Attractive Packaging,Gaming/Digital,No
34,Female,Self-employed,"₹2,000 - ₹5,000",E-commerce Website,6,Stressed,Free Shipping Threshold,Electronics,Yes
25,Male,Student,"Above ₹15,000",E-commerce Website,3,Sad,Attractive Packaging,Clothing,No
27,Male,Employed,"₹5,000 - ₹15,000",Social Media Stores,7,Bored,Limited Time Flash Sale,Gaming/Digital,Yes
31,Male,Student,"₹5,000 - ₹15,000",E-commerce Website,5,Neutral,Heavy Discount,Food/Snacks,No
30,Male,Student,"Above ₹15,000",Social Media Stores,5,Neutral,Free Shipping Threshold,Clothing,Yes
18,Female,Employed,"₹2,000 - ₹5,000",Social Media Stores,1,Sad,Limited Time Flash Sale,Clothing,No
19,Male,Employed,"₹5,000 - ₹15,000",E-commerce Website,4,Happy,Heavy Discount,Beauty/Cosmetics,No
35,Male,Self-employed,"₹2,000 - ₹5,000",E-commerce Website,6,Bored,Attractive Packaging,Food/Snacks,Yes
26,Female,Employed,"₹5,000 - ₹15,000",E-commerce Website,8,Bored,Attractive Packaging,Gaming/Digital,Yes
23,Female,Self-employed,"₹2,000 - ₹5,000",E-commerce Website,3,Bored,Attractive Packaging,Food/Snacks,Yes
18,Female,Student,"₹2,000 - ₹5,000",Social Media Stores,3,Neutral,Attractive Packaging,Electronics,No
19,Male,Student,"Above ₹15,000",E-commerce Website,6,Sad,Heavy Discount,Gaming/Digital,No
18,Male,Student,"Under ₹2,000",Social Media Stores,6,Neutral,Social Media Ad,Clothing,Yes
27,Female,Employed,"Under ₹2,000",E-commerce Website,8,Sad,Limited Time Flash Sale,Clothing,No
23,Male,Student,"Under ₹2,000",E-commerce Website,8,Stressed,Attractive Packaging,Gaming/Digital,Yes
20,Male,Student,"₹2,000 - ₹5,000",E-commerce Website,4,Neutral,Attractive Packaging,Food/Snacks,No
27,Female,Employed,"₹2,000 - ₹5,000",Social Media Stores,4,Happy,Social Media Ad,Gaming/Digital,No
30,Female,Student,"Under ₹2,000",E-commerce Website,8,Bored,Heavy Discount,Gaming/Digital,Yes
44,Male,Student,"₹5,000 - ₹15,000",Social Media Stores,4,Neutral,Social Media Ad,Gaming/Digital,Yes
18,Male,Student,"₹5,000 - ₹15,000",E-commerce Website,9,Neutral,Attractive Packaging,Clothing,Yes
37,Other,Student,"₹5,000 - ₹15,000",E-commerce Website,5,Neutral,Attractive Packaging,Beauty/Cosmetics,No
35,Male,Employed,"Above ₹15,000",E-commerce Website,4,Neutral,Social Media Ad,Food/Snacks,No
21,Female,Employed,"₹5,000 - ₹15,000",E-commerce Website,7,Stressed,Limited Time Flash Sale,Gaming/Digital,Yes
29,Other,Student,"Under ₹2,000",Social Media Stores,8,Neutral,Heavy Discount,Beauty/Cosmetics,No
24,Other,Student,"Under ₹2,000",E-commerce Website,4,Neutral,Free Shipping Threshold,Food/Snacks,Yes
29,Female,Self-employed,"₹5,000 - ₹15,000",Physical In-Store,6,Neutral,Social Media Ad,Food/Snacks,Yes
40,Male,Employed,"₹5,000 - ₹15,000",Social Media Stores,2,Sad,Heavy Discount,Gaming/Digital,No
32,Male,Employed,"Under ₹2,000",E-commerce Website,7,Stressed,Social Media Ad,Food/Snacks,Yes
32,Female,Employed,"₹2,000 - ₹5,000",E-commerce Website,4,Stressed,Heavy Discount,Beauty/Cosmetics,Yes
24,Female,Student,"₹5,000 - ₹15,000",Quick Commerce,4,Neutral,Limited Time Flash Sale,Electronics,No
18,Female,Unemployed,"₹5,000 - ₹15,000",E-commerce Website,6,Bored,Limited Time Flash Sale,Gaming/Digital,Yes
26,Female,Employed,"₹5,000 - ₹15,000",Quick Commerce,3,Bored,Heavy Discount,Gaming/Digital,Yes
37,Female,Student,"₹2,000 - ₹5,000",E-commerce Website,4,Happy,Heavy Discount,Food/Snacks,Yes
18,Female,Employed,"₹5,000 - ₹15,000",E-commerce Website,6,Stressed,Heavy Discount,Electronics,Yes
19,Female,Employed,"₹5,000 - ₹15,000",Quick Commerce,2,Sad,Social Media Ad,Beauty/Cosmetics,Yes
29,Female,Student,"Above ₹15,000",Social Media Stores,7,Neutral,Attractive Packaging,Clothing,No
20,Female,Self-employed,"₹5,000 - ₹15,000",Physical In-Store,4,Bored,Free Shipping Threshold,Electronics,Yes
21,Male,Self-employed,"₹5,000 - ₹15,000",E-commerce Website,5,Stressed,Social Media Ad,Food/Snacks,Yes
24,Female,Student,"₹5,000 - ₹15,000",E-commerce Website,8,Happy,Limited Time Flash Sale,Beauty/Cosmetics,Yes
18,Female,Employed,"₹2,000 - ₹5,000",E-commerce Website,5,Sad,Limited Time Flash Sale,Food/Snacks,No
20,Male,Employed,"₹2,000 - ₹5,000",Social Media Stores,4,Neutral,Heavy Discount,Gaming/Digital,Yes
33,Female,Student,"Above ₹15,000",E-commerce Website,6,Happy,Limited Time Flash Sale,Food/Snacks,Yes
18,Female,Employed,"₹5,000 - ₹15,000",Physical In-Store,7,Bored,Heavy Discount,Gaming/Digital,Yes
18,Female,Employed,"₹5,000 - ₹15,000",E-commerce Website,4,Neutral,Limited Time Flash Sale,Clothing,No
22,Male,Employed,"Above ₹15,000",Physical In-Store,6,Sad,Social Media Ad,Food/Snacks,No
33,Female,Employed,"Above ₹15,000",E-commerce Website,8,Happy,Heavy Discount,Beauty/Cosmetics,No
26,Male,Employed,"₹5,000 - ₹15,000",E-commerce Website,3,Neutral,Attractive Packaging,Food/Snacks,No
24,Female,Unemployed,"Under ₹2,000",Social Media Stores,8,Bored,Attractive Packaging,Gaming/Digital,No
28,Male,Employed,"₹2,000 - ₹5,000",E-commerce Website,10,Happy,Free Shipping Threshold,Beauty/Cosmetics,Yes
18,Female,Self-employed,"Above ₹15,000",E-commerce Website,7,Neutral,Social Media Ad,Clothing,No
31,Female,Student,"₹2,000 - ₹5,000",Quick Commerce,4,Bored,Social Media Ad,Beauty/Cosmetics,No
31,Male,Student,"Above ₹15,000",Social Media Stores,6,Happy,Attractive Packaging,Food/Snacks,No
24,Other,Student,"Under ₹2,000",E-commerce Website,3,Stressed,Heavy Discount,Beauty/Cosmetics,No
36,Female,Employed,"₹5,000 - ₹15,000",Quick Commerce,1,Happy,Attractive Packaging,Gaming/Digital,Yes
18,Male,Student,"₹5,000 - ₹15,000",Quick Commerce,3,Bored,Limited Time Flash Sale,Electronics,Yes
37,Male,Self-employed,"₹2,000 - ₹5,000",E-commerce Website,1,Happy,Social Media Ad,Electronics,Yes
29,Male,Employed,"Above ₹15,000",Social Media Stores,2,Happy,Free Shipping Threshold,Clothing,Yes
25,Male,Student,"₹5,000 - ₹15,000",E-commerce Website,5,Bored,Free Shipping Threshold,Clothing,Yes
27,Female,Employed,"₹2,000 - ₹5,000",E-commerce Website,6,Bored,Social Media Ad,Beauty/Cosmetics,No
27,Other,Self-employed,"₹2,000 - ₹5,000",E-commerce Website,7,Bored,Free Shipping Threshold,Clothing,Yes
37,Male,Employed,"₹5,000 - ₹15,000",E-commerce Website,1,Happy,Attractive Packaging,Food/Snacks,No
19,Female,Student,"₹2,000 - ₹5,000",E-commerce Website,7,Stressed,Free Shipping Threshold,Beauty/Cosmetics,Yes
21,Female,Self-employed,"Above ₹15,000",Quick Commerce,4,Happy,Limited Time Flash Sale,Gaming/Digital,Yes
36,Male,Employed,"Under ₹2,000",Physical In-Store,5,Happy,Heavy Discount,Gaming/Digital,Yes
23,Male,Employed,"₹2,000 - ₹5,000",Quick Commerce,3,Bored,Free Shipping Threshold,Gaming/Digital,Yes
35,Male,Employed,"Under ₹2,000",Quick Commerce,4,Neutral,Free Shipping Threshold,Beauty/Cosmetics,Yes
41,Female,Employed,"Under ₹2,000",Social Media Stores,4,Bored,Limited Time Flash Sale,Food/Snacks,Yes
24,Female,Self-employed,"₹2,000 - ₹5,000",E-commerce Website,3,Neutral,Limited Time Flash Sale,Beauty/Cosmetics,No
33,Female,Student,"Above ₹15,000",Social Media Stores,3,Happy,Limited Time Flash Sale,Food/Snacks,Yes
18,Male,Student,"Under ₹2,000",E-commerce Website,6,Bored,Social Media Ad,Beauty/Cosmetics,Yes
34,Female,Self-employed,"₹2,000 - ₹5,000",Social Media Stores,5,Neutral,Social Media Ad,Gaming/Digital,No
29,Female,Student,"₹2,000 - ₹5,000",E-commerce Website,4,Happy,Attractive Packaging,Food/Snacks,No
31,Female,Self-employed,"₹5,000 - ₹15,000",Quick Commerce,6,Sad,Limited Time Flash Sale,Beauty/Cosmetics,Yes
22,Male,Employed,"₹5,000 - ₹15,000",Physical In-Store,3,Stressed,Attractive Packaging,Clothing,No
18,Female,Employed,"₹5,000 - ₹15,000",Social Media Stores,6,Stressed,Attractive Packaging,Electronics,Yes
32,Female,Student,"Under ₹2,000",Quick Commerce,4,Happy,Limited Time Flash Sale,Food/Snacks,Yes
18,Male,Self-employed,"₹5,000 - ₹15,000",Social Media Stores,7,Stressed,Free Shipping Threshold,Gaming/Digital,Yes
25,Male,Employed,"₹5,000 - ₹15,000",E-commerce Website,9,Stressed,Free Shipping Threshold,Beauty/Cosmetics,No
35,Female,Self-employed,"₹5,000 - ₹15,000",E-commerce Website,9,Neutral,Free Shipping Threshold,Beauty/Cosmetics,No
29,Female,Employed,"₹2,000 - ₹5,000",E-commerce Website,2,Neutral,Heavy Discount,Food/Snacks,Yes
43,Female,Student,"₹5,000 - ₹15,000",E-commerce Website,1,Happy,Social Media Ad,Electronics,No
36,Female,Employed,"₹2,000 - ₹5,000",Physical In-Store,2,Neutral,Attractive Packaging,Electronics,No
22,Female,Employed,"₹2,000 - ₹5,000",Physical In-Store,8,Neutral,Attractive Packaging,Gaming/Digital,No
28,Male,Employed,"₹2,000 - ₹5,000",Social Media Stores,9,Happy,Heavy Discount,Food/Snacks,No
27,Male,Self-employed,"₹2,000 - ₹5,000",Physical In-Store,2,Sad,Limited Time Flash Sale,Gaming/Digital,No
18,Other,Employed,"₹2,000 - ₹5,000",Quick Commerce,9,Bored,Heavy Discount,Food/Snacks,Yes
20,Male,Employed,"₹5,000 - ₹15,000",E-commerce Website,7,Happy,Limited Time Flash Sale,Electronics,No
23,Male,Unemployed,"Above ₹15,000",Social Media Stores,3,Bored,Free Shipping Threshold,Gaming/Digital,No
18,Female,Student,"₹5,000 - ₹15,000",E-commerce Website,8,Neutral,Attractive Packaging,Food/Snacks,No
28,Female,Self-employed,"₹2,000 - ₹5,000",Quick Commerce,9,Sad,Limited Time Flash Sale,Gaming/Digital,No
26,Male,Employed,"₹5,000 - ₹15,000",Physical In-Store,4,Happy,Heavy Discount,Clothing,Yes
18,Male,Employed,"₹5,000 - ₹15,000",Physical In-Store,3,Neutral,Social Media Ad,Gaming/Digital,No
31,Female,Student,"₹2,000 - ₹5,000",Physical In-Store,7,Sad,Limited Time Flash Sale,Food/Snacks,No
33,Male,Employed,"₹5,000 - ₹15,000",E-commerce Website,5,Stressed,Attractive Packaging,Clothing,No
29,Female,Student,"₹5,000 - ₹15,000",E-commerce Website,4,Neutral,Attractive Packaging,Electronics,No
25,Male,Unemployed,"₹2,000 - ₹5,000",Social Media Stores,2,Neutral,Attractive Packaging,Clothing,Yes
32,Female,Self-employed,"₹2,000 - ₹5,000",E-commerce Website,5,Neutral,Social Media Ad,Electronics,No
33,Female,Student,"Under ₹2,000",Social Media Stores,3,Bored,Social Media Ad,Beauty/Cosmetics,No
30,Female,Unemployed,"Above ₹15,000",Social Media Stores,4,Happy,Free Shipping Threshold,Gaming/Digital,Yes
21,Male,Employed,"Under ₹2,000",Quick Commerce,9,Neutral,Free Shipping Threshold,Beauty/Cosmetics,No
30,Female,Self-employed,"Under ₹2,000",E-commerce Website,5,Neutral,Social Media Ad,Gaming/Digital,No
37,Male,Student,"₹2,000 - ₹5,000",E-commerce Website,5,Bored,Free Shipping Threshold,Electronics,No
23,Male,Employed,"Above ₹15,000",E-commerce Website,8,Neutral,Attractive Packaging,Electronics,No
44,Female,Employed,"₹2,000 - ₹5,000",E-commerce Website,9,Happy,Heavy Discount,Electronics,No
23,Female,Student,"₹5,000 - ₹15,000",E-commerce Website,4,Neutral,Social Media Ad,Gaming/Digital,No
28,Female,Employed,"₹5,000 - ₹15,000",E-commerce Website,6,Neutral,Free Shipping Threshold,Clothing,Yes
22,Male,Employed,"₹5,000 - ₹15,000",E-commerce Website,6,Happy,Limited Time Flash Sale,Food/Snacks,No
29,Male,Student,"₹5,000 - ₹15,000",Social Media Stores,4,Neutral,Social Media Ad,Food/Snacks,No
18,Other,Employed,"Under ₹2,000",E-commerce Website,9,Stressed,Heavy Discount,Clothing,No
23,Female,Unemployed,"Above ₹15,000",E-commerce Website,4,Stressed,Social Media Ad,Electronics,No
19,Female,Student,"₹5,000 - ₹15,000",E-commerce Website,2,Neutral,Free Shipping Threshold,Beauty/Cosmetics,No
29,Female,Student,"Above ₹15,000",E-commerce Website,4,Stressed,Social Media Ad,Beauty/Cosmetics,Yes
35,Male,Employed,"₹5,000 - ₹15,000",Social Media Stores,2,Neutral,Limited Time Flash Sale,Clothing,No
33,Female,Employed,"Above ₹15,000",Social Media Stores,3,Neutral,Limited Time Flash Sale,Clothing,No
18,Male,Employed,"₹2,000 - ₹5,000",Quick Commerce,0,Sad,Limited Time Flash Sale,Gaming/Digital,Yes
44,Female,Employed,"₹2,000 - ₹5,000",Social Media Stores,8,Stressed,Attractive Packaging,Gaming/Digital,No
30,Female,Student,"₹2,000 - ₹5,000",E-commerce Website,12,Happy,Attractive Packaging,Beauty/Cosmetics,Yes
21,Female,Employed,"Under ₹2,000",E-commerce Website,3,Happy,Heavy Discount,Electronics,No
29,Female,Employed,"₹5,000 - ₹15,000",Quick Commerce,2,Bored,Limited Time Flash Sale,Electronics,Yes
29,Male,Self-employed,"Under ₹2,000",Social Media Stores,5,Stressed,Free Shipping Threshold,Beauty/Cosmetics,No
22,Female,Employed,"Under ₹2,000",Social Media Stores,0,Bored,Attractive Packaging,Beauty/Cosmetics,No
29,Male,Student,"₹5,000 - ₹15,000",Social Media Stores,4,Stressed,Free Shipping Threshold,Gaming/Digital,Yes
23,Male,Employed,"Above ₹15,000",E-commerce Website,4,Neutral,Attractive Packaging,Beauty/Cosmetics,No
24,Male,Student,"₹5,000 - ₹15,000",Quick Commerce,5,Bored,Free Shipping Threshold,Gaming/Digital,No
22,Female,Employed,"₹5,000 - ₹15,000",E-commerce Website,5,Happy,Attractive Packaging,Beauty/Cosmetics,Yes
18,Male,Student,"₹5,000 - ₹15,000",E-commerce Website,8,Stressed,Social Media Ad,Electronics,Yes
29,Female,Student,"Above ₹15,000",E-commerce Website,4,Sad,Attractive Packaging,Clothing,Yes
32,Female,Employed,"₹2,000 - ₹5,000",E-commerce Website,5,Neutral,Free Shipping Threshold,Clothing,Yes
32,Female,Employed,"Above ₹15,000",E-commerce Website,7,Happy,Attractive Packaging,Electronics,No
34,Male,Employed,"Under ₹2,000",E-commerce Website,4,Happy,Free Shipping Threshold,Electronics,No
30,Male,Employed,"₹5,000 - ₹15,000",E-commerce Website,9,Bored,Heavy Discount,Electronics,Yes
23,Female,Employed,"₹5,000 - ₹15,000",E-commerce Website,6,Neutral,Attractive Packaging,Clothing,No
34,Female,Employed,"₹5,000 - ₹15,000",E-commerce Website,4,Stressed,Attractive Packaging,Gaming/Digital,No
18,Male,Employed,"₹5,000 - ₹15,000",Social Media Stores,5,Bored,Limited Time Flash Sale,Food/Snacks,Yes
20,Female,Employed,"₹5,000 - ₹15,000",Social Media Stores,7,Happy,Attractive Packaging,Gaming/Digital,No
20,Female,Employed,"Above ₹15,000",E-commerce Website,7,Neutral,Limited Time Flash Sale,Electronics,Yes
36,Female,Employed,"Under ₹2,000",Social Media Stores,9,Happy,Heavy Discount,Clothing,No
35,Other,Employed,"Under ₹2,000",E-commerce Website,5,Happy,Heavy Discount,Electronics,No
31,Female,Employed,"Under ₹2,000",Physical In-Store,6,Bored,Limited Time Flash Sale,Food/Snacks,Yes
36,Female,Employed,"Under ₹2,000",E-commerce Website,4,Neutral,Limited Time Flash Sale,Clothing,Yes
20,Male,Self-employed,"₹2,000 - ₹5,000",Physical In-Store,5,Stressed,Heavy Discount,Food/Snacks,Yes
30,Female,Employed,"₹5,000 - ₹15,000",Social Media Stores,7,Bored,Attractive Packaging,Beauty/Cosmetics,No
26,Female,Employed,"₹2,000 - ₹5,000",E-commerce Website,3,Bored,Attractive Packaging,Gaming/Digital,Yes
34,Male,Employed,"₹5,000 - ₹15,000",E-commerce Website,0,Sad,Free Shipping Threshold,Clothing,No
27,Female,Student,"₹2,000 - ₹5,000",E-commerce Website,4,Stressed,Attractive Packaging,Gaming/Digital,No
24,Male,Employed,"₹5,000 - ₹15,000",Quick Commerce,2,Bored,Free Shipping Threshold,Electronics,Yes
32,Male,Employed,"Under ₹2,000",E-commerce Website,3,Bored,Limited Time Flash Sale,Beauty/Cosmetics,Yes
35,Male,Student,"₹5,000 - ₹15,000",Quick Commerce,4,Stressed,Limited Time Flash Sale,Food/Snacks,Yes
22,Female,Employed,"₹5,000 - ₹15,000",Quick Commerce,4,Neutral,Social Media Ad,Clothing,Yes
27,Female,Employed,"₹2,000 - ₹5,000",Social Media Stores,3,Bored,Attractive Packaging,Beauty/Cosmetics,Yes
19,Female,Unemployed,"₹2,000 - ₹5,000",Quick Commerce,4,Bored,Free Shipping Threshold,Clothing,Yes
18,Female,Self-employed,"₹2,000 - ₹5,000",E-commerce Website,5,Happy,Heavy Discount,Clothing,No
29,Male,Student,"₹5,000 - ₹15,000",E-commerce Website,5,Happy,Limited Time Flash Sale,Beauty/Cosmetics,Yes
32,Female,Employed,"₹5,000 - ₹15,000",Quick Commerce,3,Happy,Attractive Packaging,Beauty/Cosmetics,No
30,Female,Student,"₹5,000 - ₹15,000",E-commerce Website,5,Happy,Attractive Packaging,Gaming/Digital,Yes
18,Female,Student,"₹2,000 - ₹5,000",Physical In-Store,3,Neutral,Social Media Ad,Gaming/Digital,No
25,Female,Employed,"Under ₹2,000",E-commerce Website,2,Stressed,Attractive Packaging,Electronics,No
18,Male,Student,"Under ₹2,000",Social Media Stores,6,Bored,Limited Time Flash Sale,Beauty/Cosmetics,Yes
38,Female,Student,"Under ₹2,000",E-commerce Website,5,Bored,Social Media Ad,Food/Snacks,Yes
19,Other,Self-employed,"Under ₹2,000",E-commerce Website,9,Stressed,Limited Time Flash Sale,Food/Snacks,Yes
38,Male,Self-employed,"Under ₹2,000",Quick Commerce,4,Neutral,Social Media Ad,Electronics,No
35,Female,Employed,"₹5,000 - ₹15,000",E-commerce Website,8,Sad,Attractive Packaging,Food/Snacks,No
20,Other,Self-employed,"₹2,000 - ₹5,000",E-commerce Website,7,Happy,Free Shipping Threshold,Electronics,Yes
18,Male,Employed,"₹2,000 - ₹5,000",E-commerce Website,8,Sad,Heavy Discount,Gaming/Digital,Yes
30,Female,Student,"₹5,000 - ₹15,000",E-commerce Website,3,Bored,Social Media Ad,Food/Snacks,Yes
21,Female,Employed,"₹5,000 - ₹15,000",E-commerce Website,5,Stressed,Free Shipping Threshold,Clothing,No
28,Female,Employed,"₹5,000 - ₹15,000",E-commerce Website,7,Neutral,Free Shipping Threshold,Food/Snacks,No
24,Male,Employed,"₹2,000 - ₹5,000",Social Media Stores,6,Bored,Attractive Packaging,Food/Snacks,Yes
18,Male,Self-employed,"₹5,000 - ₹15,000",Social Media Stores,5,Stressed,Limited Time Flash Sale,Electronics,No
18,Male,Employed,"Above ₹15,000",E-commerce Website,5,Neutral,Social Media Ad,Gaming/Digital,Yes
29,Female,Student,"₹2,000 - ₹5,000",Quick Commerce,2,Happy,Heavy Discount,Food/Snacks,Yes
23,Female,Student,"Under ₹2,000",E-commerce Website,6,Sad,Free Shipping Threshold,Gaming/Digital,No
23,Female,Student,"Above ₹15,000",E-commerce Website,7,Stressed,Attractive Packaging,Food/Snacks,No
33,Male,Self-employed,"Above ₹15,000",Quick Commerce,1,Bored,Limited Time Flash Sale,Electronics,Yes
37,Male,Employed,"Under ₹2,000",E-commerce Website,6,Sad,Attractive Packaging,Gaming/Digital,No
25,Female,Employed,"Under ₹2,000",Social Media Stores,2,Stressed,Free Shipping Threshold,Electronics,Yes
25,Female,Employed,"₹5,000 - ₹15,000",Physical In-Store,5,Bored,Attractive Packaging,Gaming/Digital,Yes
32,Female,Employed,"₹2,000 - ₹5,000",Physical In-Store,5,Neutral,Heavy Discount,Electronics,No
18,Female,Employed,"Above ₹15,000",Social Media Stores,8,Stressed,Attractive Packaging,Food/Snacks,Yes
29,Female,Employed,"₹2,000 - ₹5,000",E-commerce Website,3,Stressed,Free Shipping Threshold,Beauty/Cosmetics,Yes
32,Female,Self-employed,"Above ₹15,000",Physical In-Store,5,Bored,Heavy Discount,Electronics,Yes
33,Female,Unemployed,"Under ₹2,000",E-commerce Website,6,Stressed,Attractive Packaging,Food/Snacks,No
18,Male,Unemployed,"₹2,000 - ₹5,000",E-commerce Website,6,Happy,Heavy Discount,Gaming/Digital,No
21,Female,Employed,"Above ₹15,000",Quick Commerce,3,Bored,Social Media Ad,Electronics,Yes
20,Female,Self-employed,"₹2,000 - ₹5,000",Quick Commerce,5,Stressed,Heavy Discount,Clothing,Yes
28,Male,Employed,"Under ₹2,000",Social Media Stores,7,Bored,Heavy Discount,Beauty/Cosmetics,Yes
31,Male,Self-employed,"Above ₹15,000",E-commerce Website,4,Bored,Heavy Discount,Food/Snacks,Yes
39,Male,Self-employed,"Under ₹2,000",E-commerce Website,7,Neutral,Attractive Packaging,Clothing,Yes
24,Female,Self-employed,"Under ₹2,000",Social Media Stores,4,Happy,Attractive Packaging,Electronics,No
24,Male,Self-employed,"₹2,000 - ₹5,000",Physical In-Store,7,Happy,Limited Time Flash Sale,Beauty/Cosmetics,Yes
37,Male,Employed,"₹5,000 - ₹15,000",E-commerce Website,5,Happy,Heavy Discount,Food/Snacks,No
30,Female,Student,"₹5,000 - ₹15,000",Quick Commerce,7,Happy,Heavy Discount,Food/Snacks,Yes
38,Male,Employed,"Above ₹15,000",E-commerce Website,5,Bored,Social Media Ad,Electronics,Yes
30,Female,Employed,"₹5,000 - ₹15,000",Social Media Stores,2,Bored,Free Shipping Threshold,Gaming/Digital,Yes
18,Female,Student,"₹2,000 - ₹5,000",Physical In-Store,2,Stressed,Attractive Packaging,Gaming/Digital,No
18,Female,Employed,"₹2,000 - ₹5,000",Social Media Stores,3,Neutral,Limited Time Flash Sale,Clothing,No
18,Male,Employed,"₹5,000 - ₹15,000",E-commerce Website,2,Happy,Social Media Ad,Beauty/Cosmetics,Yes
33,Male,Employed,"₹5,000 - ₹15,000",Quick Commerce,2,Neutral,Limited Time Flash Sale,Food/Snacks,Yes
37,Male,Self-employed,"Above ₹15,000",E-commerce Website,6,Bored,Social Media Ad,Electronics,No
42,Female,Employed,"Above ₹15,000",Quick Commerce,4,Stressed,Attractive Packaging,Beauty/Cosmetics,Yes
34,Female,Employed,"₹2,000 - ₹5,000",E-commerce Website,6,Happy,Free Shipping Threshold,Clothing,No
37,Male,Employed,"₹5,000 - ₹15,000",Social Media Stores,5,Bored,Heavy Discount,Food/Snacks,Yes
23,Female,Self-employed,"₹5,000 - ₹15,000",Quick Commerce,6,Bored,Attractive Packaging,Clothing,No
18,Male,Student,"Under ₹2,000",Physical In-Store,4,Bored,Social Media Ad,Gaming/Digital,Yes
34,Other,Student,"Under ₹2,000",E-commerce Website,6,Happy,Attractive Packaging,Electronics,No
31,Other,Self-employed,"Above ₹15,000",Quick Commerce,8,Neutral,Limited Time Flash Sale,Gaming/Digital,Yes
28,Female,Employed,"₹5,000 - ₹15,000",E-commerce Website,10,Bored,Attractive Packaging,Clothing,No
31,Female,Employed,"₹5,000 - ₹15,000",Social Media Stores,1,Bored,Free Shipping Threshold,Beauty/Cosmetics,No
30,Female,Employed,"₹5,000 - ₹15,000",E-commerce Website,4,Sad,Social Media Ad,Gaming/Digital,No
38,Female,Employed,"₹5,000 - ₹15,000",Social Media Stores,7,Stressed,Attractive Packaging,Gaming/Digital,Yes
38,Female,Employed,"Under ₹2,000",Physical In-Store,8,Neutral,Social Media Ad,Beauty/Cosmetics,No
32,Other,Student,"₹5,000 - ₹15,000",Social Media Stores,2,Happy,Heavy Discount,Clothing,No
34,Female,Employed,"₹2,000 - ₹5,000",E-commerce Website,8,Bored,Free Shipping Threshold,Clothing,Yes
32,Female,Employed,"Above ₹15,000",E-commerce Website,5,Bored,Social Media Ad,Food/Snacks,Yes
24,Female,Employed,"₹5,000 - ₹15,000",E-commerce Website,5,Stressed,Heavy Discount,Beauty/Cosmetics,Yes
34,Female,Employed,"Above ₹15,000",Social Media Stores,7,Stressed,Free Shipping Threshold,Clothing,Yes
18,Female,Unemployed,"₹2,000 - ₹5,000",E-commerce Website,5,Happy,Limited Time Flash Sale,Beauty/Cosmetics,Yes
36,Male,Employed,"Above ₹15,000",E-commerce Website,3,Stressed,Social Media Ad,Electronics,No
18,Male,Self-employed,"Above ₹15,000",Social Media Stores,6,Happy,Social Media Ad,Food/Snacks,No
30,Male,Employed,"₹5,000 - ₹15,000",E-commerce Website,4,Neutral,Free Shipping Threshold,Beauty/Cosmetics,No
21,Female,Employed,"₹2,000 - ₹5,000",Quick Commerce,2,Neutral,Heavy Discount,Gaming/Digital,No
32,Female,Student,"₹2,000 - ₹5,000",Social Media Stores,2,Happy,Limited Time Flash Sale,Electronics,Yes
27,Other,Student,"₹5,000 - ₹15,000",E-commerce Website,4,Happy,Social Media Ad,Clothing,No
18,Female,Employed,"₹5,000 - ₹15,000",E-commerce Website,9,Neutral,Attractive Packaging,Food/Snacks,No
31,Female,Employed,"₹2,000 - ₹5,000",Social Media Stores,6,Neutral,Limited Time Flash Sale,Clothing,Yes
23,Male,Employed,"₹5,000 - ₹15,000",Physical In-Store,3,Bored,Attractive Packaging,Beauty/Cosmetics,Yes
35,Female,Employed,"₹5,000 - ₹15,000",Quick Commerce,7,Happy,Free Shipping Threshold,Gaming/Digital,Yes
28,Female,Self-employed,"Under ₹2,000",E-commerce Website,5,Stressed,Social Media Ad,Beauty/Cosmetics,No
31,Female,Unemployed,"Under ₹2,000",E-commerce Website,1,Bored,Heavy Discount,Beauty/Cosmetics,Yes
20,Male,Student,"Under ₹2,000",E-commerce Website,5,Neutral,Social Media Ad,Food/Snacks,No
23,Female,Employed,"₹2,000 - ₹5,000",Quick Commerce,3,Bored,Attractive Packaging,Gaming/Digital,Yes
24,Female,Employed,"₹2,000 - ₹5,000",Social Media Stores,3,Bored,Limited Time Flash Sale,Gaming/Digital,Yes
34,Female,Employed,"₹5,000 - ₹15,000",E-commerce Website,6,Happy,Free Shipping Threshold,Electronics,Yes
41,Female,Student,"₹2,000 - ₹5,000",Quick Commerce,4,Happy,Heavy Discount,Clothing,Yes
21,Female,Self-employed,"Under ₹2,000",E-commerce Website,5,Bored,Attractive Packaging,Electronics,No
36,Other,Unemployed,"₹2,000 - ₹5,000",Social Media Stores,8,Neutral,Heavy Discount,Gaming/Digital,No
18,Female,Employed,"Above ₹15,000",Social Media Stores,5,Bored,Limited Time Flash Sale,Beauty/Cosmetics,No
18,Other,Employed,"₹2,000 - ₹5,000",Quick Commerce,7,Sad,Free Shipping Threshold,Electronics,Yes
20,Female,Employed,"Above ₹15,000",E-commerce Website,4,Stressed,Free Shipping Threshold,Clothing,Yes
18,Male,Employed,"Under ₹2,000",E-commerce Website,7,Stressed,Free Shipping Threshold,Beauty/Cosmetics,Yes
18,Male,Employed,"Under ₹2,000",Social Media Stores,7,Bored,Social Media Ad,Gaming/Digital,No
31,Male,Employed,"₹5,000 - ₹15,000",E-commerce Website,6,Bored,Attractive Packaging,Gaming/Digital,No
26,Male,Student,"₹5,000 - ₹15,000",Physical In-Store,7,Happy,Heavy Discount,Food/Snacks,Yes
31,Male,Self-employed,"₹5,000 - ₹15,000",Social Media Stores,6,Bored,Limited Time Flash Sale,Gaming/Digital,Yes
33,Male,Employed,"Above ₹15,000",Social Media Stores,5,Neutral,Social Media Ad,Clothing,Yes
30,Female,Employed,"₹2,000 - ₹5,000",E-commerce Website,6,Bored,Attractive Packaging,Clothing,Yes
33,Male,Self-employed,"₹5,000 - ₹15,000",E-commerce Website,7,Stressed,Free Shipping Threshold,Electronics,Yes
27,Male,Student,"₹5,000 - ₹15,000",E-commerce Website,3,Bored,Heavy Discount,Clothing,No
18,Female,Student,"Above ₹15,000",Social Media Stores,4,Happy,Free Shipping Threshold,Beauty/Cosmetics,Yes
36,Female,Self-employed,"₹2,000 - ₹5,000",Social Media Stores,6,Happy,Social Media Ad,Beauty/Cosmetics,No
23,Other,Unemployed,"Under ₹2,000",Quick Commerce,3,Bored,Attractive Packaging,Food/Snacks,Yes
20,Female,Employed,"₹5,000 - ₹15,000",Social Media Stores,6,Neutral,Heavy Discount,Beauty/Cosmetics,No
26,Female,Student,"Above ₹15,000",Social Media Stores,6,Stressed,Attractive Packaging,Electronics,Yes
20,Male,Employed,"Under ₹2,000",E-commerce Website,7,Stressed,Limited Time Flash Sale,Electronics,Yes
24,Male,Student,"₹2,000 - ₹5,000",E-commerce Website,3,Bored,Free Shipping Threshold,Clothing,Yes
30,Male,Employed,"₹2,000 - ₹5,000",Social Media Stores,3,Neutral,Limited Time Flash Sale,Gaming/Digital,No
30,Male,Student,"₹5,000 - ₹15,000",Physical In-Store,4,Stressed,Attractive Packaging,Beauty/Cosmetics,No
20,Other,Self-employed,"₹2,000 - ₹5,000",Quick Commerce,7,Stressed,Social Media Ad,Electronics,Yes
24,Male,Employed,"₹2,000 - ₹5,000",Quick Commerce,5,Sad,Heavy Discount,Beauty/Cosmetics,Yes
36,Male,Self-employed,"₹5,000 - ₹15,000",E-commerce Website,8,Stressed,Heavy Discount,Beauty/Cosmetics,Yes
31,Male,Student,"Under ₹2,000",E-commerce Website,4,Happy,Social Media Ad,Clothing,No
44,Female,Employed,"Under ₹2,000",E-commerce Website,5,Neutral,Attractive Packaging,Clothing,No
37,Male,Self-employed,"₹2,000 - ₹5,000",Social Media Stores,4,Happy,Attractive Packaging,Electronics,Yes
37,Female,Student,"₹2,000 - ₹5,000",Social Media Stores,8,Happy,Heavy Discount,Electronics,No
18,Male,Employed,"₹2,000 - ₹5,000",Physical In-Store,2,Neutral,Attractive Packaging,Gaming/Digital,Yes
34,Male,Employed,"Under ₹2,000",Quick Commerce,8,Bored,Heavy Discount,Clothing,No
27,Male,Employed,"₹2,000 - ₹5,000",Social Media Stores,1,Stressed,Heavy Discount,Electronics,Yes
23,Female,Student,"₹5,000 - ₹15,000",Physical In-Store,5,Sad,Limited Time Flash Sale,Food/Snacks,No
29,Male,Employed,"₹2,000 - ₹5,000",E-commerce Website,5,Neutral,Heavy Discount,Clothing,No
35,Female,Employed,"₹5,000 - ₹15,000",E-commerce Website,2,Happy,Heavy Discount,Clothing,No
32,Female,Employed,"Under ₹2,000",E-commerce Website,6,Happy,Social Media Ad,Electronics,No
20,Female,Student,"Under ₹2,000",E-commerce Website,9,Happy,Free Shipping Threshold,Electronics,Yes
33,Male,Employed,"Above ₹15,000",Physical In-Store,3,Happy,Limited Time Flash Sale,Beauty/Cosmetics,Yes
22,Male,Employed,"₹2,000 - ₹5,000",Quick Commerce,6,Happy,Attractive Packaging,Electronics,No
29,Male,Student,"₹2,000 - ₹5,000",Physical In-Store,3,Neutral,Attractive Packaging,Clothing,Yes
25,Female,Employed,"Above ₹15,000",E-commerce Website,4,Neutral,Attractive Packaging,Electronics,Yes
26,Female,Self-employed,"₹5,000 - ₹15,000",E-commerce Website,5,Stressed,Limited Time Flash Sale,Food/Snacks,Yes
34,Female,Student,"₹5,000 - ₹15,000",Social Media Stores,1,Bored,Limited Time Flash Sale,Clothing,Yes
19,Female,Employed,"₹5,000 - ₹15,000",Social Media Stores,5,Sad,Free Shipping Threshold,Food/Snacks,No
43,Female,Employed,"Under ₹2,000",Quick Commerce,6,Sad,Social Media Ad,Gaming/Digital,No
18,Female,Student,"Above ₹15,000",Social Media Stores,1,Neutral,Free Shipping Threshold,Beauty/Cosmetics,No
23,Male,Student,"Above ₹15,000",E-commerce Website,1,Bored,Social Media Ad,Electronics,Yes
30,Female,Employed,"₹2,000 - ₹5,000",E-commerce Website,2,Happy,Social Media Ad,Food/Snacks,No
32,Male,Employed,"₹5,000 - ₹15,000",Social Media Stores,10,Happy,Free Shipping Threshold,Electronics,No
27,Female,Student,"₹2,000 - ₹5,000",E-commerce Website,4,Bored,Social Media Ad,Gaming/Digital,No
27,Male,Self-employed,"₹5,000 - ₹15,000",Social Media Stores,6,Neutral,Social Media Ad,Clothing,No
31,Male,Employed,"Under ₹2,000",E-commerce Website,7,Happy,Social Media Ad,Clothing,No
26,Female,Employed,"₹5,000 - ₹15,000",Quick Commerce,3,Happy,Attractive Packaging,Gaming/Digital,Yes
39,Female,Employed,"Under ₹2,000",E-commerce Website,6,Bored,Limited Time Flash Sale,Beauty/Cosmetics,Yes
34,Male,Unemployed,"₹5,000 - ₹15,000",E-commerce Website,3,Happy,Social Media Ad,Electronics,No
34,Male,Student,"₹2,000 - ₹5,000",E-commerce Website,8,Neutral,Social Media Ad,Food/Snacks,No
20,Female,Employed,"₹2,000 - ₹5,000",Social Media Stores,11,Stressed,Heavy Discount,Beauty/Cosmetics,Yes
27,Female,Employed,"₹5,000 - ₹15,000",E-commerce Website,4,Neutral,Limited Time Flash Sale,Clothing,No
25,Female,Student,"Above ₹15,000",E-commerce Website,2,Neutral,Limited Time Flash Sale,Food/Snacks,Yes
19,Other,Student,"Under ₹2,000",E-commerce Website,7,Neutral,Free Shipping Threshold,Gaming/Digital,No
30,Male,Student,"Above ₹15,000",E-commerce Website,4,Happy,Social Media Ad,Beauty/Cosmetics,No
23,Female,Employed,"₹2,000 - ₹5,000",E-commerce Website,2,Stressed,Limited Time Flash Sale,Electronics,No
33,Female,Student,"₹5,000 - ₹15,000",Physical In-Store,5,Stressed,Heavy Discount,Food/Snacks,No
19,Female,Self-employed,"₹5,000 - ₹15,000",Quick Commerce,5,Happy,Limited Time Flash Sale,Food/Snacks,Yes
41,Male,Unemployed,"Above ₹15,000",Social Media Stores,5,Neutral,Social Media Ad,Clothing,Yes
20,Female,Student,"₹5,000 - ₹15,000",E-commerce Website,2,Sad,Free Shipping Threshold,Gaming/Digital,No
29,Female,Employed,"₹5,000 - ₹15,000",Physical In-Store,7,Stressed,Free Shipping Threshold,Clothing,No
34,Female,Student,"₹2,000 - ₹5,000",E-commerce Website,5,Stressed,Attractive Packaging,Electronics,No
23,Female,Student,"Above ₹15,000",E-commerce Website,8,Happy,Free Shipping Threshold,Beauty/Cosmetics,Yes
34,Female,Employed,"₹5,000 - ₹15,000",Social Media Stores,5,Bored,Heavy Discount,Gaming/Digital,No
18,Female,Employed,"₹2,000 - ₹5,000",E-commerce Website,7,Stressed,Free Shipping Threshold,Beauty/Cosmetics,No
39,Male,Self-employed,"Under ₹2,000",Quick Commerce,3,Stressed,Attractive Packaging,Electronics,Yes
28,Male,Employed,"₹5,000 - ₹15,000",Physical In-Store,4,Neutral,Limited Time Flash Sale,Food/Snacks,Yes
23,Female,Employed,"Above ₹15,000",E-commerce Website,6,Sad,Attractive Packaging,Gaming/Digital,No
25,Other,Student,"₹2,000 - ₹5,000",Quick Commerce,5,Bored,Limited Time Flash Sale,Gaming/Digital,Yes
34,Male,Student,"Above ₹15,000",Physical In-Store,4,Happy,Attractive Packaging,Gaming/Digital,No
23,Female,Self-employed,"Under ₹2,000",E-commerce Website,3,Neutral,Heavy Discount,Gaming/Digital,No
22,Male,Student,"Above ₹15,000",E-commerce Website,5,Bored,Free Shipping Threshold,Gaming/Digital,Yes
26,Male,Unemployed,"₹5,000 - ₹15,000",E-commerce Website,6,Happy,Heavy Discount,Gaming/Digital,Yes
18,Female,Student,"₹2,000 - ₹5,000",E-commerce Website,3,Neutral,Heavy Discount,Clothing,No
42,Female,Employed,"₹2,000 - ₹5,000",Quick Commerce,6,Bored,Free Shipping Threshold,Food/Snacks,Yes
23,Male,Unemployed,"₹5,000 - ₹15,000",Quick Commerce,6,Neutral,Heavy Discount,Clothing,Yes
34,Female,Student,"₹5,000 - ₹15,000",Quick Commerce,5,Happy,Social Media Ad,Food/Snacks,Yes
29,Female,Employed,"Above ₹15,000",E-commerce Website,4,Happy,Heavy Discount,Beauty/Cosmetics,No
20,Other,Employed,"₹5,000 - ₹15,000",Quick Commerce,3,Stressed,Attractive Packaging,Food/Snacks,Yes
27,Male,Student,"₹5,000 - ₹15,000",Social Media Stores,3,Neutral,Heavy Discount,Clothing,No
34,Female,Employed,"Above ₹15,000",E-commerce Website,4,Happy,Free Shipping Threshold,Electronics,No
26,Male,Student,"₹5,000 - ₹15,000",Physical In-Store,7,Neutral,Social Media Ad,Clothing,No
37,Male,Student,"₹5,000 - ₹15,000",Social Media Stores,6,Happy,Free Shipping Threshold,Electronics,No
36,Female,Student,"₹5,000 - ₹15,000",Social Media Stores,3,Happy,Limited Time Flash Sale,Electronics,No
35,Female,Self-employed,"Above ₹15,000",E-commerce Website,7,Happy,Free Shipping Threshold,Beauty/Cosmetics,Yes
24,Male,Student,"Under ₹2,000",E-commerce Website,6,Happy,Heavy Discount,Beauty/Cosmetics,Yes
19,Other,Student,"₹5,000 - ₹15,000",Quick Commerce,5,Sad,Limited Time Flash Sale,Clothing,Yes
23,Female,Employed,"₹2,000 - ₹5,000",E-commerce Website,3,Bored,Free Shipping Threshold,Electronics,No
29,Female,Employed,"₹2,000 - ₹5,000",E-commerce Website,6,Happy,Social Media Ad,Electronics,No
32,Female,Employed,"₹2,000 - ₹5,000",Quick Commerce,2,Stressed,Limited Time Flash Sale,Clothing,Yes
18,Male,Student,"₹5,000 - ₹15,000",E-commerce Website,6,Happy,Attractive Packaging,Beauty/Cosmetics,No
27,Female,Employed,"₹2,000 - ₹5,000",Quick Commerce,6,Stressed,Limited Time Flash Sale,Gaming/Digital,Yes
29,Male,Employed,"₹2,000 - ₹5,000",Social Media Stores,4,Bored,Limited Time Flash Sale,Beauty/Cosmetics,No
25,Female,Employed,"₹2,000 - ₹5,000",E-commerce Website,7,Bored,Heavy Discount,Food/Snacks,No
38,Male,Student,"₹2,000 - ₹5,000",Physical In-Store,6,Bored,Free Shipping Threshold,Beauty/Cosmetics,Yes
31,Male,Employed,"₹5,000 - ₹15,000",Physical In-Store,4,Stressed,Limited Time Flash Sale,Clothing,Yes
38,Female,Employed,"Under ₹2,000",E-commerce Website,4,Stressed,Limited Time Flash Sale,Food/Snacks,Yes
26,Male,Employed,"Under ₹2,000",Social Media Stores,5,Bored,Limited Time Flash Sale,Gaming/Digital,No
35,Male,Student,"₹5,000 - ₹15,000",E-commerce Website,4,Sad,Free Shipping Threshold,Food/Snacks,Yes
41,Female,Student,"Under ₹2,000",Social Media Stores,7,Sad,Social Media Ad,Food/Snacks,Yes
38,Female,Employed,"Under ₹2,000",Social Media Stores,6,Neutral,Free Shipping Threshold,Electronics,Yes
19,Female,Unemployed,"Above ₹15,000",E-commerce Website,3,Neutral,Social Media Ad,Gaming/Digital,No
25,Male,Student,"₹5,000 - ₹15,000",Quick Commerce,4,Neutral,Limited Time Flash Sale,Gaming/Digital,Yes
25,Male,Employed,"₹2,000 - ₹5,000",Social Media Stores,5,Neutral,Free Shipping Threshold,Clothing,No
31,Male,Student,"₹2,000 - ₹5,000",Quick Commerce,7,Neutral,Free Shipping Threshold,Food/Snacks,No
33,Female,Employed,"Above ₹15,000",E-commerce Website,4,Happy,Free Shipping Threshold,Food/Snacks,No
21,Female,Employed,"Under ₹2,000",Social Media Stores,5,Bored,Limited Time Flash Sale,Food/Snacks,Yes
28,Male,Self-employed,"₹5,000 - ₹15,000",E-commerce Website,7,Happy,Limited Time Flash Sale,Gaming/Digital,No
18,Male,Student,"₹5,000 - ₹15,000",Quick Commerce,8,Neutral,Social Media Ad,Clothing,No
39,Male,Employed,"₹5,000 - ₹15,000",E-commerce Website,10,Bored,Social Media Ad,Electronics,No
23,Male,Employed,"Above ₹15,000",E-commerce Website,4,Neutral,Free Shipping Threshold,Food/Snacks,Yes
28,Male,Self-employed,"₹2,000 - ₹5,000",E-commerce Website,5,Bored,Attractive Packaging,Food/Snacks,Yes
25,Female,Employed,"₹2,000 - ₹5,000",E-commerce Website,2,Bored,Heavy Discount,Clothing,Yes
37,Male,Student,"₹5,000 - ₹15,000",E-commerce Website,3,Sad,Limited Time Flash Sale,Beauty/Cosmetics,Yes
18,Female,Self-employed,"Above ₹15,000",E-commerce Website,6,Happy,Heavy Discount,Clothing,Yes
27,Female,Student,"Above ₹15,000",Quick Commerce,2,Neutral,Heavy Discount,Gaming/Digital,No
27,Male,Employed,"₹5,000 - ₹15,000",E-commerce Website,6,Sad,Heavy Discount,Beauty/Cosmetics,No
24,Female,Self-employed,"Above ₹15,000",E-commerce Website,4,Stressed,Social Media Ad,Electronics,Yes
41,Female,Student,"Under ₹2,000",Quick Commerce,3,Neutral,Limited Time Flash Sale,Food/Snacks,No
20,Male,Employed,"₹2,000 - ₹5,000",E-commerce Website,6,Neutral,Attractive Packaging,Gaming/Digital,No
34,Female,Self-employed,"Under ₹2,000",Quick Commerce,5,Neutral,Attractive Packaging,Food/Snacks,Yes
30,Male,Unemployed,"Under ₹2,000",E-commerce Website,8,Sad,Attractive Packaging,Beauty/Cosmetics,Yes
38,Female,Employed,"₹5,000 - ₹15,000",E-commerce Website,3,Neutral,Free Shipping Threshold,Electronics,No
22,Female,Student,"Above ₹15,000",Physical In-Store,5,Bored,Limited Time Flash Sale,Clothing,Yes
22,Female,Employed,"₹5,000 - ₹15,000",Quick Commerce,8,Happy,Social Media Ad,Food/Snacks,Yes
36,Female,Employed,"₹5,000 - ₹15,000",Quick Commerce,6,Stressed,Social Media Ad,Electronics,Yes
31,Female,Employed,"Under ₹2,000",Quick Commerce,7,Stressed,Free Shipping Threshold,Electronics,Yes
18,Female,Self-employed,"₹5,000 - ₹15,000",E-commerce Website,6,Neutral,Social Media Ad,Clothing,No
23,Female,Student,"₹2,000 - ₹5,000",Quick Commerce,4,Sad,Limited Time Flash Sale,Gaming/Digital,Yes
31,Male,Student,"₹5,000 - ₹15,000",Quick Commerce,9,Neutral,Free Shipping Threshold,Electronics,No
34,Female,Employed,"₹2,000 - ₹5,000",E-commerce Website,5,Neutral,Attractive Packaging,Beauty/Cosmetics,No
22,Male,Unemployed,"₹5,000 - ₹15,000",Social Media Stores,2,Stressed,Heavy Discount,Electronics,No
18,Male,Employed,"₹2,000 - ₹5,000",Quick Commerce,3,Neutral,Attractive Packaging,Food/Snacks,Yes
32,Female,Unemployed,"₹5,000 - ₹15,000",E-commerce Website,3,Bored,Heavy Discount,Clothing,Yes
18,Male,Self-employed,"Under ₹2,000",E-commerce Website,9,Bored,Limited Time Flash Sale,Electronics,Yes
18,Male,Self-employed,"₹2,000 - ₹5,000",Quick Commerce,6,Stressed,Limited Time Flash Sale,Electronics,Yes
18,Female,Self-employed,"₹2,000 - ₹5,000",E-commerce Website,3,Neutral,Limited Time Flash Sale,Electronics,No
34,Male,Self-employed,"₹5,000 - ₹15,000",Quick Commerce,5,Neutral,Social Media Ad,Clothing,No
29,Male,Self-employed,"₹5,000 - ₹15,000",E-commerce Website,6,Happy,Limited Time Flash Sale,Food/Snacks,Yes
26,Female,Employed,"Above ₹15,000",Physical In-Store,7,Neutral,Free Shipping Threshold,Gaming/Digital,Yes
39,Female,Student,"₹5,000 - ₹15,000",E-commerce Website,8,Happy,Social Media Ad,Food/Snacks,Yes
33,Female,Student,"₹2,000 - ₹5,000",Social Media Stores,3,Neutral,Social Media Ad,Food/Snacks,Yes
40,Female,Student,"₹5,000 - ₹15,000",Physical In-Store,6,Stressed,Social Media Ad,Electronics,No
18,Female,Student,"₹2,000 - ₹5,000",E-commerce Website,2,Neutral,Social Media Ad,Gaming/Digital,No
27,Female,Student,"Under ₹2,000",E-commerce Website,5,Bored,Attractive Packaging,Food/Snacks,No
18,Female,Self-employed,"₹5,000 - ₹15,000",Social Media Stores,8,Bored,Limited Time Flash Sale,Beauty/Cosmetics,No
26,Female,Employed,"Under ₹2,000",Quick Commerce,5,Bored,Attractive Packaging,Electronics,No
26,Female,Employed,"Under ₹2,000",Social Media Stores,2,Bored,Free Shipping Threshold,Electronics,No
33,Male,Employed,"₹5,000 - ₹15,000",Social Media Stores,3,Happy,Free Shipping Threshold,Electronics,No
28,Male,Employed,"₹5,000 - ₹15,000",E-commerce Website,6,Happy,Attractive Packaging,Electronics,No
32,Male,Student,"₹5,000 - ₹15,000",E-commerce Website,5,Neutral,Free Shipping Threshold,Clothing,Yes
33,Female,Self-employed,"₹2,000 - ₹5,000",E-commerce Website,9,Stressed,Attractive Packaging,Clothing,No
45,Male,Employed,"Above ₹15,000",Social Media Stores,5,Neutral,Social Media Ad,Beauty/Cosmetics,Yes
25,Female,Employed,"₹5,000 - ₹15,000",Quick Commerce,5,Neutral,Social Media Ad,Clothing,No
20,Female,Student,"₹5,000 - ₹15,000",Social Media Stores,5,Sad,Heavy Discount,Food/Snacks,Yes
29,Female,Employed,"₹5,000 - ₹15,000",Quick Commerce,9,Neutral,Social Media Ad,Clothing,Yes
21,Male,Self-employed,"₹5,000 - ₹15,000",Quick Commerce,5,Bored,Attractive Packaging,Electronics,Yes
39,Female,Student,"Under ₹2,000",E-commerce Website,5,Neutral,Free Shipping Threshold,Clothing,No
25,Male,Unemployed,"₹5,000 - ₹15,000",E-commerce Website,8,Bored,Attractive Packaging,Beauty/Cosmetics,No
23,Female,Student,"₹5,000 - ₹15,000",Quick Commerce,4,Bored,Social Media Ad,Beauty/Cosmetics,Yes
24,Female,Employed,"₹2,000 - ₹5,000",Quick Commerce,3,Stressed,Heavy Discount,Electronics,Yes
33,Male,Self-employed,"₹5,000 - ₹15,000",E-commerce Website,8,Sad,Attractive Packaging,Food/Snacks,Yes
26,Female,Self-employed,"₹5,000 - ₹15,000",Social Media Stores,5,Stressed,Attractive Packaging,Beauty/Cosmetics,No
22,Male,Student,"₹5,000 - ₹15,000",E-commerce Website,8,Stressed,Social Media Ad,Clothing,Yes
41,Other,Student,"₹2,000 - ₹5,000",E-commerce Website,6,Bored,Limited Time Flash Sale,Beauty/Cosmetics,Yes
21,Male,Employed,"Under ₹2,000",Quick Commerce,3,Bored,Social Media Ad,Food/Snacks,Yes
28,Male,Student,"₹2,000 - ₹5,000",Quick Commerce,3,Neutral,Social Media Ad,Food/Snacks,No
33,Male,Employed,"₹5,000 - ₹15,000",E-commerce Website,6,Stressed,Heavy Discount,Food/Snacks,Yes
18,Male,Employed,"₹2,000 - ₹5,000",Physical In-Store,5,Bored,Free Shipping Threshold,Beauty/Cosmetics,Yes
31,Female,Employed,"Under ₹2,000",Quick Commerce,5,Stressed,Limited Time Flash Sale,Gaming/Digital,Yes
19,Female,Student,"Above ₹15,000",E-commerce Website,4,Bored,Limited Time Flash Sale,Gaming/Digital,Yes
34,Female,Employed,"₹2,000 - ₹5,000",Physical In-Store,4,Bored,Free Shipping Threshold,Clothing,Yes
20,Male,Self-employed,"₹5,000 - ₹15,000",E-commerce Website,6,Happy,Free Shipping Threshold,Beauty/Cosmetics,No
33,Male,Employed,"Above ₹15,000",E-commerce Website,5,Bored,Social Media Ad,Gaming/Digital,Yes
36,Female,Employed,"₹5,000 - ₹15,000",Social Media Stores,2,Sad,Free Shipping Threshold,Clothing,No
34,Male,Employed,"₹5,000 - ₹15,000",E-commerce Website,6,Happy,Limited Time Flash Sale,Electronics,No
30,Female,Student,"Above ₹15,000",E-commerce Website,7,Bored,Heavy Discount,Electronics,Yes
26,Female,Student,"Above ₹15,000",Quick Commerce,6,Happy,Attractive Packaging,Beauty/Cosmetics,Yes
23,Male,Employed,"₹5,000 - ₹15,000",Quick Commerce,5,Happy,Free Shipping Threshold,Beauty/Cosmetics,Yes
39,Female,Student,"₹2,000 - ₹5,000",E-commerce Website,10,Happy,Free Shipping Threshold,Electronics,Yes
22,Female,Employed,"₹2,000 - ₹5,000",E-commerce Website,5,Stressed,Limited Time Flash Sale,Clothing,No
19,Female,Employed,"₹5,000 - ₹15,000",E-commerce Website,5,Bored,Social Media Ad,Electronics,Yes
33,Male,Employed,"Above ₹15,000",E-commerce Website,2,Stressed,Heavy Discount,Beauty/Cosmetics,Yes
21,Male,Student,"₹5,000 - ₹15,000",E-commerce Website,6,Sad,Limited Time Flash Sale,Beauty/Cosmetics,No
20,Male,Employed,"₹5,000 - ₹15,000",E-commerce Website,7,Bored,Heavy Discount,Clothing,No
18,Male,Employed,"₹2,000 - ₹5,000",Quick Commerce,7,Neutral,Free Shipping Threshold,Clothing,Yes
24,Male,Student,"₹2,000 - ₹5,000",Quick Commerce,6,Stressed,Attractive Packaging,Food/Snacks,Yes
27,Female,Student,"Under ₹2,000",Quick Commerce,3,Stressed,Heavy Discount,Beauty/Cosmetics,Yes
29,Female,Employed,"₹5,000 - ₹15,000",Social Media Stores,2,Stressed,Attractive Packaging,Food/Snacks,No
35,Female,Employed,"₹2,000 - ₹5,000",Social Media Stores,4,Neutral,Limited Time Flash Sale,Food/Snacks,Yes
32,Male,Student,"₹2,000 - ₹5,000",E-commerce Website,3,Neutral,Heavy Discount,Food/Snacks,Yes
26,Female,Student,"₹5,000 - ₹15,000",E-commerce Website,11,Neutral,Limited Time Flash Sale,Beauty/Cosmetics,Yes
26,Male,Student,"Under ₹2,000",Social Media Stores,4,Neutral,Free Shipping Threshold,Beauty/Cosmetics,No
32,Female,Unemployed,"Above ₹15,000",Social Media Stores,3,Stressed,Free Shipping Threshold,Beauty/Cosmetics,Yes
38,Other,Employed,"Under ₹2,000",Physical In-Store,5,Sad,Heavy Discount,Clothing,No
29,Female,Employed,"Above ₹15,000",E-commerce Website,4,Stressed,Attractive Packaging,Food/Snacks,Yes
24,Other,Self-employed,"₹2,000 - ₹5,000",Quick Commerce,2,Stressed,Limited Time Flash Sale,Beauty/Cosmetics,No
20,Female,Employed,"Under ₹2,000",E-commerce Website,2,Bored,Limited Time Flash Sale,Food/Snacks,Yes
18,Male,Employed,"₹5,000 - ₹15,000",E-commerce Website,2,Happy,Social Media Ad,Clothing,Yes
33,Male,Student,"Above ₹15,000",E-commerce Website,6,Neutral,Limited Time Flash Sale,Gaming/Digital,Yes
32,Male,Employed,"₹2,000 - ₹5,000",E-commerce Website,5,Sad,Heavy Discount,Clothing,No
32,Male,Student,"₹5,000 - ₹15,000",Physical In-Store,6,Stressed,Social Media Ad,Beauty/Cosmetics,No
26,Female,Employed,"Above ₹15,000",E-commerce Website,7,Sad,Limited Time Flash Sale,Electronics,Yes
39,Male,Student,"₹2,000 - ₹5,000",Social Media Stores,10,Happy,Limited Time Flash Sale,Beauty/Cosmetics,Yes
24,Female,Student,"₹5,000 - ₹15,000",E-commerce Website,7,Happy,Heavy Discount,Gaming/Digital,No
35,Male,Student,"₹2,000 - ₹5,000",Social Media Stores,6,Stressed,Limited Time Flash Sale,Clothing,Yes
27,Female,Employed,"₹2,000 - ₹5,000",E-commerce Website,3,Bored,Heavy Discount,Beauty/Cosmetics,Yes
23,Other,Self-employed,"₹2,000 - ₹5,000",Physical In-Store,8,Bored,Social Media Ad,Food/Snacks,Yes
32,Male,Employed,"₹2,000 - ₹5,000",Quick Commerce,5,Neutral,Limited Time Flash Sale,Beauty/Cosmetics,Yes
31,Female,Self-employed,"Under ₹2,000",Social Media Stores,1,Neutral,Social Media Ad,Electronics,No
30,Female,Employed,"₹2,000 - ₹5,000",Social Media Stores,5,Bored,Free Shipping Threshold,Gaming/Digital,No
28,Male,Employed,"₹2,000 - ₹5,000",Physical In-Store,12,Bored,Limited Time Flash Sale,Clothing,No
27,Female,Student,"₹5,000 - ₹15,000",E-commerce Website,5,Stressed,Social Media Ad,Beauty/Cosmetics,Yes
47,Male,Self-employed,"₹5,000 - ₹15,000",Quick Commerce,4,Happy,Attractive Packaging,Food/Snacks,Yes
37,Female,Student,"₹5,000 - ₹15,000",E-commerce Website,3,Bored,Attractive Packaging,Beauty/Cosmetics,Yes
33,Female,Employed,"₹2,000 - ₹5,000",Quick Commerce,6,Neutral,Heavy Discount,Beauty/Cosmetics,Yes
28,Female,Employed,"Above ₹15,000",E-commerce Website,5,Neutral,Attractive Packaging,Beauty/Cosmetics,No
36,Female,Employed,"₹2,000 - ₹5,000",Social Media Stores,5,Happy,Social Media Ad,Food/Snacks,No
32,Male,Student,"₹2,000 - ₹5,000",Social Media Stores,6,Neutral,Limited Time Flash Sale,Electronics,Yes
28,Female,Employed,"₹5,000 - ₹15,000",E-commerce Website,3,Happy,Heavy Discount,Food/Snacks,Yes
25,Female,Self-employed,"₹5,000 - ₹15,000",E-commerce Website,5,Bored,Heavy Discount,Food/Snacks,No
27,Female,Self-employed,"Under ₹2,000",Social Media Stores,5,Happy,Free Shipping Threshold,Beauty/Cosmetics,No
18,Female,Self-employed,"₹2,000 - ₹5,000",Quick Commerce,6,Happy,Heavy Discount,Gaming/Digital,No
29,Male,Employed,"₹5,000 - ₹15,000",Physical In-Store,5,Sad,Free Shipping Threshold,Electronics,No
24,Other,Employed,"₹5,000 - ₹15,000",E-commerce Website,4,Stressed,Attractive Packaging,Gaming/Digital,No
40,Male,Student,"₹2,000 - ₹5,000",E-commerce Website,5,Stressed,Attractive Packaging,Beauty/Cosmetics,Yes
28,Female,Self-employed,"Above ₹15,000",E-commerce Website,9,Neutral,Attractive Packaging,Food/Snacks,No
18,Male,Employed,"Under ₹2,000",E-commerce Website,5,Neutral,Heavy Discount,Electronics,Yes
27,Other,Employed,"₹5,000 - ₹15,000",Quick Commerce,5,Neutral,Social Media Ad,Beauty/Cosmetics,Yes
19,Female,Self-employed,"₹2,000 - ₹5,000",E-commerce Website,3,Stressed,Free Shipping Threshold,Gaming/Digital,No
31,Female,Employed,"Under ₹2,000",Quick Commerce,5,Sad,Free Shipping Threshold,Clothing,No
30,Male,Employed,"₹2,000 - ₹5,000",Quick Commerce,7,Neutral,Heavy Discount,Food/Snacks,No
35,Female,Student,"₹5,000 - ₹15,000",E-commerce Website,9,Neutral,Social Media Ad,Beauty/Cosmetics,Yes
21,Female,Employed,"Under ₹2,000",E-commerce Website,9,Bored,Heavy Discount,Clothing,Yes
28,Female,Self-employed,"₹5,000 - ₹15,000",Quick Commerce,9,Bored,Free Shipping Threshold,Food/Snacks,No
18,Male,Employed,"Above ₹15,000",E-commerce Website,3,Happy,Social Media Ad,Clothing,No
33,Female,Student,"₹5,000 - ₹15,000",Physical In-Store,4,Neutral,Attractive Packaging,Beauty/Cosmetics,No
32,Male,Student,"₹2,000 - ₹5,000",Quick Commerce,2,Happy,Attractive Packaging,Electronics,No
31,Female,Employed,"Under ₹2,000",E-commerce Website,7,Neutral,Attractive Packaging,Food/Snacks,Yes
28,Male,Employed,"₹2,000 - ₹5,000",E-commerce Website,6,Happy,Limited Time Flash Sale,Beauty/Cosmetics,Yes
31,Male,Student,"₹2,000 - ₹5,000",E-commerce Website,3,Neutral,Limited Time Flash Sale,Gaming/Digital,No
40,Male,Employed,"Above ₹15,000",Quick Commerce,7,Stressed,Attractive Packaging,Beauty/Cosmetics,Yes
25,Male,Employed,"Above ₹15,000",E-commerce Website,5,Neutral,Free Shipping Threshold,Gaming/Digital,No
29,Male,Employed,"₹2,000 - ₹5,000",E-commerce Website,4,Neutral,Social Media Ad,Beauty/Cosmetics,No
19,Female,Student,"Under ₹2,000",E-commerce Website,7,Bored,Free Shipping Threshold,Electronics,Yes
21,Female,Employed,"Above ₹15,000",Quick Commerce,5,Neutral,Limited Time Flash Sale,Electronics,Yes
28,Male,Employed,"₹5,000 - ₹15,000",Social Media Stores,2,Bored,Social Media Ad,Gaming/Digital,No
36,Female,Employed,"₹5,000 - ₹15,000",E-commerce Website,7,Neutral,Social Media Ad,Electronics,Yes
25,Female,Unemployed,"₹2,000 - ₹5,000",Social Media Stores,5,Neutral,Heavy Discount,Electronics,No
26,Female,Student,"₹2,000 - ₹5,000",E-commerce Website,4,Neutral,Attractive Packaging,Gaming/Digital,No
24,Male,Employed,"Above ₹15,000",E-commerce Website,5,Bored,Free Shipping Threshold,Food/Snacks,Yes
23,Male,Employed,"Under ₹2,000",Quick Commerce,7,Bored,Social Media Ad,Beauty/Cosmetics,Yes
30,Other,Employed,"₹5,000 - ₹15,000",E-commerce Website,2,Bored,Social Media Ad,Electronics,Yes
18,Male,Employed,"Under ₹2,000",Quick Commerce,4,Bored,Heavy Discount,Clothing,Yes
38,Male,Student,"Above ₹15,000",Social Media Stores,4,Happy,Attractive Packaging,Food/Snacks,No
22,Male,Employed,"₹5,000 - ₹15,000",E-commerce Website,4,Bored,Attractive Packaging,Electronics,Yes
33,Male,Employed,"₹2,000 - ₹5,000",Social Media Stores,5,Neutral,Limited Time Flash Sale,Clothing,No
18,Other,Employed,"Under ₹2,000",E-commerce Website,5,Bored,Free Shipping Threshold,Beauty/Cosmetics,Yes
33,Male,Student,"₹5,000 - ₹15,000",E-commerce Website,4,Sad,Free Shipping Threshold,Electronics,No
33,Female,Student,"₹2,000 - ₹5,000",Social Media Stores,3,Neutral,Heavy Discount,Clothing,No
31,Other,Employed,"₹5,000 - ₹15,000",Quick Commerce,2,Neutral,Heavy Discount,Clothing,Yes
20,Female,Student,"₹2,000 - ₹5,000",E-commerce Website,3,Neutral,Heavy Discount,Electronics,No
29,Male,Employed,"Under ₹2,000",Quick Commerce,4,Bored,Attractive Packaging,Beauty/Cosmetics,Yes
18,Male,Student,"₹5,000 - ₹15,000",Quick Commerce,9,Happy,Social Media Ad,Electronics,Yes
25,Female,Employed,"₹5,000 - ₹15,000",Physical In-Store,2,Bored,Social Media Ad,Electronics,Yes
36,Male,Self-employed,"₹2,000 - ₹5,000",Quick Commerce,6,Happy,Social Media Ad,Beauty/Cosmetics,No
34,Female,Employed,"₹2,000 - ₹5,000",E-commerce Website,3,Bored,Free Shipping Threshold,Food/Snacks,Yes
28,Male,Employed,"₹5,000 - ₹15,000",Physical In-Store,1,Stressed,Social Media Ad,Gaming/Digital,No
20,Female,Self-employed,"₹5,000 - ₹15,000",Quick Commerce,5,Happy,Free Shipping Threshold,Electronics,No
33,Female,Employed,"Under ₹2,000",E-commerce Website,4,Bored,Limited Time Flash Sale,Food/Snacks,Yes
28,Female,Employed,"Under ₹2,000",Social Media Stores,6,Stressed,Limited Time Flash Sale,Clothing,Yes
18,Female,Unemployed,"Under ₹2,000",E-commerce Website,9,Stressed,Social Media Ad,Gaming/Digital,No
34,Male,Employed,"₹5,000 - ₹15,000",E-commerce Website,4,Happy,Limited Time Flash Sale,Food/Snacks,Yes
27,Male,Employed,"₹5,000 - ₹15,000",Social Media Stores,6,Happy,Heavy Discount,Clothing,No
37,Male,Employed,"₹2,000 - ₹5,000",Physical In-Store,1,Stressed,Limited Time Flash Sale,Beauty/Cosmetics,Yes
19,Male,Self-employed,"₹5,000 - ₹15,000",E-commerce Website,9,Neutral,Heavy Discount,Beauty/Cosmetics,Yes
18,Female,Student,"₹2,000 - ₹5,000",Quick Commerce,7,Happy,Limited Time Flash Sale,Beauty/Cosmetics,Yes
30,Male,Student,"₹5,000 - ₹15,000",Quick Commerce,2,Neutral,Social Media Ad,Clothing,No
30,Male,Student,"Under ₹2,000",E-commerce Website,10,Happy,Social Media Ad,Clothing,Yes
18,Other,Student,"₹5,000 - ₹15,000",E-commerce Website,3,Stressed,Heavy Discount,Beauty/Cosmetics,Yes
20,Male,Employed,"₹5,000 - ₹15,000",E-commerce Website,6,Stressed,Limited Time Flash Sale,Food/Snacks,Yes
50,Female,Self-employed,"₹5,000 - ₹15,000",Quick Commerce,8,Bored,Heavy Discount,Clothing,No
25,Male,Employed,"Above ₹15,000",Physical In-Store,7,Neutral,Heavy Discount,Electronics,Yes
33,Male,Student,"₹5,000 - ₹15,000",E-commerce Website,11,Neutral,Attractive Packaging,Clothing,No
22,Female,Employed,"₹5,000 - ₹15,000",Quick Commerce,8,Bored,Attractive Packaging,Clothing,Yes
18,Female,Employed,"₹2,000 - ₹5,000",E-commerce Website,4,Neutral,Heavy Discount,Beauty/Cosmetics,No
26,Male,Employed,"₹2,000 - ₹5,000",Physical In-Store,8,Neutral,Free Shipping Threshold,Beauty/Cosmetics,No
25,Male,Employed,"Above ₹15,000",E-commerce Website,7,Happy,Social Media Ad,Electronics,No
24,Male,Self-employed,"Above ₹15,000",Quick Commerce,8,Sad,Social Media Ad,Beauty/Cosmetics,No
27,Male,Employed,"₹5,000 - ₹15,000",E-commerce Website,6,Neutral,Social Media Ad,Electronics,No
30,Male,Student,"₹2,000 - ₹5,000",E-commerce Website,4,Happy,Social Media Ad,Electronics,No
26,Female,Employed,"Above ₹15,000",Quick Commerce,6,Neutral,Attractive Packaging,Food/Snacks,No
18,Male,Employed,"₹2,000 - ₹5,000",Quick Commerce,2,Neutral,Attractive Packaging,Electronics,Yes
31,Female,Employed,"Under ₹2,000",Physical In-Store,3,Stressed,Heavy Discount,Clothing,No
18,Female,Student,"₹5,000 - ₹15,000",E-commerce Website,11,Stressed,Free Shipping Threshold,Beauty/Cosmetics,Yes
18,Male,Student,"Under ₹2,000",E-commerce Website,7,Sad,Heavy Discount,Clothing,No
33,Male,Employed,"₹2,000 - ₹5,000",E-commerce Website,1,Happy,Free Shipping Threshold,Beauty/Cosmetics,Yes
32,Other,Employed,"₹5,000 - ₹15,000",E-commerce Website,11,Stressed,Limited Time Flash Sale,Food/Snacks,Yes
27,Male,Employed,"₹2,000 - ₹5,000",E-commerce Website,9,Happy,Free Shipping Threshold,Beauty/Cosmetics,Yes
18,Female,Self-employed,"Above ₹15,000",Social Media Stores,6,Neutral,Free Shipping Threshold,Electronics,Yes
22,Male,Unemployed,"Above ₹15,000",E-commerce Website,9,Bored,Social Media Ad,Beauty/Cosmetics,No
25,Female,Student,"₹5,000 - ₹15,000",E-commerce Website,5,Bored,Free Shipping Threshold,Electronics,Yes
18,Male,Employed,"Above ₹15,000",E-commerce Website,4,Neutral,Free Shipping Threshold,Food/Snacks,Yes
22,Male,Student,"₹5,000 - ₹15,000",Quick Commerce,5,Neutral,Free Shipping Threshold,Clothing,No
33,Male,Employed,"₹5,000 - ₹15,000",E-commerce Website,4,Neutral,Social Media Ad,Beauty/Cosmetics,No
39,Male,Employed,"₹5,000 - ₹15,000",Social Media Stores,4,Happy,Social Media Ad,Clothing,Yes
24,Female,Student,"₹2,000 - ₹5,000",Physical In-Store,4,Happy,Heavy Discount,Gaming/Digital,Yes
34,Female,Employed,"₹2,000 - ₹5,000",Social Media Stores,4,Bored,Attractive Packaging,Food/Snacks,Yes
18,Male,Self-employed,"₹5,000 - ₹15,000",Physical In-Store,6,Stressed,Social Media Ad,Gaming/Digital,Yes
33,Female,Student,"₹5,000 - ₹15,000",E-commerce Website,2,Stressed,Attractive Packaging,Clothing,Yes
21,Female,Student,"₹5,000 - ₹15,000",Social Media Stores,10,Bored,Social Media Ad,Electronics,No
30,Female,Employed,"₹5,000 - ₹15,000",E-commerce Website,7,Stressed,Heavy Discount,Food/Snacks,No
26,Male,Employed,"₹5,000 - ₹15,000",E-commerce Website,2,Bored,Free Shipping Threshold,Gaming/Digital,Yes
38,Female,Employed,"₹5,000 - ₹15,000",E-commerce Website,8,Stressed,Limited Time Flash Sale,Electronics,Yes
21,Male,Employed,"₹2,000 - ₹5,000",E-commerce Website,4,Happy,Social Media Ad,Food/Snacks,No
33,Female,Employed,"Under ₹2,000",Social Media Stores,4,Sad,Heavy Discount,Beauty/Cosmetics,No
25,Female,Employed,"₹5,000 - ₹15,000",Physical In-Store,2,Happy,Limited Time Flash Sale,Gaming/Digital,Yes
26,Female,Employed,"Under ₹2,000",E-commerce Website,5,Bored,Limited Time Flash Sale,Gaming/Digital,Yes
26,Female,Employed,"Above ₹15,000",E-commerce Website,9,Neutral,Free Shipping Threshold,Electronics,No
21,Female,Employed,"₹5,000 - ₹15,000",Physical In-Store,5,Neutral,Free Shipping Threshold,Food/Snacks,No
27,Male,Self-employed,"₹5,000 - ₹15,000",Physical In-Store,6,Happy,Free Shipping Threshold,Electronics,Yes
27,Female,Student,"Above ₹15,000",E-commerce Website,4,Neutral,Social Media Ad,Beauty/Cosmetics,No
29,Male,Student,"₹5,000 - ₹15,000",Physical In-Store,3,Neutral,Free Shipping Threshold,Clothing,No
28,Male,Student,"Under ₹2,000",Quick Commerce,7,Bored,Heavy Discount,Food/Snacks,Yes
34,Female,Self-employed,"₹5,000 - ₹15,000",Physical In-Store,11,Stressed,Free Shipping Threshold,Clothing,No
35,Female,Employed,"₹2,000 - ₹5,000",Quick Commerce,4,Bored,Social Media Ad,Beauty/Cosmetics,Yes
19,Female,Employed,"₹2,000 - ₹5,000",Quick Commerce,7,Happy,Social Media Ad,Electronics,No
34,Female,Unemployed,"₹2,000 - ₹5,000",E-commerce Website,6,Sad,Attractive Packaging,Gaming/Digital,No
18,Female,Self-employed,"₹5,000 - ₹15,000",Physical In-Store,4,Bored,Limited Time Flash Sale,Food/Snacks,Yes
32,Male,Unemployed,"₹5,000 - ₹15,000",Physical In-Store,5,Happy,Free Shipping Threshold,Electronics,Yes
32,Male,Student,"₹2,000 - ₹5,000",E-commerce Website,6,Neutral,Limited Time Flash Sale,Clothing,Yes
18,Female,Self-employed,"₹2,000 - ₹5,000",Social Media Stores,4,Sad,Social Media Ad,Beauty/Cosmetics,Yes
28,Male,Employed,"₹5,000 - ₹15,000",Social Media Stores,9,Happy,Heavy Discount,Electronics,Yes
24,Female,Student,"₹2,000 - ₹5,000",E-commerce Website,6,Happy,Free Shipping Threshold,Food/Snacks,Yes
21,Female,Employed,"₹2,000 - ₹5,000",E-commerce Website,5,Stressed,Limited Time Flash Sale,Gaming/Digital,Yes
38,Female,Employed,"₹5,000 - ₹15,000",Quick Commerce,4,Stressed,Attractive Packaging,Clothing,No
22,Female,Student,"₹2,000 - ₹5,000",E-commerce Website,5,Stressed,Social Media Ad,Clothing,No
21,Male,Employed,"Under ₹2,000",Quick Commerce,8,Sad,Heavy Discount,Food/Snacks,Yes
28,Female,Self-employed,"₹2,000 - ₹5,000",E-commerce Website,2,Happy,Limited Time Flash Sale,Food/Snacks,Yes
33,Male,Employed,"₹5,000 - ₹15,000",E-commerce Website,6,Bored,Heavy Discount,Clothing,Yes
26,Male,Employed,"₹5,000 - ₹15,000",Quick Commerce,6,Stressed,Social Media Ad,Clothing,Yes
37,Male,Employed,"Above ₹15,000",E-commerce Website,10,Neutral,Heavy Discount,Electronics,Yes
32,Female,Self-employed,"₹5,000 - ₹15,000",Social Media Stores,4,Bored,Heavy Discount,Clothing,No
18,Female,Student,"₹2,000 - ₹5,000",E-commerce Website,5,Sad,Attractive Packaging,Electronics,No
23,Female,Employed,"₹2,000 - ₹5,000",Quick Commerce,6,Happy,Limited Time Flash Sale,Beauty/Cosmetics,Yes
23,Female,Student,"Under ₹2,000",Quick Commerce,6,Bored,Limited Time Flash Sale,Clothing,Yes
31,Female,Self-employed,"₹5,000 - ₹15,000",E-commerce Website,3,Bored,Limited Time Flash Sale,Beauty/Cosmetics,Yes
18,Female,Student,"₹5,000 - ₹15,000",E-commerce Website,5,Neutral,Limited Time Flash Sale,Food/Snacks,Yes
48,Female,Employed,"₹5,000 - ₹15,000",Social Media Stores,6,Happy,Limited Time Flash Sale,Beauty/Cosmetics,Yes
32,Female,Employed,"₹2,000 - ₹5,000",Quick Commerce,6,Bored,Social Media Ad,Food/Snacks,No
29,Female,Self-employed,"₹2,000 - ₹5,000",Social Media Stores,6,Stressed,Social Media Ad,Food/Snacks,No
37,Male,Student,"₹2,000 - ₹5,000",Quick Commerce,4,Stressed,Attractive Packaging,Clothing,No
46,Female,Employed,"₹5,000 - ₹15,000",E-commerce Website,6,Happy,Heavy Discount,Clothing,No
34,Male,Student,"Under ₹2,000",Quick Commerce,3,Bored,Social Media Ad,Electronics,No
35,Female,Unemployed,"₹5,000 - ₹15,000",E-commerce Website,3,Neutral,Attractive Packaging,Electronics,No
29,Female,Employed,"Under ₹2,000",E-commerce Website,2,Bored,Social Media Ad,Food/Snacks,Yes
26,Female,Employed,"₹5,000 - ₹15,000",E-commerce Website,5,Happy,Attractive Packaging,Clothing,Yes
24,Female,Employed,"Under ₹2,000",Social Media Stores,6,Stressed,Limited Time Flash Sale,Electronics,Yes
21,Female,Employed,"Under ₹2,000",E-commerce Website,8,Bored,Heavy Discount,Gaming/Digital,No
22,Female,Student,"Under ₹2,000",Quick Commerce,7,Stressed,Free Shipping Threshold,Food/Snacks,No
18,Male,Employed,"₹2,000 - ₹5,000",Quick Commerce,6,Stressed,Social Media Ad,Food/Snacks,Yes
27,Female,Unemployed,"₹2,000 - ₹5,000",Social Media Stores,5,Bored,Heavy Discount,Gaming/Digital,No
18,Female,Employed,"₹5,000 - ₹15,000",E-commerce Website,5,Neutral,Free Shipping Threshold,Clothing,Yes
29,Female,Self-employed,"₹2,000 - ₹5,000",Physical In-Store,10,Stressed,Attractive Packaging,Clothing,Yes
27,Female,Student,"Under ₹2,000",E-commerce Website,4,Neutral,Heavy Discount,Clothing,No
29,Male,Self-employed,"₹5,000 - ₹15,000",Social Media Stores,2,Happy,Social Media Ad,Gaming/Digital,Yes
23,Female,Employed,"₹5,000 - ₹15,000",E-commerce Website,5,Bored,Social Media Ad,Gaming/Digital,No
52,Female,Employed,"₹2,000 - ₹5,000",Social Media Stores,6,Sad,Social Media Ad,Clothing,No
38,Male,Employed,"₹5,000 - ₹15,000",E-commerce Website,8,Stressed,Limited Time Flash Sale,Gaming/Digital,Yes
18,Female,Employed,"₹5,000 - ₹15,000",Social Media Stores,6,Sad,Social Media Ad,Beauty/Cosmetics,No
29,Female,Employed,"₹2,000 - ₹5,000",E-commerce Website,4,Sad,Social Media Ad,Food/Snacks,Yes
23,Female,Employed,"₹5,000 - ₹15,000",Social Media Stores,4,Sad,Social Media Ad,Clothing,Yes
19,Other,Employed,"Under ₹2,000",E-commerce Website,8,Sad,Social Media Ad,Clothing,No
18,Female,Student,"Under ₹2,000",E-commerce Website,7,Bored,Social Media Ad,Food/Snacks,Yes
31,Female,Employed,"Above ₹15,000",Quick Commerce,2,Neutral,Attractive Packaging,Gaming/Digital,No
22,Female,Employed,"₹2,000 - ₹5,000",E-commerce Website,6,Happy,Social Media Ad,Food/Snacks,No
35,Female,Employed,"₹2,000 - ₹5,000",Quick Commerce,8,Neutral,Limited Time Flash Sale,Clothing,Yes
35,Female,Employed,"Above ₹15,000",Physical In-Store,4,Bored,Social Media Ad,Gaming/Digital,Yes
38,Female,Employed,"₹5,000 - ₹15,000",E-commerce Website,3,Stressed,Attractive Packaging,Electronics,Yes
21,Male,Employed,"₹5,000 - ₹15,000",E-commerce Website,7,Neutral,Limited Time Flash Sale,Gaming/Digital,No
31,Male,Student,"₹5,000 - ₹15,000",Quick Commerce,6,Neutral,Attractive Packaging,Gaming/Digital,No
33,Male,Employed,"₹5,000 - ₹15,000",Quick Commerce,3,Neutral,Free Shipping Threshold,Clothing,No
24,Female,Student,"₹5,000 - ₹15,000",E-commerce Website,5,Stressed,Heavy Discount,Clothing,Yes
21,Female,Employed,"Under ₹2,000",E-commerce Website,6,Sad,Free Shipping Threshold,Electronics,Yes
40,Male,Student,"₹2,000 - ₹5,000",Social Media Stores,4,Bored,Free Shipping Threshold,Clothing,Yes
29,Male,Employed,"₹2,000 - ₹5,000",Quick Commerce,4,Sad,Limited Time Flash Sale,Gaming/Digital,No
33,Male,Employed,"Under ₹2,000",Social Media Stores,3,Neutral,Heavy Discount,Electronics,No
21,Female,Employed,"₹2,000 - ₹5,000",Quick Commerce,7,Stressed,Heavy Discount,Gaming/Digital,No
18,Other,Employed,"₹5,000 - ₹15,000",Physical In-Store,5,Happy,Free Shipping Threshold,Gaming/Digital,Yes
23,Female,Student,"Under ₹2,000",Social Media Stores,5,Stressed,Heavy Discount,Gaming/Digital,Yes
27,Female,Student,"₹2,000 - ₹5,000",Social Media Stores,5,Bored,Free Shipping Threshold,Electronics,No
19,Female,Employed,"₹5,000 - ₹15,000",E-commerce Website,5,Neutral,Heavy Discount,Clothing,No
27,Male,Self-employed,"₹5,000 - ₹15,000",Social Media Stores,1,Stressed,Attractive Packaging,Food/Snacks,No
18,Female,Employed,"Above ₹15,000",Quick Commerce,4,Neutral,Attractive Packaging,Electronics,Yes
19,Female,Student,"₹5,000 - ₹15,000",Quick Commerce,6,Sad,Free Shipping Threshold,Clothing,Yes
33,Female,Employed,"Above ₹15,000",E-commerce Website,9,Bored,Social Media Ad,Gaming/Digital,Yes
32,Female,Employed,"₹5,000 - ₹15,000",E-commerce Website,5,Happy,Free Shipping Threshold,Food/Snacks,No
24,Female,Employed,"₹5,000 - ₹15,000",E-commerce Website,2,Bored,Attractive Packaging,Gaming/Digital,Yes
19,Female,Self-employed,"Above ₹15,000",E-commerce Website,7,Bored,Limited Time Flash Sale,Food/Snacks,Yes
19,Female,Employed,"₹5,000 - ₹15,000",Quick Commerce,6,Bored,Social Media Ad,Electronics,Yes
25,Other,Student,"₹5,000 - ₹15,000",E-commerce Website,2,Bored,Heavy Discount,Electronics,No
33,Female,Student,"₹5,000 - ₹15,000",Social Media Stores,4,Happy,Limited Time Flash Sale,Gaming/Digital,No
35,Male,Employed,"₹2,000 - ₹5,000",E-commerce Website,3,Stressed,Limited Time Flash Sale,Food/Snacks,Yes
24,Female,Employed,"Above ₹15,000",E-commerce Website,7,Neutral,Heavy Discount,Beauty/Cosmetics,No
18,Female,Student,"₹5,000 - ₹15,000",Physical In-Store,6,Stressed,Free Shipping Threshold,Gaming/Digital,Yes
30,Male,Unemployed,"₹5,000 - ₹15,000",E-commerce Website,5,Neutral,Attractive Packaging,Beauty/Cosmetics,No
21,Male,Employed,"Under ₹2,000",E-commerce Website,2,Stressed,Social Media Ad,Electronics,Yes
23,Male,Employed,"₹2,000 - ₹5,000",Social Media Stores,4,Stressed,Attractive Packaging,Gaming/Digital,No
38,Female,Student,"₹2,000 - ₹5,000",Social Media Stores,1,Bored,Social Media Ad,Food/Snacks,Yes
34,Female,Self-employed,"₹5,000 - ₹15,000",Physical In-Store,4,Sad,Attractive Packaging,Electronics,No
29,Male,Employed,"Above ₹15,000",E-commerce Website,9,Neutral,Attractive Packaging,Beauty/Cosmetics,No
18,Male,Student,"₹2,000 - ₹5,000",Social Media Stores,5,Stressed,Free Shipping Threshold,Clothing,Yes
29,Female,Self-employed,"₹5,000 - ₹15,000",Quick Commerce,3,Sad,Free Shipping Threshold,Gaming/Digital,No
36,Male,Employed,"Under ₹2,000",E-commerce Website,4,Sad,Heavy Discount,Beauty/Cosmetics,Yes
24,Male,Employed,"₹2,000 - ₹5,000",E-commerce Website,4,Stressed,Limited Time Flash Sale,Food/Snacks,Yes
38,Female,Self-employed,"₹2,000 - ₹5,000",Physical In-Store,5,Stressed,Free Shipping Threshold,Beauty/Cosmetics,No
38,Female,Employed,"₹5,000 - ₹15,000",E-commerce Website,4,Bored,Social Media Ad,Electronics,No
41,Male,Self-employed,"Above ₹15,000",Physical In-Store,7,Neutral,Social Media Ad,Electronics,No
30,Female,Self-employed,"₹2,000 - ₹5,000",E-commerce Website,6,Happy,Attractive Packaging,Beauty/Cosmetics,No
32,Male,Unemployed,"₹5,000 - ₹15,000",Quick Commerce,7,Stressed,Limited Time Flash Sale,Gaming/Digital,Yes
39,Female,Student,"₹5,000 - ₹15,000",E-commerce Website,7,Neutral,Attractive Packaging,Clothing,No
31,Male,Employed,"₹2,000 - ₹5,000",Social Media Stores,6,Bored,Limited Time Flash Sale,Electronics,Yes
23,Male,Employed,"Above ₹15,000",E-commerce Website,9,Sad,Attractive Packaging,Electronics,Yes
24,Female,Employed,"Above ₹15,000",Quick Commerce,2,Bored,Limited Time Flash Sale,Electronics,Yes
29,Female,Employed,"₹2,000 - ₹5,000",Social Media Stores,3,Sad,Free Shipping Threshold,Food/Snacks,No
18,Male,Student,"₹5,000 - ₹15,000",Quick Commerce,3,Happy,Free Shipping Threshold,Electronics,No
26,Male,Self-employed,"₹2,000 - ₹5,000",Social Media Stores,0,Happy,Free Shipping Threshold,Electronics,Yes
36,Female,Unemployed,"₹5,000 - ₹15,000",Quick Commerce,2,Happy,Free Shipping Threshold,Beauty/Cosmetics,No
18,Female,Employed,"₹5,000 - ₹15,000",E-commerce Website,5,Stressed,Heavy Discount,Clothing,No
40,Male,Student,"Under ₹2,000",E-commerce Website,7,Neutral,Social Media Ad,Clothing,No
36,Female,Student,"Above ₹15,000",Quick Commerce,8,Bored,Free Shipping Threshold,Clothing,Yes
24,Male,Student,"₹5,000 - ₹15,000",Social Media Stores,2,Neutral,Free Shipping Threshold,Gaming/Digital,No
32,Female,Employed,"Above ₹15,000",Physical In-Store,6,Stressed,Heavy Discount,Clothing,Yes
28,Male,Self-employed,"Under ₹2,000",Quick Commerce,5,Stressed,Social Media Ad,Food/Snacks,Yes
37,Male,Student,"₹5,000 - ₹15,000",E-commerce Website,10,Happy,Attractive Packaging,Electronics,No
35,Male,Employed,"₹5,000 - ₹15,000",E-commerce Website,3,Bored,Social Media Ad,Food/Snacks,No
18,Female,Employed,"Under ₹2,000",Social Media Stores,4,Stressed,Limited Time Flash Sale,Electronics,Yes
32,Male,Student,"₹2,000 - ₹5,000",E-commerce Website,3,Happy,Attractive Packaging,Gaming/Digital,Yes
26,Male,Employed,"Above ₹15,000",E-commerce Website,10,Stressed,Attractive Packaging,Beauty/Cosmetics,Yes
28,Male,Employed,"₹5,000 - ₹15,000",E-commerce Website,3,Stressed,Limited Time Flash Sale,Beauty/Cosmetics,Yes
22,Male,Self-employed,"₹2,000 - ₹5,000",Quick Commerce,9,Happy,Free Shipping Threshold,Food/Snacks,No
41,Female,Employed,"Above ₹15,000",Quick Commerce,8,Happy,Social Media Ad,Clothing,Yes
36,Male,Employed,"Under ₹2,000",Physical In-Store,3,Stressed,Limited Time Flash Sale,Electronics,Yes
22,Female,Employed,"₹2,000 - ₹5,000",E-commerce Website,7,Happy,Social Media Ad,Electronics,Yes
18,Male,Student,"₹5,000 - ₹15,000",Physical In-Store,7,Neutral,Attractive Packaging,Gaming/Digital,Yes
24,Male,Student,"₹5,000 - ₹15,000",Quick Commerce,1,Bored,Attractive Packaging,Clothing,Yes
31,Female,Employed,"₹2,000 - ₹5,000",Quick Commerce,6,Neutral,Free Shipping Threshold,Gaming/Digital,Yes
29,Other,Student,"₹5,000 - ₹15,000",E-commerce Website,5,Bored,Free Shipping Threshold,Gaming/Digital,Yes
38,Male,Student,"₹5,000 - ₹15,000",Quick Commerce,3,Happy,Limited Time Flash Sale,Beauty/Cosmetics,No
34,Male,Employed,"₹5,000 - ₹15,000",Social Media Stores,5,Neutral,Social Media Ad,Electronics,No
35,Female,Employed,"₹5,000 - ₹15,000",E-commerce Website,4,Stressed,Free Shipping Threshold,Gaming/Digital,Yes
30,Female,Student,"₹2,000 - ₹5,000",E-commerce Website,6,Sad,Social Media Ad,Gaming/Digital,No
18,Other,Student,"₹5,000 - ₹15,000",E-commerce Website,3,Bored,Heavy Discount,Gaming/Digital,No
26,Female,Employed,"₹2,000 - ₹5,000",E-commerce Website,6,Happy,Limited Time Flash Sale,Gaming/Digital,Yes
36,Female,Employed,"Above ₹15,000",E-commerce Website,6,Happy,Social Media Ad,Beauty/Cosmetics,Yes
27,Female,Employed,"Under ₹2,000",E-commerce Website,1,Happy,Free Shipping Threshold,Electronics,No
32,Female,Employed,"₹2,000 - ₹5,000",E-commerce Website,6,Bored,Free Shipping Threshold,Food/Snacks,Yes
25,Female,Student,"Under ₹2,000",Physical In-Store,2,Bored,Social Media Ad,Electronics,No
19,Female,Student,"₹5,000 - ₹15,000",Social Media Stores,6,Stressed,Attractive Packaging,Clothing,Yes
27,Female,Student,"₹2,000 - ₹5,000",Quick Commerce,4,Bored,Heavy Discount,Beauty/Cosmetics,Yes
30,Female,Student,"₹5,000 - ₹15,000",Quick Commerce,4,Stressed,Limited Time Flash Sale,Beauty/Cosmetics,Yes
22,Female,Unemployed,"Above ₹15,000",Social Media Stores,7,Neutral,Social Media Ad,Food/Snacks,Yes
26,Female,Employed,"₹2,000 - ₹5,000",Social Media Stores,7,Happy,Free Shipping Threshold,Clothing,Yes
20,Female,Employed,"Under ₹2,000",E-commerce Website,4,Bored,Limited Time Flash Sale,Electronics,Yes
36,Female,Employed,"Above ₹15,000",E-commerce Website,6,Sad,Social Media Ad,Electronics,Yes
25,Male,Student,"₹2,000 - ₹5,000",E-commerce Website,10,Happy,Free Shipping Threshold,Beauty/Cosmetics,No
39,Male,Student,"₹2,000 - ₹5,000",Physical In-Store,4,Bored,Heavy Discount,Gaming/Digital,Yes
40,Female,Self-employed,"₹2,000 - ₹5,000",Social Media Stores,6,Sad,Social Media Ad,Beauty/Cosmetics,Yes
27,Female,Self-employed,"₹2,000 - ₹5,000",E-commerce Website,6,Neutral,Social Media Ad,Food/Snacks,Yes
19,Male,Employed,"₹2,000 - ₹5,000",Social Media Stores,6,Sad,Limited Time Flash Sale,Gaming/Digital,No
18,Female,Employed,"₹5,000 - ₹15,000",E-commerce Website,8,Neutral,Limited Time Flash Sale,Clothing,Yes
18,Male,Employed,"₹2,000 - ₹5,000",E-commerce Website,7,Bored,Free Shipping Threshold,Clothing,Yes
18,Male,Student,"₹5,000 - ₹15,000",Quick Commerce,5,Happy,Attractive Packaging,Clothing,Yes
39,Other,Student,"₹2,000 - ₹5,000",E-commerce Website,5,Bored,Heavy Discount,Food/Snacks,Yes
28,Female,Student,"₹5,000 - ₹15,000",E-commerce Website,5,Neutral,Free Shipping Threshold,Beauty/Cosmetics,Yes
31,Male,Employed,"₹2,000 - ₹5,000",Physical In-Store,4,Bored,Free Shipping Threshold,Electronics,No
18,Female,Student,"Above ₹15,000",Physical In-Store,5,Neutral,Limited Time Flash Sale,Electronics,No
18,Male,Employed,"₹5,000 - ₹15,000",Social Media Stores,6,Happy,Free Shipping Threshold,Food/Snacks,No
35,Other,Employed,"Under ₹2,000",Social Media Stores,6,Neutral,Heavy Discount,Food/Snacks,No
30,Male,Employed,"₹2,000 - ₹5,000",E-commerce Website,2,Neutral,Social Media Ad,Food/Snacks,Yes
26,Male,Student,"Under ₹2,000",Quick Commerce,5,Bored,Attractive Packaging,Beauty/Cosmetics,Yes
32,Female,Employed,"Under ₹2,000",Social Media Stores,10,Neutral,Attractive Packaging,Food/Snacks,No
41,Female,Employed,"₹5,000 - ₹15,000",E-commerce Website,4,Neutral,Social Media Ad,Clothing,No
26,Male,Student,"₹2,000 - ₹5,000",E-commerce Website,6,Happy,Limited Time Flash Sale,Electronics,Yes
28,Female,Student,"Above ₹15,000",Social Media Stores,3,Sad,Free Shipping Threshold,Beauty/Cosmetics,No
29,Male,Employed,"Under ₹2,000",Social Media Stores,4,Stressed,Attractive Packaging,Gaming/Digital,No
47,Female,Student,"₹5,000 - ₹15,000",E-commerce Website,7,Stressed,Limited Time Flash Sale,Beauty/Cosmetics,No
18,Male,Self-employed,"₹2,000 - ₹5,000",E-commerce Website,9,Bored,Free Shipping Threshold,Gaming/Digital,Yes
33,Female,Employed,"₹2,000 - ₹5,000",E-commerce Website,7,Sad,Attractive Packaging,Electronics,No
27,Female,Student,"Above ₹15,000",E-commerce Website,5,Bored,Attractive Packaging,Food/Snacks,No
32,Male,Employed,"₹5,000 - ₹15,000",E-commerce Website,1,Bored,Social Media Ad,Gaming/Digital,No
22,Other,Employed,"₹5,000 - ₹15,000",Quick Commerce,4,Happy,Limited Time Flash Sale,Food/Snacks,Yes
27,Other,Student,"₹5,000 - ₹15,000",Social Media Stores,5,Happy,Heavy Discount,Clothing,Yes
33,Female,Student,"Above ₹15,000",Social Media Stores,3,Happy,Attractive Packaging,Gaming/Digital,Yes
52,Male,Employed,"₹5,000 - ₹15,000",E-commerce Website,6,Happy,Free Shipping Threshold,Food/Snacks,No
34,Female,Student,"Under ₹2,000",Physical In-Store,8,Stressed,Limited Time Flash Sale,Electronics,Yes
21,Female,Student,"Under ₹2,000",Physical In-Store,4,Bored,Attractive Packaging,Electronics,Yes
24,Female,Student,"₹5,000 - ₹15,000",E-commerce Website,4,Happy,Heavy Discount,Electronics,No
24,Female,Student,"₹5,000 - ₹15,000",E-commerce Website,3,Happy,Heavy Discount,Gaming/Digital,No
18,Male,Employed,"₹5,000 - ₹15,000",E-commerce Website,4,Bored,Attractive Packaging,Gaming/Digital,Yes
25,Female,Self-employed,"Under ₹2,000",Physical In-Store,5,Sad,Social Media Ad,Gaming/Digital,No
33,Female,Employed,"Above ₹15,000",Quick Commerce,6,Stressed,Attractive Packaging,Electronics,Yes
18,Male,Employed,"₹5,000 - ₹15,000",Social Media Stores,3,Bored,Attractive Packaging,Clothing,Yes
36,Female,Self-employed,"₹5,000 - ₹15,000",E-commerce Website,8,Bored,Free Shipping Threshold,Gaming/Digital,Yes
31,Female,Student,"Under ₹2,000",Social Media Stores,3,Happy,Free Shipping Threshold,Electronics,No
22,Female,Student,"Above ₹15,000",Social Media Stores,2,Neutral,Social Media Ad,Electronics,Yes
26,Male,Employed,"₹5,000 - ₹15,000",E-commerce Website,7,Neutral,Free Shipping Threshold,Clothing,Yes
40,Female,Employed,"₹5,000 - ₹15,000",E-commerce Website,5,Bored,Attractive Packaging,Clothing,Yes
33,Male,Employed,"Above ₹15,000",Quick Commerce,1,Stressed,Social Media Ad,Food/Snacks,No
28,Female,Student,"Above ₹15,000",E-commerce Website,5,Stressed,Free Shipping Threshold,Clothing,Yes
26,Female,Student,"₹2,000 - ₹5,000",Quick Commerce,5,Neutral,Free Shipping Threshold,Beauty/Cosmetics,No
28,Female,Employed,"Above ₹15,000",Physical In-Store,9,Neutral,Attractive Packaging,Food/Snacks,No
23,Male,Self-employed,"₹5,000 - ₹15,000",E-commerce Website,5,Neutral,Social Media Ad,Electronics,No
18,Female,Employed,"Under ₹2,000",E-commerce Website,3,Happy,Free Shipping Threshold,Food/Snacks,No
44,Other,Student,"₹2,000 - ₹5,000",Social Media Stores,8,Bored,Limited Time Flash Sale,Gaming/Digital,Yes
29,Male,Employed,"₹2,000 - ₹5,000",Quick Commerce,3,Neutral,Attractive Packaging,Beauty/Cosmetics,No
31,Female,Student,"₹5,000 - ₹15,000",E-commerce Website,6,Bored,Limited Time Flash Sale,Clothing,Yes
27,Female,Student,"₹5,000 - ₹15,000",E-commerce Website,9,Neutral,Heavy Discount,Electronics,No
22,Female,Employed,"₹2,000 - ₹5,000",E-commerce Website,3,Happy,Free Shipping Threshold,Beauty/Cosmetics,Yes
26,Male,Employed,"₹5,000 - ₹15,000",Quick Commerce,10,Neutral,Limited Time Flash Sale,Food/Snacks,Yes
18,Male,Self-employed,"₹5,000 - ₹15,000",Social Media Stores,4,Bored,Heavy Discount,Food/Snacks,Yes
46,Female,Employed,"₹5,000 - ₹15,000",E-commerce Website,4,Happy,Attractive Packaging,Electronics,No
18,Male,Employed,"Above ₹15,000",Quick Commerce,5,Bored,Limited Time Flash Sale,Electronics,Yes
19,Male,Employed,"₹5,000 - ₹15,000",Social Media Stores,2,Happy,Social Media Ad,Beauty/Cosmetics,No
24,Female,Student,"₹2,000 - ₹5,000",E-commerce Website,1,Bored,Attractive Packaging,Clothing,No
38,Male,Self-employed,"₹5,000 - ₹15,000",E-commerce Website,5,Bored,Attractive Packaging,Clothing,No
28,Female,Employed,"Above ₹15,000",E-commerce Website,5,Sad,Social Media Ad,Food/Snacks,Yes
18,Female,Student,"Under ₹2,000",Quick Commerce,3,Bored,Attractive Packaging,Beauty/Cosmetics,Yes
38,Female,Employed,"Above ₹15,000",E-commerce Website,3,Neutral,Heavy Discount,Beauty/Cosmetics,No
33,Female,Employed,"Under ₹2,000",Quick Commerce,6,Stressed,Free Shipping Threshold,Gaming/Digital,No
32,Male,Unemployed,"₹5,000 - ₹15,000",Quick Commerce,2,Happy,Attractive Packaging,Electronics,Yes
33,Male,Self-employed,"₹5,000 - ₹15,000",Social Media Stores,5,Stressed,Limited Time Flash Sale,Clothing,Yes
47,Female,Student,"₹5,000 - ₹15,000",E-commerce Website,6,Stressed,Attractive Packaging,Beauty/Cosmetics,No
45,Male,Employed,"₹5,000 - ₹15,000",Quick Commerce,5,Neutral,Social Media Ad,Electronics,Yes
22,Other,Employed,"₹5,000 - ₹15,000",E-commerce Website,8,Neutral,Limited Time Flash Sale,Food/Snacks,No
40,Female,Student,"₹5,000 - ₹15,000",Quick Commerce,10,Bored,Social Media Ad,Clothing,Yes
31,Male,Employed,"₹5,000 - ₹15,000",E-commerce Website,3,Bored,Attractive Packaging,Beauty/Cosmetics,No
31,Female,Employed,"₹2,000 - ₹5,000",Quick Commerce,2,Stressed,Heavy Discount,Food/Snacks,Yes
18,Male,Student,"₹5,000 - ₹15,000",Quick Commerce,11,Neutral,Limited Time Flash Sale,Gaming/Digital,Yes
26,Male,Employed,"₹5,000 - ₹15,000",Quick Commerce,2,Happy,Attractive Packaging,Gaming/Digital,No
21,Female,Employed,"₹2,000 - ₹5,000",E-commerce Website,4,Neutral,Attractive Packaging,Gaming/Digital,Yes
34,Female,Student,"₹5,000 - ₹15,000",E-commerce Website,8,Neutral,Social Media Ad,Food/Snacks,No
36,Female,Employed,"Under ₹2,000",Physical In-Store,5,Neutral,Attractive Packaging,Clothing,No
18,Male,Employed,"₹5,000 - ₹15,000",E-commerce Website,6,Happy,Heavy Discount,Food/Snacks,No
27,Male,Student,"Under ₹2,000",E-commerce Website,5,Bored,Limited Time Flash Sale,Food/Snacks,No
36,Male,Self-employed,"₹2,000 - ₹5,000",Quick Commerce,4,Happy,Attractive Packaging,Beauty/Cosmetics,No
26,Male,Student,"₹2,000 - ₹5,000",Social Media Stores,7,Stressed,Social Media Ad,Gaming/Digital,Yes
33,Male,Student,"Under ₹2,000",E-commerce Website,2,Neutral,Heavy Discount,Clothing,Yes
30,Female,Student,"₹2,000 - ₹5,000",Quick Commerce,1,Bored,Free Shipping Threshold,Beauty/Cosmetics,Yes
30,Female,Employed,"₹2,000 - ₹5,000",Social Media Stores,4,Happy,Heavy Discount,Clothing,No
25,Male,Employed,"₹2,000 - ₹5,000",Quick Commerce,3,Bored,Attractive Packaging,Gaming/Digital,No
18,Male,Employed,"₹2,000 - ₹5,000",Quick Commerce,4,Neutral,Attractive Packaging,Beauty/Cosmetics,No
19,Female,Student,"Above ₹15,000",Social Media Stores,1,Stressed,Limited Time Flash Sale,Electronics,Yes
33,Female,Self-employed,"Under ₹2,000",E-commerce Website,3,Neutral,Attractive Packaging,Clothing,No
28,Female,Student,"Above ₹15,000",Quick Commerce,7,Happy,Heavy Discount,Clothing,No
26,Male,Student,"₹5,000 - ₹15,000",E-commerce Website,5,Stressed,Free Shipping Threshold,Gaming/Digital,Yes
24,Male,Student,"Under ₹2,000",Social Media Stores,3,Bored,Heavy Discount,Clothing,No
25,Female,Student,"₹2,000 - ₹5,000",Quick Commerce,5,Neutral,Attractive Packaging,Food/Snacks,No
36,Female,Employed,"Above ₹15,000",E-commerce Website,1,Stressed,Attractive Packaging,Food/Snacks,Yes
25,Female,Student,"₹5,000 - ₹15,000",Social Media Stores,3,Sad,Free Shipping Threshold,Beauty/Cosmetics,Yes
18,Female,Student,"Under ₹2,000",E-commerce Website,6,Stressed,Free Shipping Threshold,Electronics,Yes
33,Male,Self-employed,"₹2,000 - ₹5,000",E-commerce Website,4,Bored,Limited Time Flash Sale,Beauty/Cosmetics,Yes
26,Female,Student,"₹2,000 - ₹5,000",Physical In-Store,4,Happy,Free Shipping Threshold,Electronics,No
28,Female,Employed,"₹5,000 - ₹15,000",Quick Commerce,10,Stressed,Social Media Ad,Food/Snacks,Yes
40,Male,Employed,"Above ₹15,000",E-commerce Website,5,Happy,Attractive Packaging,Food/Snacks,No
27,Female,Employed,"Under ₹2,000",Quick Commerce,8,Sad,Limited Time Flash Sale,Gaming/Digital,Yes
30,Female,Employed,"₹2,000 - ₹5,000",Social Media Stores,7,Stressed,Heavy Discount,Food/Snacks,Yes
18,Male,Employed,"₹2,000 - ₹5,000",Social Media Stores,3,Bored,Limited Time Flash Sale,Food/Snacks,Yes
26,Male,Student,"Above ₹15,000",Quick Commerce,5,Happy,Attractive Packaging,Clothing,No
32,Male,Self-employed,"₹5,000 - ₹15,000",E-commerce Website,3,Bored,Attractive Packaging,Gaming/Digital,Yes
18,Male,Employed,"Above ₹15,000",E-commerce Website,5,Sad,Free Shipping Threshold,Electronics,No
29,Female,Self-employed,"₹2,000 - ₹5,000",E-commerce Website,3,Happy,Free Shipping Threshold,Clothing,Yes
28,Female,Self-employed,"₹5,000 - ₹15,000",E-commerce Website,3,Bored,Social Media Ad,Clothing,Yes
28,Male,Student,"₹2,000 - ₹5,000",E-commerce Website,2,Stressed,Social Media Ad,Beauty/Cosmetics,Yes
36,Male,Student,"Above ₹15,000",E-commerce Website,4,Bored,Attractive Packaging,Gaming/Digital,No
30,Other,Student,"₹2,000 - ₹5,000",Social Media Stores,1,Neutral,Attractive Packaging,Beauty/Cosmetics,Yes
39,Male,Self-employed,"₹5,000 - ₹15,000",E-commerce Website,3,Stressed,Social Media Ad,Food/Snacks,Yes
20,Male,Self-employed,"₹2,000 - ₹5,000",Quick Commerce,1,Neutral,Social Media Ad,Food/Snacks,Yes
29,Male,Employed,"₹5,000 - ₹15,000",E-commerce Website,11,Bored,Free Shipping Threshold,Electronics,No
28,Female,Student,"₹2,000 - ₹5,000",Quick Commerce,3,Stressed,Limited Time Flash Sale,Food/Snacks,Yes
19,Male,Student,"Under ₹2,000",E-commerce Website,5,Neutral,Free Shipping Threshold,Clothing,Yes
35,Female,Self-employed,"₹2,000 - ₹5,000",Quick Commerce,5,Sad,Social Media Ad,Beauty/Cosmetics,No
46,Male,Self-employed,"₹5,000 - ₹15,000",E-commerce Website,7,Bored,Heavy Discount,Clothing,Yes
27,Male,Student,"Under ₹2,000",E-commerce Website,7,Happy,Social Media Ad,Clothing,No
32,Male,Student,"Under ₹2,000",E-commerce Website,1,Bored,Heavy Discount,Gaming/Digital,No
28,Female,Employed,"₹2,000 - ₹5,000",E-commerce Website,2,Bored,Free Shipping Threshold,Electronics,No
22,Female,Student,"₹2,000 - ₹5,000",Quick Commerce,5,Stressed,Free Shipping Threshold,Gaming/Digital,Yes
18,Male,Self-employed,"₹2,000 - ₹5,000",E-commerce Website,4,Neutral,Free Shipping Threshold,Gaming/Digital,Yes
22,Male,Employed,"₹2,000 - ₹5,000",E-commerce Website,9,Stressed,Attractive Packaging,Food/Snacks,No
18,Female,Employed,"Under ₹2,000",Quick Commerce,9,Sad,Attractive Packaging,Food/Snacks,No
41,Female,Employed,"Under ₹2,000",E-commerce Website,5,Bored,Free Shipping Threshold,Gaming/Digital,No
27,Male,Employed,"₹5,000 - ₹15,000",E-commerce Website,8,Stressed,Limited Time Flash Sale,Electronics,Yes
25,Female,Student,"Under ₹2,000",E-commerce Website,7,Bored,Attractive Packaging,Gaming/Digital,Yes
35,Male,Employed,"₹5,000 - ₹15,000",E-commerce Website,7,Bored,Limited Time Flash Sale,Clothing,Yes
19,Male,Employed,"₹2,000 - ₹5,000",E-commerce Website,5,Sad,Attractive Packaging,Electronics,No
21,Male,Employed,"Above ₹15,000",Quick Commerce,1,Bored,Social Media Ad,Clothing,Yes
28,Female,Employed,"Under ₹2,000",E-commerce Website,4,Sad,Free Shipping Threshold,Electronics,Yes
36,Male,Student,"₹5,000 - ₹15,000",Social Media Stores,2,Neutral,Attractive Packaging,Electronics,No
32,Female,Student,"₹2,000 - ₹5,000",Quick Commerce,5,Stressed,Social Media Ad,Food/Snacks,No
29,Female,Employed,"Under ₹2,000",Quick Commerce,2,Neutral,Limited Time Flash Sale,Gaming/Digital,No
28,Female,Employed,"₹2,000 - ₹5,000",E-commerce Website,7,Sad,Attractive Packaging,Clothing,No
31,Male,Employed,"₹2,000 - ₹5,000",E-commerce Website,5,Neutral,Limited Time Flash Sale,Electronics,No
29,Male,Self-employed,"₹2,000 - ₹5,000",E-commerce Website,8,Neutral,Free Shipping Threshold,Clothing,No
19,Other,Employed,"₹2,000 - ₹5,000",Quick Commerce,6,Bored,Attractive Packaging,Clothing,Yes
28,Female,Employed,"Above ₹15,000",Social Media Stores,3,Sad,Free Shipping Threshold,Clothing,No
19,Female,Student,"₹2,000 - ₹5,000",E-commerce Website,4,Stressed,Heavy Discount,Food/Snacks,No
28,Male,Self-employed,"₹2,000 - ₹5,000",Quick Commerce,6,Neutral,Free Shipping Threshold,Clothing,No
24,Male,Employed,"₹5,000 - ₹15,000",E-commerce Website,5,Happy,Limited Time Flash Sale,Beauty/Cosmetics,No
48,Female,Student,"₹5,000 - ₹15,000",Quick Commerce,5,Happy,Limited Time Flash Sale,Clothing,No
27,Male,Employed,"Under ₹2,000",Quick Commerce,3,Neutral,Free Shipping Threshold,Electronics,Yes
18,Female,Employed,"₹5,000 - ₹15,000",Quick Commerce,2,Stressed,Attractive Packaging,Food/Snacks,Yes
26,Male,Self-employed,"₹2,000 - ₹5,000",Quick Commerce,7,Neutral,Attractive Packaging,Food/Snacks,No
32,Male,Self-employed,"Under ₹2,000",E-commerce Website,3,Bored,Limited Time Flash Sale,Gaming/Digital,Yes
41,Male,Employed,"₹2,000 - ₹5,000",E-commerce Website,4,Happy,Limited Time Flash Sale,Clothing,Yes
23,Male,Employed,"Under ₹2,000",E-commerce Website,5,Happy,Social Media Ad,Food/Snacks,No
18,Male,Student,"₹2,000 - ₹5,000",Quick Commerce,6,Bored,Attractive Packaging,Food/Snacks,Yes
34,Female,Employed,"₹2,000 - ₹5,000",Quick Commerce,10,Happy,Social Media Ad,Beauty/Cosmetics,Yes
18,Male,Employed,"₹2,000 - ₹5,000",E-commerce Website,5,Happy,Limited Time Flash Sale,Gaming/Digital,No
24,Male,Employed,"₹5,000 - ₹15,000",Physical In-Store,3,Stressed,Limited Time Flash Sale,Electronics,No
25,Female,Employed,"₹5,000 - ₹15,000",E-commerce Website,5,Happy,Social Media Ad,Electronics,No
27,Female,Self-employed,"₹5,000 - ₹15,000",E-commerce Website,2,Sad,Attractive Packaging,Gaming/Digital,No
33,Male,Student,"₹5,000 - ₹15,000",Physical In-Store,6,Bored,Attractive Packaging,Gaming/Digital,Yes
22,Female,Student,"Above ₹15,000",Social Media Stores,4,Bored,Limited Time Flash Sale,Electronics,Yes
25,Female,Employed,"Above ₹15,000",E-commerce Website,2,Neutral,Heavy Discount,Gaming/Digital,Yes
27,Male,Self-employed,"Above ₹15,000",Social Media Stores,6,Bored,Heavy Discount,Beauty/Cosmetics,Yes
29,Male,Self-employed,"Under ₹2,000",E-commerce Website,2,Bored,Limited Time Flash Sale,Beauty/Cosmetics,Yes
28,Female,Employed,"₹2,000 - ₹5,000",Quick Commerce,0,Neutral,Heavy Discount,Electronics,No
31,Male,Self-employed,"₹5,000 - ₹15,000",Social Media Stores,3,Neutral,Limited Time Flash Sale,Clothing,No
34,Female,Employed,"₹2,000 - ₹5,000",E-commerce Website,1,Neutral,Attractive Packaging,Clothing,Yes
31,Other,Student,"Under ₹2,000",Social Media Stores,5,Neutral,Attractive Packaging,Beauty/Cosmetics,No
31,Female,Employed,"₹2,000 - ₹5,000",E-commerce Website,2,Bored,Heavy Discount,Food/Snacks,No
18,Male,Student,"Above ₹15,000",Quick Commerce,5,Sad,Heavy Discount,Food/Snacks,Yes
28,Male,Student,"₹2,000 - ₹5,000",Social Media Stores,7,Bored,Attractive Packaging,Electronics,Yes
31,Other,Employed,"₹2,000 - ₹5,000",Social Media Stores,8,Neutral,Free Shipping Threshold,Clothing,No
33,Female,Employed,"Under ₹2,000",E-commerce Website,4,Happy,Free Shipping Threshold,Electronics,No
22,Male,Employed,"₹5,000 - ₹15,000",Physical In-Store,10,Happy,Social Media Ad,Clothing,Yes
22,Female,Student,"₹2,000 - ₹5,000",E-commerce Website,7,Happy,Social Media Ad,Beauty/Cosmetics,No
23,Male,Student,"Under ₹2,000",E-commerce Website,7,Bored,Heavy Discount,Food/Snacks,Yes
32,Male,Student,"Above ₹15,000",Social Media Stores,7,Sad,Social Media Ad,Clothing,No
36,Female,Employed,"₹5,000 - ₹15,000",E-commerce Website,5,Bored,Free Shipping Threshold,Gaming/Digital,Yes
24,Male,Employed,"₹5,000 - ₹15,000",E-commerce Website,6,Bored,Limited Time Flash Sale,Gaming/Digital,Yes
35,Male,Self-employed,"Above ₹15,000",Physical In-Store,7,Stressed,Limited Time Flash Sale,Beauty/Cosmetics,Yes
28,Male,Self-employed,"₹2,000 - ₹5,000",Quick Commerce,1,Happy,Free Shipping Threshold,Electronics,Yes
27,Female,Employed,"₹5,000 - ₹15,000",Quick Commerce,5,Happy,Limited Time Flash Sale,Electronics,No
26,Male,Employed,"₹2,000 - ₹5,000",E-commerce Website,5,Sad,Social Media Ad,Food/Snacks,Yes
33,Female,Student,"₹5,000 - ₹15,000",E-commerce Website,4,Bored,Heavy Discount,Gaming/Digital,Yes
30,Female,Student,"Under ₹2,000",E-commerce Website,5,Stressed,Free Shipping Threshold,Gaming/Digital,No
46,Female,Employed,"Under ₹2,000",E-commerce Website,8,Bored,Attractive Packaging,Gaming/Digital,Yes
21,Male,Employed,"₹2,000 - ₹5,000",Quick Commerce,8,Stressed,Attractive Packaging,Gaming/Digital,Yes
32,Female,Self-employed,"Under ₹2,000",Social Media Stores,2,Happy,Heavy Discount,Clothing,No
23,Male,Employed,"₹2,000 - ₹5,000",Quick Commerce,7,Neutral,Limited Time Flash Sale,Electronics,Yes
21,Female,Student,"₹5,000 - ₹15,000",Quick Commerce,5,Neutral,Attractive Packaging,Electronics,Yes
27,Male,Self-employed,"₹5,000 - ₹15,000",Social Media Stores,9,Happy,Attractive Packaging,Food/Snacks,No
29,Male,Employed,"Under ₹2,000",Social Media Stores,4,Neutral,Free Shipping Threshold,Clothing,Yes
51,Female,Self-employed,"Under ₹2,000",Quick Commerce,6,Stressed,Limited Time Flash Sale,Clothing,Yes
26,Male,Employed,"₹5,000 - ₹15,000",Social Media Stores,5,Neutral,Limited Time Flash Sale,Clothing,No
18,Male,Student,"₹5,000 - ₹15,000",E-commerce Website,6,Bored,Heavy Discount,Gaming/Digital,Yes
30,Male,Student,"Under ₹2,000",Social Media Stores,6,Bored,Free Shipping Threshold,Electronics,No
18,Female,Student,"₹5,000 - ₹15,000",E-commerce Website,2,Stressed,Heavy Discount,Clothing,Yes
27,Male,Student,"₹5,000 - ₹15,000",Quick Commerce,9,Bored,Social Media Ad,Gaming/Digital,Yes
28,Male,Student,"Under ₹2,000",E-commerce Website,8,Bored,Heavy Discount,Beauty/Cosmetics,Yes
34,Male,Employed,"₹2,000 - ₹5,000",Physical In-Store,9,Stressed,Social Media Ad,Food/Snacks,Yes
35,Female,Self-employed,"₹2,000 - ₹5,000",E-commerce Website,4,Bored,Limited Time Flash Sale,Gaming/Digital,Yes
23,Male,Self-employed,"Above ₹15,000",Quick Commerce,5,Happy,Heavy Discount,Beauty/Cosmetics,No
26,Male,Employed,"Under ₹2,000",Quick Commerce,2,Neutral,Free Shipping Threshold,Beauty/Cosmetics,Yes
21,Male,Student,"₹2,000 - ₹5,000",Social Media Stores,4,Bored,Attractive Packaging,Beauty/Cosmetics,No
18,Male,Employed,"Above ₹15,000",Physical In-Store,3,Happy,Free Shipping Threshold,Clothing,Yes
30,Female,Employed,"₹2,000 - ₹5,000",Physical In-Store,4,Bored,Attractive Packaging,Clothing,Yes
18,Female,Student,"₹5,000 - ₹15,000",E-commerce Website,5,Happy,Attractive Packaging,Clothing,Yes
24,Female,Self-employed,"Under ₹2,000",Quick Commerce,4,Happy,Heavy Discount,Food/Snacks,Yes
20,Male,Self-employed,"Above ₹15,000",Quick Commerce,6,Bored,Free Shipping Threshold,Food/Snacks,Yes
32,Other,Employed,"₹5,000 - ₹15,000",Quick Commerce,7,Neutral,Limited Time Flash Sale,Food/Snacks,Yes
42,Male,Employed,"₹5,000 - ₹15,000",Social Media Stores,6,Bored,Free Shipping Threshold,Clothing,No
18,Other,Student,"Under ₹2,000",Quick Commerce,5,Happy,Attractive Packaging,Beauty/Cosmetics,Yes
18,Male,Employed,"Under ₹2,000",E-commerce Website,8,Happy,Limited Time Flash Sale,Beauty/Cosmetics,No
27,Female,Student,"₹5,000 - ₹15,000",Physical In-Store,4,Neutral,Limited Time Flash Sale,Gaming/Digital,Yes
28,Male,Student,"₹2,000 - ₹5,000",Quick Commerce,5,Stressed,Social Media Ad,Gaming/Digital,Yes
29,Male,Employed,"₹5,000 - ₹15,000",E-commerce Website,7,Sad,Social Media Ad,Electronics,Yes
24,Female,Employed,"₹5,000 - ₹15,000",Social Media Stores,2,Neutral,Social Media Ad,Food/Snacks,No
26,Female,Employed,"₹5,000 - ₹15,000",Social Media Stores,2,Bored,Attractive Packaging,Food/Snacks,Yes
30,Other,Employed,"₹2,000 - ₹5,000",E-commerce Website,5,Sad,Social Media Ad,Electronics,No
36,Female,Employed,"₹5,000 - ₹15,000",E-commerce Website,0,Stressed,Limited Time Flash Sale,Electronics,Yes
18,Female,Employed,"₹5,000 - ₹15,000",E-commerce Website,3,Neutral,Heavy Discount,Electronics,Yes
25,Male,Unemployed,"₹2,000 - ₹5,000",Social Media Stores,7,Neutral,Free Shipping Threshold,Gaming/Digital,Yes
29,Other,Self-employed,"₹5,000 - ₹15,000",Physical In-Store,7,Sad,Social Media Ad,Electronics,Yes
20,Female,Employed,"Under ₹2,000",E-commerce Website,2,Happy,Free Shipping Threshold,Gaming/Digital,No
41,Female,Employed,"₹5,000 - ₹15,000",Social Media Stores,7,Stressed,Attractive Packaging,Clothing,No
22,Male,Employed,"Above ₹15,000",E-commerce Website,5,Stressed,Limited Time Flash Sale,Gaming/Digital,Yes
27,Female,Student,"₹2,000 - ₹5,000",E-commerce Website,8,Happy,Attractive Packaging,Gaming/Digital,No
32,Female,Student,"₹2,000 - ₹5,000",E-commerce Website,5,Happy,Heavy Discount,Gaming/Digital,No
23,Male,Self-employed,"Under ₹2,000",E-commerce Website,6,Happy,Attractive Packaging,Electronics,Yes
18,Male,Self-employed,"₹5,000 - ₹15,000",Social Media Stores,3,Neutral,Social Media Ad,Clothing,No
24,Male,Employed,"₹5,000 - ₹15,000",Quick Commerce,8,Neutral,Limited Time Flash Sale,Electronics,Yes
36,Female,Employed,"Under ₹2,000",Physical In-Store,5,Stressed,Heavy Discount,Clothing,No
25,Male,Student,"₹5,000 - ₹15,000",Quick Commerce,9,Happy,Social Media Ad,Food/Snacks,Yes
21,Male,Employed,"₹5,000 - ₹15,000",E-commerce Website,5,Neutral,Free Shipping Threshold,Electronics,Yes
35,Male,Employed,"Above ₹15,000",Social Media Stores,6,Neutral,Free Shipping Threshold,Clothing,No
25,Female,Employed,"₹5,000 - ₹15,000",Quick Commerce,4,Bored,Social Media Ad,Beauty/Cosmetics,Yes
23,Male,Self-employed,"₹2,000 - ₹5,000",E-commerce Website,6,Sad,Social Media Ad,Beauty/Cosmetics,No
29,Male,Student,"Above ₹15,000",Physical In-Store,8,Neutral,Free Shipping Threshold,Electronics,Yes
34,Other,Employed,"₹2,000 - ₹5,000",E-commerce Website,6,Stressed,Heavy Discount,Electronics,Yes
47,Other,Employed,"₹5,000 - ₹15,000",Social Media Stores,8,Happy,Limited Time Flash Sale,Electronics,Yes
34,Male,Unemployed,"₹5,000 - ₹15,000",E-commerce Website,6,Bored,Free Shipping Threshold,Food/Snacks,Yes
37,Female,Self-employed,"₹2,000 - ₹5,000",E-commerce Website,3,Neutral,Free Shipping Threshold,Gaming/Digital,Yes
23,Female,Employed,"Under ₹2,000",E-commerce Website,2,Neutral,Limited Time Flash Sale,Beauty/Cosmetics,No
19,Male,Unemployed,"Under ₹2,000",E-commerce Website,5,Neutral,Limited Time Flash Sale,Gaming/Digital,Yes
28,Male,Employed,"₹2,000 - ₹5,000",Social Media Stores,1,Sad,Social Media Ad,Food/Snacks,No
28,Female,Student,"₹2,000 - ₹5,000",Social Media Stores,0,Stressed,Attractive Packaging,Electronics,No
19,Male,Employed,"₹5,000 - ₹15,000",Social Media Stores,2,Bored,Limited Time Flash Sale,Clothing,Yes
26,Male,Student,"₹2,000 - ₹5,000",E-commerce Website,4,Stressed,Limited Time Flash Sale,Electronics,Yes
31,Female,Employed,"₹2,000 - ₹5,000",E-commerce Website,3,Bored,Attractive Packaging,Beauty/Cosmetics,Yes
30,Female,Self-employed,"₹2,000 - ₹5,000",E-commerce Website,6,Bored,Attractive Packaging,Clothing,No
32,Female,Employed,"₹2,000 - ₹5,000",Quick Commerce,3,Happy,Attractive Packaging,Gaming/Digital,No
30,Male,Student,"Under ₹2,000",E-commerce Website,6,Bored,Social Media Ad,Electronics,No
23,Female,Student,"Under ₹2,000",Quick Commerce,8,Bored,Heavy Discount,Clothing,Yes
23,Male,Student,"₹2,000 - ₹5,000",Physical In-Store,10,Happy,Free Shipping Threshold,Electronics,No
18,Female,Student,"Under ₹2,000",Quick Commerce,5,Happy,Free Shipping Threshold,Clothing,Yes
42,Female,Student,"₹2,000 - ₹5,000",Social Media Stores,6,Happy,Heavy Discount,Clothing,No
28,Female,Employed,"₹5,000 - ₹15,000",Quick Commerce,3,Bored,Heavy Discount,Electronics,No
26,Male,Employed,"₹2,000 - ₹5,000",E-commerce Website,7,Stressed,Attractive Packaging,Gaming/Digital,No
20,Female,Employed,"Under ₹2,000",E-commerce Website,4,Sad,Attractive Packaging,Food/Snacks,No
51,Female,Student,"Above ₹15,000",Social Media Stores,7,Sad,Attractive Packaging,Clothing,No
19,Female,Employed,"₹5,000 - ₹15,000",Social Media Stores,6,Happy,Social Media Ad,Beauty/Cosmetics,Yes
24,Male,Student,"Under ₹2,000",E-commerce Website,4,Neutral,Heavy Discount,Electronics,Yes
31,Female,Student,"Under ₹2,000",E-commerce Website,3,Happy,Heavy Discount,Clothing,Yes
32,Male,Employed,"₹5,000 - ₹15,000",Social Media Stores,4,Bored,Social Media Ad,Food/Snacks,No
35,Female,Student,"₹5,000 - ₹15,000",Quick Commerce,5,Neutral,Heavy Discount,Clothing,No
42,Female,Employed,"Under ₹2,000",E-commerce Website,10,Stressed,Attractive Packaging,Clothing,No
32,Male,Self-employed,"₹2,000 - ₹5,000",E-commerce Website,7,Bored,Attractive Packaging,Clothing,Yes
19,Male,Employed,"Above ₹15,000",Quick Commerce,7,Bored,Attractive Packaging,Food/Snacks,Yes
25,Male,Employed,"₹5,000 - ₹15,000",Social Media Stores,4,Stressed,Attractive Packaging,Clothing,Yes
30,Female,Student,"₹2,000 - ₹5,000",E-commerce Website,5,Happy,Attractive Packaging,Food/Snacks,Yes
44,Male,Self-employed,"₹2,000 - ₹5,000",Physical In-Store,6,Neutral,Limited Time Flash Sale,Electronics,No
18,Female,Student,"Under ₹2,000",Social Media Stores,8,Stressed,Attractive Packaging,Food/Snacks,No
37,Female,Student,"₹2,000 - ₹5,000",E-commerce Website,2,Happy,Limited Time Flash Sale,Gaming/Digital,No
29,Male,Student,"Above ₹15,000",Physical In-Store,5,Bored,Social Media Ad,Beauty/Cosmetics,No
34,Male,Employed,"Under ₹2,000",Social Media Stores,6,Happy,Social Media Ad,Gaming/Digital,No
27,Female,Employed,"Above ₹15,000",E-commerce Website,2,Stressed,Limited Time Flash Sale,Beauty/Cosmetics,Yes
21,Female,Unemployed,"₹2,000 - ₹5,000",E-commerce Website,2,Bored,Heavy Discount,Electronics,Yes
34,Male,Employed,"₹2,000 - ₹5,000",E-commerce Website,5,Happy,Attractive Packaging,Clothing,No
33,Male,Employed,"Under ₹2,000",Social Media Stores,0,Neutral,Free Shipping Threshold,Gaming/Digital,Yes
35,Female,Employed,"₹5,000 - ₹15,000",E-commerce Website,4,Happy,Heavy Discount,Gaming/Digital,Yes
27,Female,Employed,"₹2,000 - ₹5,000",Physical In-Store,11,Sad,Heavy Discount,Gaming/Digital,Yes
23,Male,Self-employed,"₹5,000 - ₹15,000",E-commerce Website,2,Bored,Free Shipping Threshold,Food/Snacks,Yes
18,Male,Employed,"₹5,000 - ₹15,000",Physical In-Store,6,Stressed,Free Shipping Threshold,Clothing,Yes
34,Male,Employed,"₹2,000 - ₹5,000",Social Media Stores,2,Neutral,Attractive Packaging,Beauty/Cosmetics,Yes
31,Female,Employed,"₹5,000 - ₹15,000",Quick Commerce,4,Stressed,Limited Time Flash Sale,Electronics,Yes
20,Male,Employed,"Under ₹2,000",Social Media Stores,7,Stressed,Attractive Packaging,Beauty/Cosmetics,Yes
23,Female,Student,"₹5,000 - ₹15,000",E-commerce Website,3,Bored,Attractive Packaging,Beauty/Cosmetics,Yes
24,Male,Student,"Under ₹2,000",E-commerce Website,7,Happy,Attractive Packaging,Clothing,No
18,Female,Employed,"₹2,000 - ₹5,000",E-commerce Website,4,Bored,Attractive Packaging,Gaming/Digital,No
21,Female,Self-employed,"₹5,000 - ₹15,000",E-commerce Website,5,Bored,Heavy Discount,Food/Snacks,No
18,Female,Employed,"Under ₹2,000",E-commerce Website,6,Bored,Heavy Discount,Food/Snacks,Yes
24,Male,Unemployed,"Above ₹15,000",Physical In-Store,7,Bored,Limited Time Flash Sale,Food/Snacks,Yes
22,Female,Student,"Above ₹15,000",Quick Commerce,4,Bored,Free Shipping Threshold,Gaming/Digital,Yes
18,Male,Employed,"₹2,000 - ₹5,000",Quick Commerce,3,Stressed,Social Media Ad,Electronics,Yes
44,Male,Employed,"Under ₹2,000",Social Media Stores,4,Bored,Limited Time Flash Sale,Beauty/Cosmetics,Yes
38,Male,Self-employed,"₹5,000 - ₹15,000",Physical In-Store,1,Happy,Attractive Packaging,Beauty/Cosmetics,No
21,Female,Student,"Above ₹15,000",Quick Commerce,5,Neutral,Attractive Packaging,Clothing,No
30,Female,Employed,"Under ₹2,000",Physical In-Store,7,Happy,Heavy Discount,Clothing,Yes
31,Female,Student,"Above ₹15,000",E-commerce Website,5,Neutral,Limited Time Flash Sale,Beauty/Cosmetics,Yes
37,Female,Employed,"Above ₹15,000",E-commerce Website,1,Bored,Free Shipping Threshold,Gaming/Digital,No
21,Male,Self-employed,"₹2,000 - ₹5,000",E-commerce Website,2,Sad,Social Media Ad,Gaming/Digital,No
36,Female,Employed,"₹5,000 - ₹15,000",E-commerce Website,5,Happy,Limited Time Flash Sale,Electronics,No
23,Female,Self-employed,"₹2,000 - ₹5,000",E-commerce Website,4,Stressed,Free Shipping Threshold,Beauty/Cosmetics,No
18,Female,Self-employed,"₹5,000 - ₹15,000",E-commerce Website,6,Bored,Attractive Packaging,Beauty/Cosmetics,Yes
33,Female,Student,"₹2,000 - ₹5,000",Quick Commerce,2,Happy,Social Media Ad,Gaming/Digital,Yes
38,Other,Employed,"Under ₹2,000",E-commerce Website,3,Neutral,Social Media Ad,Electronics,Yes
48,Female,Student,"₹5,000 - ₹15,000",E-commerce Website,4,Bored,Free Shipping Threshold,Food/Snacks,Yes
18,Female,Student,"Under ₹2,000",E-commerce Website,8,Neutral,Limited Time Flash Sale,Food/Snacks,No
33,Male,Employed,"₹5,000 - ₹15,000",Physical In-Store,9,Neutral,Limited Time Flash Sale,Clothing,Yes
24,Female,Employed,"Above ₹15,000",Social Media Stores,5,Neutral,Limited Time Flash Sale,Food/Snacks,Yes
34,Female,Employed,"₹2,000 - ₹5,000",E-commerce Website,10,Neutral,Social Media Ad,Clothing,No
18,Male,Student,"₹2,000 - ₹5,000",E-commerce Website,5,Sad,Free Shipping Threshold,Electronics,No
18,Male,Self-employed,"₹5,000 - ₹15,000",Social Media Stores,4,Neutral,Heavy Discount,Electronics,Yes
21,Male,Employed,"₹2,000 - ₹5,000",Quick Commerce,10,Neutral,Social Media Ad,Clothing,No
28,Female,Student,"₹5,000 - ₹15,000",E-commerce Website,9,Happy,Social Media Ad,Beauty/Cosmetics,Yes
22,Male,Employed,"₹2,000 - ₹5,000",E-commerce Website,7,Neutral,Limited Time Flash Sale,Food/Snacks,Yes
33,Male,Student,"₹5,000 - ₹15,000",Quick Commerce,9,Neutral,Heavy Discount,Beauty/Cosmetics,No
36,Female,Employed,"₹2,000 - ₹5,000",Social Media Stores,5,Bored,Heavy Discount,Electronics,No
32,Female,Employed,"Under ₹2,000",Quick Commerce,6,Stressed,Attractive Packaging,Clothing,Yes
40,Male,Employed,"Under ₹2,000",Quick Commerce,6,Neutral,Heavy Discount,Electronics,No
31,Male,Student,"Under ₹2,000",Social Media Stores,0,Stressed,Limited Time Flash Sale,Electronics,Yes
18,Female,Employed,"₹2,000 - ₹5,000",E-commerce Website,3,Neutral,Attractive Packaging,Clothing,Yes
38,Female,Student,"₹5,000 - ₹15,000",Social Media Stores,3,Sad,Heavy Discount,Food/Snacks,Yes
23,Male,Employed,"Under ₹2,000",Social Media Stores,4,Bored,Free Shipping Threshold,Food/Snacks,Yes
35,Female,Student,"Under ₹2,000",E-commerce Website,5,Stressed,Attractive Packaging,Food/Snacks,Yes
40,Male,Employed,"₹2,000 - ₹5,000",Social Media Stores,4,Neutral,Attractive Packaging,Gaming/Digital,No
31,Other,Student,"₹5,000 - ₹15,000",Social Media Stores,4,Stressed,Limited Time Flash Sale,Clothing,No
18,Male,Employed,"₹5,000 - ₹15,000",E-commerce Website,2,Stressed,Heavy Discount,Electronics,Yes
20,Male,Employed,"Under ₹2,000",E-commerce Website,8,Stressed,Heavy Discount,Food/Snacks,Yes
38,Male,Student,"Above ₹15,000",Physical In-Store,4,Stressed,Social Media Ad,Gaming/Digital,No
26,Male,Student,"Above ₹15,000",Quick Commerce,4,Bored,Limited Time Flash Sale,Electronics,Yes
28,Female,Employed,"₹2,000 - ₹5,000",Quick Commerce,2,Bored,Heavy Discount,Gaming/Digital,Yes
34,Female,Student,"₹5,000 - ₹15,000",E-commerce Website,9,Neutral,Free Shipping Threshold,Gaming/Digital,No
33,Female,Employed,"₹2,000 - ₹5,000",E-commerce Website,3,Happy,Social Media Ad,Food/Snacks,No
30,Male,Employed,"Above ₹15,000",Physical In-Store,4,Stressed,Free Shipping Threshold,Gaming/Digital,No
26,Male,Employed,"₹5,000 - ₹15,000",Physical In-Store,4,Neutral,Attractive Packaging,Beauty/Cosmetics,Yes
25,Male,Unemployed,"Above ₹15,000",Physical In-Store,5,Happy,Limited Time Flash Sale,Clothing,No
34,Male,Employed,"Under ₹2,000",E-commerce Website,7,Happy,Free Shipping Threshold,Clothing,Yes
32,Female,Employed,"₹2,000 - ₹5,000",E-commerce Website,7,Happy,Limited Time Flash Sale,Gaming/Digital,Yes
25,Male,Employed,"₹5,000 - ₹15,000",E-commerce Website,8,Stressed,Attractive Packaging,Electronics,Yes
36,Female,Self-employed,"₹5,000 - ₹15,000",Social Media Stores,5,Sad,Attractive Packaging,Electronics,No
26,Female,Student,"₹5,000 - ₹15,000",Quick Commerce,5,Bored,Social Media Ad,Gaming/Digital,Yes
21,Male,Self-employed,"Above ₹15,000",E-commerce Website,6,Happy,Free Shipping Threshold,Clothing,Yes
21,Female,Self-employed,"₹5,000 - ₹15,000",E-commerce Website,8,Neutral,Attractive Packaging,Electronics,No
20,Male,Employed,"₹5,000 - ₹15,000",Quick Commerce,9,Happy,Free Shipping Threshold,Food/Snacks,Yes
25,Male,Employed,"₹2,000 - ₹5,000",Quick Commerce,12,Happy,Limited Time Flash Sale,Beauty/Cosmetics,Yes
37,Female,Unemployed,"₹2,000 - ₹5,000",E-commerce Website,6,Happy,Social Media Ad,Electronics,Yes
21,Female,Employed,"₹2,000 - ₹5,000",E-commerce Website,3,Stressed,Attractive Packaging,Electronics,Yes
29,Male,Employed,"₹5,000 - ₹15,000",E-commerce Website,8,Neutral,Free Shipping Threshold,Gaming/Digital,No
22,Female,Employed,"₹2,000 - ₹5,000",E-commerce Website,5,Sad,Attractive Packaging,Beauty/Cosmetics,No
25,Male,Employed,"Under ₹2,000",E-commerce Website,5,Stressed,Free Shipping Threshold,Electronics,Yes
18,Female,Student,"Under ₹2,000",E-commerce Website,3,Happy,Social Media Ad,Clothing,No
26,Female,Employed,"Above ₹15,000",Social Media Stores,6,Neutral,Free Shipping Threshold,Clothing,Yes
26,Female,Employed,"Under ₹2,000",E-commerce Website,4,Neutral,Social Media Ad,Food/Snacks,Yes
32,Female,Self-employed,"Under ₹2,000",Social Media Stores,4,Neutral,Limited Time Flash Sale,Clothing,Yes
29,Female,Employed,"₹2,000 - ₹5,000",E-commerce Website,5,Bored,Limited Time Flash Sale,Electronics,No
18,Male,Self-employed,"₹2,000 - ₹5,000",E-commerce Website,4,Stressed,Limited Time Flash Sale,Clothing,Yes
36,Male,Employed,"₹2,000 - ₹5,000",Social Media Stores,8,Neutral,Attractive Packaging,Clothing,No
29,Female,Employed,"Under ₹2,000",Social Media Stores,8,Sad,Social Media Ad,Beauty/Cosmetics,Yes
29,Male,Student,"Under ₹2,000",E-commerce Website,4,Neutral,Free Shipping Threshold,Clothing,No
27,Female,Employed,"₹5,000 - ₹15,000",E-commerce Website,4,Stressed,Heavy Discount,Electronics,No
23,Female,Self-employed,"₹5,000 - ₹15,000",E-commerce Website,3,Sad,Limited Time Flash Sale,Electronics,Yes
29,Female,Student,"Under ₹2,000",E-commerce Website,3,Happy,Attractive Packaging,Clothing,Yes
31,Female,Self-employed,"₹5,000 - ₹15,000",Physical In-Store,1,Sad,Limited Time Flash Sale,Food/Snacks,No
18,Female,Student,"₹5,000 - ₹15,000",E-commerce Website,2,Happy,Limited Time Flash Sale,Beauty/Cosmetics,No
23,Female,Student,"₹5,000 - ₹15,000",Physical In-Store,3,Sad,Attractive Packaging,Beauty/Cosmetics,No
25,Female,Student,"₹2,000 - ₹5,000",E-commerce Website,7,Bored,Social Media Ad,Electronics,Yes
30,Female,Employed,"₹2,000 - ₹5,000",Social Media Stores,7,Neutral,Attractive Packaging,Beauty/Cosmetics,No
37,Male,Student,"₹5,000 - ₹15,000",E-commerce Website,4,Happy,Limited Time Flash Sale,Beauty/Cosmetics,Yes
21,Female,Employed,"₹2,000 - ₹5,000",E-commerce Website,2,Neutral,Attractive Packaging,Food/Snacks,No
24,Female,Employed,"₹2,000 - ₹5,000",Social Media Stores,3,Bored,Free Shipping Threshold,Beauty/Cosmetics,Yes
23,Female,Employed,"₹2,000 - ₹5,000",Social Media Stores,5,Bored,Limited Time Flash Sale,Food/Snacks,Yes
21,Male,Employed,"₹5,000 - ₹15,000",E-commerce Website,4,Stressed,Free Shipping Threshold,Clothing,No
25,Male,Employed,"₹2,000 - ₹5,000",E-commerce Website,3,Sad,Free Shipping Threshold,Beauty/Cosmetics,Yes
34,Female,Self-employed,"₹2,000 - ₹5,000",Social Media Stores,9,Stressed,Heavy Discount,Clothing,Yes
19,Female,Employed,"₹5,000 - ₹15,000",Quick Commerce,3,Neutral,Heavy Discount,Clothing,Yes
31,Male,Student,"Above ₹15,000",E-commerce Website,3,Bored,Limited Time Flash Sale,Gaming/Digital,Yes
18,Female,Employed,"₹2,000 - ₹5,000",Social Media Stores,4,Stressed,Attractive Packaging,Food/Snacks,No
23,Other,Employed,"₹2,000 - ₹5,000",Quick Commerce,1,Stressed,Limited Time Flash Sale,Food/Snacks,Yes
25,Female,Employed,"₹5,000 - ₹15,000",E-commerce Website,5,Bored,Free Shipping Threshold,Food/Snacks,Yes
41,Female,Self-employed,"Under ₹2,000",E-commerce Website,6,Sad,Limited Time Flash Sale,Gaming/Digital,Yes
25,Male,Self-employed,"₹5,000 - ₹15,000",Social Media Stores,3,Neutral,Social Media Ad,Food/Snacks,No
18,Female,Student,"₹5,000 - ₹15,000",Physical In-Store,1,Neutral,Attractive Packaging,Electronics,No
18,Female,Employed,"₹2,000 - ₹5,000",E-commerce Website,8,Stressed,Attractive Packaging,Electronics,No
28,Female,Employed,"Under ₹2,000",E-commerce Website,6,Neutral,Attractive Packaging,Food/Snacks,No
32,Male,Self-employed,"Under ₹2,000",E-commerce Website,7,Neutral,Free Shipping Threshold,Clothing,Yes
31,Male,Employed,"₹5,000 - ₹15,000",E-commerce Website,3,Bored,Free Shipping Threshold,Clothing,No
29,Female,Employed,"₹2,000 - ₹5,000",Social Media Stores,4,Neutral,Social Media Ad,Gaming/Digital,No
37,Male,Self-employed,"₹2,000 - ₹5,000",Quick Commerce,8,Bored,Free Shipping Threshold,Gaming/Digital,Yes
23,Female,Employed,"₹2,000 - ₹5,000",E-commerce Website,6,Bored,Limited Time Flash Sale,Food/Snacks,No
35,Other,Employed,"Under ₹2,000",Physical In-Store,5,Neutral,Heavy Discount,Gaming/Digital,No
18,Female,Self-employed,"₹5,000 - ₹15,000",Social Media Stores,4,Neutral,Heavy Discount,Electronics,No
20,Female,Self-employed,"₹2,000 - ₹5,000",E-commerce Website,7,Happy,Social Media Ad,Electronics,No
18,Female,Student,"₹5,000 - ₹15,000",Social Media Stores,2,Sad,Attractive Packaging,Electronics,Yes
25,Female,Employed,"₹2,000 - ₹5,000",Social Media Stores,13,Stressed,Social Media Ad,Food/Snacks,Yes
27,Female,Employed,"₹2,000 - ₹5,000",Quick Commerce,7,Neutral,Social Media Ad,Electronics,Yes
28,Female,Self-employed,"₹5,000 - ₹15,000",E-commerce Website,9,Neutral,Social Media Ad,Clothing,No
28,Female,Unemployed,"₹5,000 - ₹15,000",E-commerce Website,8,Bored,Heavy Discount,Gaming/Digital,Yes
20,Female,Employed,"₹5,000 - ₹15,000",E-commerce Website,3,Sad,Social Media Ad,Beauty/Cosmetics,Yes
26,Female,Employed,"Under ₹2,000",E-commerce Website,3,Neutral,Attractive Packaging,Beauty/Cosmetics,Yes
18,Male,Student,"₹2,000 - ₹5,000",Quick Commerce,4,Neutral,Free Shipping Threshold,Clothing,Yes
38,Female,Employed,"₹5,000 - ₹15,000",Quick Commerce,4,Neutral,Free Shipping Threshold,Electronics,No
25,Other,Employed,"Above ₹15,000",Quick Commerce,4,Bored,Heavy Discount,Electronics,Yes
24,Female,Employed,"Above ₹15,000",E-commerce Website,7,Neutral,Attractive Packaging,Beauty/Cosmetics,Yes
40,Female,Employed,"₹5,000 - ₹15,000",Social Media Stores,1,Happy,Free Shipping Threshold,Clothing,Yes
18,Female,Employed,"Under ₹2,000",E-commerce Website,8,Bored,Heavy Discount,Electronics,Yes
18,Female,Self-employed,"₹5,000 - ₹15,000",Quick Commerce,4,Sad,Social Media Ad,Electronics,No
19,Female,Student,"Above ₹15,000",E-commerce Website,6,Neutral,Free Shipping Threshold,Electronics,Yes
27,Female,Employed,"Under ₹2,000",E-commerce Website,5,Neutral,Free Shipping Threshold,Gaming/Digital,No
31,Male,Employed,"₹2,000 - ₹5,000",Quick Commerce,2,Neutral,Free Shipping Threshold,Gaming/Digital,Yes
33,Male,Employed,"₹5,000 - ₹15,000",Social Media Stores,5,Bored,Social Media Ad,Food/Snacks,Yes
48,Female,Employed,"₹2,000 - ₹5,000",Quick Commerce,7,Bored,Heavy Discount,Beauty/Cosmetics,Yes
18,Female,Student,"₹5,000 - ₹15,000",E-commerce Website,1,Neutral,Free Shipping Threshold,Clothing,No
32,Female,Student,"Above ₹15,000",Quick Commerce,6,Neutral,Social Media Ad,Beauty/Cosmetics,Yes
23,Male,Student,"Above ₹15,000",Social Media Stores,9,Stressed,Social Media Ad,Food/Snacks,No
23,Male,Student,"Above ₹15,000",Social Media Stores,7,Bored,Heavy Discount,Beauty/Cosmetics,Yes
23,Female,Employed,"₹2,000 - ₹5,000",E-commerce Website,4,Neutral,Heavy Discount,Gaming/Digital,Yes
20,Male,Student,"₹2,000 - ₹5,000",Social Media Stores,2,Stressed,Heavy Discount,Electronics,Yes
41,Female,Employed,"₹5,000 - ₹15,000",E-commerce Website,4,Neutral,Heavy Discount,Electronics,No
34,Female,Student,"₹2,000 - ₹5,000",E-commerce Website,7,Happy,Social Media Ad,Electronics,No
28,Female,Employed,"Under ₹2,000",E-commerce Website,4,Happy,Limited Time Flash Sale,Food/Snacks,Yes
38,Male,Employed,"₹5,000 - ₹15,000",Social Media Stores,1,Happy,Free Shipping Threshold,Electronics,Yes
18,Female,Employed,"₹2,000 - ₹5,000",E-commerce Website,5,Stressed,Social Media Ad,Electronics,Yes
18,Female,Employed,"Under ₹2,000",E-commerce Website,4,Bored,Attractive Packaging,Gaming/Digital,Yes
18,Male,Self-employed,"Under ₹2,000",Social Media Stores,4,Happy,Limited Time Flash Sale,Electronics,No
22,Male,Student,"Above ₹15,000",E-commerce Website,3,Stressed,Attractive Packaging,Clothing,Yes
29,Male,Employed,"₹2,000 - ₹5,000",E-commerce Website,7,Happy,Free Shipping Threshold,Food/Snacks,No
28,Male,Employed,"₹2,000 - ₹5,000",Quick Commerce,3,Happy,Attractive Packaging,Beauty/Cosmetics,Yes
29,Female,Student,"Above ₹15,000",E-commerce Website,4,Bored,Social Media Ad,Clothing,Yes
18,Female,Employed,"₹2,000 - ₹5,000",E-commerce Website,5,Bored,Free Shipping Threshold,Beauty/Cosmetics,Yes
34,Other,Student,"Under ₹2,000",E-commerce Website,8,Stressed,Social Media Ad,Beauty/Cosmetics,Yes
29,Female,Self-employed,"₹5,000 - ₹15,000",E-commerce Website,7,Stressed,Attractive Packaging,Beauty/Cosmetics,Yes
33,Female,Student,"Under ₹2,000",E-commerce Website,6,Bored,Heavy Discount,Electronics,No
18,Male,Student,"Under ₹2,000",Quick Commerce,8,Bored,Attractive Packaging,Food/Snacks,Yes
30,Female,Employed,"Above ₹15,000",Social Media Stores,5,Stressed,Attractive Packaging,Gaming/Digital,Yes
18,Female,Employed,"₹2,000 - ₹5,000",E-commerce Website,3,Sad,Heavy Discount,Gaming/Digital,No
24,Female,Employed,"₹5,000 - ₹15,000",E-commerce Website,3,Sad,Heavy Discount,Food/Snacks,No
32,Female,Student,"₹5,000 - ₹15,000",E-commerce Website,1,Bored,Heavy Discount,Clothing,No
28,Female,Self-employed,"₹2,000 - ₹5,000",Physical In-Store,6,Bored,Attractive Packaging,Food/Snacks,Yes
21,Female,Unemployed,"₹5,000 - ₹15,000",Quick Commerce,9,Happy,Limited Time Flash Sale,Beauty/Cosmetics,Yes
28,Female,Employed,"Under ₹2,000",E-commerce Website,5,Stressed,Free Shipping Threshold,Gaming/Digital,No
18,Male,Employed,"₹2,000 - ₹5,000",Social Media Stores,5,Stressed,Social Media Ad,Electronics,Yes
37,Female,Employed,"₹5,000 - ₹15,000",Social Media Stores,4,Happy,Free Shipping Threshold,Gaming/Digital,No
26,Female,Student,"₹2,000 - ₹5,000",Quick Commerce,6,Bored,Attractive Packaging,Gaming/Digital,Yes
36,Male,Employed,"₹5,000 - ₹15,000",E-commerce Website,5,Bored,Social Media Ad,Beauty/Cosmetics,No
23,Male,Student,"Under ₹2,000",E-commerce Website,6,Bored,Attractive Packaging,Beauty/Cosmetics,Yes
23,Female,Unemployed,"₹2,000 - ₹5,000",Physical In-Store,4,Bored,Limited Time Flash Sale,Gaming/Digital,Yes
21,Male,Student,"₹5,000 - ₹15,000",Quick Commerce,2,Bored,Social Media Ad,Gaming/Digital,Yes
35,Female,Employed,"₹2,000 - ₹5,000",E-commerce Website,1,Neutral,Attractive Packaging,Clothing,No
22,Female,Student,"Above ₹15,000",E-commerce Website,1,Neutral,Social Media Ad,Beauty/Cosmetics,No
33,Female,Employed,"₹5,000 - ₹15,000",Social Media Stores,5,Neutral,Free Shipping Threshold,Clothing,No
24,Female,Student,"Above ₹15,000",E-commerce Website,4,Sad,Free Shipping Threshold,Clothing,No
18,Female,Employed,"₹2,000 - ₹5,000",E-commerce Website,6,Stressed,Limited Time Flash Sale,Electronics,Yes
23,Male,Student,"Above ₹15,000",E-commerce Website,6,Bored,Limited Time Flash Sale,Clothing,Yes
18,Male,Self-employed,"₹5,000 - ₹15,000",E-commerce Website,4,Bored,Limited Time Flash Sale,Beauty/Cosmetics,Yes
28,Male,Self-employed,"₹5,000 - ₹15,000",Quick Commerce,5,Stressed,Limited Time Flash Sale,Beauty/Cosmetics,Yes
18,Male,Employed,"Above ₹15,000",E-commerce Website,8,Bored,Limited Time Flash Sale,Gaming/Digital,Yes
35,Other,Student,"₹5,000 - ₹15,000",E-commerce Website,3,Stressed,Limited Time Flash Sale,Clothing,Yes
27,Female,Student,"Above ₹15,000",Quick Commerce,4,Neutral,Free Shipping Threshold,Electronics,Yes
26,Male,Self-employed,"₹5,000 - ₹15,000",E-commerce Website,1,Stressed,Limited Time Flash Sale,Food/Snacks,Yes
33,Male,Student,"₹5,000 - ₹15,000",E-commerce Website,7,Bored,Heavy Discount,Gaming/Digital,No
35,Female,Student,"₹2,000 - ₹5,000",E-commerce Website,6,Stressed,Attractive Packaging,Gaming/Digital,Yes
27,Female,Employed,"Under ₹2,000",Quick Commerce,5,Bored,Free Shipping Threshold,Electronics,Yes
21,Male,Student,"₹5,000 - ₹15,000",Quick Commerce,3,Happy,Attractive Packaging,Beauty/Cosmetics,No
18,Other,Student,"Above ₹15,000",E-commerce Website,9,Sad,Free Shipping Threshold,Electronics,Yes
22,Male,Employed,"₹5,000 - ₹15,000",E-commerce Website,5,Stressed,Free Shipping Threshold,Electronics,No
23,Male,Employed,"₹5,000 - ₹15,000",Quick Commerce,6,Happy,Attractive Packaging,Beauty/Cosmetics,Yes
28,Male,Student,"₹5,000 - ₹15,000",E-commerce Website,5,Neutral,Limited Time Flash Sale,Gaming/Digital,Yes
25,Female,Employed,"₹2,000 - ₹5,000",E-commerce Website,9,Bored,Free Shipping Threshold,Beauty/Cosmetics,No
33,Male,Employed,"Under ₹2,000",Social Media Stores,3,Bored,Social Media Ad,Food/Snacks,Yes
23,Male,Employed,"₹2,000 - ₹5,000",Social Media Stores,7,Stressed,Limited Time Flash Sale,Clothing,Yes
27,Male,Student,"Under ₹2,000",Quick Commerce,5,Bored,Attractive Packaging,Beauty/Cosmetics,Yes
37,Female,Employed,"₹5,000 - ₹15,000",Quick Commerce,6,Neutral,Attractive Packaging,Food/Snacks,Yes
30,Male,Employed,"₹5,000 - ₹15,000",Quick Commerce,4,Bored,Free Shipping Threshold,Electronics,Yes
27,Male,Employed,"₹2,000 - ₹5,000",Quick Commerce,8,Bored,Free Shipping Threshold,Food/Snacks,No
23,Male,Student,"Under ₹2,000",Physical In-Store,9,Neutral,Social Media Ad,Clothing,No
22,Male,Student,"₹2,000 - ₹5,000",E-commerce Website,4,Stressed,Heavy Discount,Gaming/Digital,Yes
21,Female,Self-employed,"₹2,000 - ₹5,000",Quick Commerce,4,Happy,Social Media Ad,Electronics,Yes
23,Male,Employed,"₹2,000 - ₹5,000",Physical In-Store,2,Happy,Social Media Ad,Food/Snacks,Yes
34,Male,Employed,"₹2,000 - ₹5,000",Social Media Stores,6,Neutral,Limited Time Flash Sale,Gaming/Digital,Yes
26,Female,Self-employed,"₹2,000 - ₹5,000",Quick Commerce,5,Sad,Social Media Ad,Food/Snacks,No
18,Male,Employed,"Above ₹15,000",E-commerce Website,2,Stressed,Heavy Discount,Gaming/Digital,No
42,Male,Employed,"₹2,000 - ₹5,000",E-commerce Website,4,Neutral,Free Shipping Threshold,Food/Snacks,Yes
30,Male,Student,"₹5,000 - ₹15,000",E-commerce Website,4,Sad,Attractive Packaging,Food/Snacks,No
18,Female,Self-employed,"₹5,000 - ₹15,000",Physical In-Store,3,Neutral,Attractive Packaging,Electronics,No
24,Female,Employed,"₹2,000 - ₹5,000",Social Media Stores,10,Stressed,Heavy Discount,Electronics,No
28,Female,Employed,"₹5,000 - ₹15,000",Physical In-Store,5,Bored,Free Shipping Threshold,Electronics,Yes
41,Female,Employed,"₹5,000 - ₹15,000",Quick Commerce,5,Bored,Limited Time Flash Sale,Food/Snacks,Yes
19,Other,Self-employed,"Under ₹2,000",E-commerce Website,6,Happy,Free Shipping Threshold,Electronics,No
35,Female,Employed,"Under ₹2,000",Social Media Stores,2,Stressed,Limited Time Flash Sale,Food/Snacks,Yes
39,Female,Student,"₹5,000 - ₹15,000",Physical In-Store,4,Bored,Limited Time Flash Sale,Clothing,No
22,Male,Employed,"₹2,000 - ₹5,000",E-commerce Website,0,Neutral,Limited Time Flash Sale,Food/Snacks,No
25,Male,Employed,"₹2,000 - ₹5,000",E-commerce Website,8,Neutral,Free Shipping Threshold,Food/Snacks,No
19,Female,Student,"Under ₹2,000",Physical In-Store,5,Stressed,Limited Time Flash Sale,Food/Snacks,Yes
26,Other,Self-employed,"Under ₹2,000",Social Media Stores,4,Bored,Free Shipping Threshold,Gaming/Digital,Yes
27,Female,Student,"₹5,000 - ₹15,000",Quick Commerce,5,Bored,Social Media Ad,Electronics,Yes
33,Female,Employed,"₹5,000 - ₹15,000",Physical In-Store,5,Sad,Attractive Packaging,Food/Snacks,Yes
36,Female,Employed,"₹5,000 - ₹15,000",E-commerce Website,2,Sad,Free Shipping Threshold,Beauty/Cosmetics,No
22,Male,Employed,"₹2,000 - ₹5,000",Social Media Stores,5,Sad,Attractive Packaging,Electronics,No
18,Male,Employed,"Above ₹15,000",Quick Commerce,4,Neutral,Free Shipping Threshold,Electronics,No
27,Female,Unemployed,"₹5,000 - ₹15,000",E-commerce Website,3,Neutral,Limited Time Flash Sale,Electronics,No
30,Male,Employed,"₹5,000 - ₹15,000",Physical In-Store,2,Neutral,Attractive Packaging,Electronics,Yes
29,Female,Student,"Under ₹2,000",Physical In-Store,3,Stressed,Limited Time Flash Sale,Gaming/Digital,Yes
25,Female,Employed,"₹2,000 - ₹5,000",E-commerce Website,3,Neutral,Social Media Ad,Beauty/Cosmetics,Yes
28,Female,Student,"Above ₹15,000",Physical In-Store,7,Happy,Attractive Packaging,Beauty/Cosmetics,No
40,Male,Student,"₹2,000 - ₹5,000",E-commerce Website,4,Bored,Social Media Ad,Food/Snacks,Yes
31,Female,Student,"₹5,000 - ₹15,000",E-commerce Website,3,Happy,Limited Time Flash Sale,Beauty/Cosmetics,Yes
25,Male,Student,"₹5,000 - ₹15,000",E-commerce Website,3,Stressed,Heavy Discount,Beauty/Cosmetics,No
23,Male,Employed,"Under ₹2,000",E-commerce Website,5,Bored,Social Media Ad,Gaming/Digital,No
26,Female,Employed,"₹5,000 - ₹15,000",E-commerce Website,8,Bored,Social Media Ad,Clothing,Yes
41,Male,Student,"Under ₹2,000",Physical In-Store,5,Sad,Social Media Ad,Beauty/Cosmetics,No
26,Male,Employed,"₹5,000 - ₹15,000",E-commerce Website,3,Stressed,Social Media Ad,Beauty/Cosmetics,Yes
27,Male,Student,"Above ₹15,000",E-commerce Website,4,Happy,Limited Time Flash Sale,Food/Snacks,No
24,Female,Self-employed,"Above ₹15,000",E-commerce Website,4,Neutral,Heavy Discount,Clothing,No
36,Male,Employed,"₹5,000 - ₹15,000",Quick Commerce,9,Happy,Free Shipping Threshold,Gaming/Digital,Yes
43,Female,Student,"₹5,000 - ₹15,000",E-commerce Website,7,Neutral,Free Shipping Threshold,Food/Snacks,No
31,Female,Unemployed,"₹5,000 - ₹15,000",Social Media Stores,2,Stressed,Free Shipping Threshold,Clothing,No
28,Female,Employed,"₹5,000 - ₹15,000",E-commerce Website,8,Neutral,Limited Time Flash Sale,Gaming/Digital,No
28,Female,Employed,"Under ₹2,000",E-commerce Website,6,Neutral,Limited Time Flash Sale,Electronics,No
18,Male,Student,"Under ₹2,000",Social Media Stores,7,Happy,Heavy Discount,Beauty/Cosmetics,No
33,Male,Employed,"₹5,000 - ₹15,000",Physical In-Store,5,Stressed,Free Shipping Threshold,Beauty/Cosmetics,No
29,Male,Employed,"Under ₹2,000",Physical In-Store,4,Stressed,Free Shipping Threshold,Gaming/Digital,Yes
31,Male,Student,"Above ₹15,000",E-commerce Website,5,Stressed,Free Shipping Threshold,Electronics,No
22,Female,Student,"₹2,000 - ₹5,000",E-commerce Website,1,Sad,Attractive Packaging,Food/Snacks,No
24,Male,Employed,"₹2,000 - ₹5,000",E-commerce Website,6,Stressed,Free Shipping Threshold,Food/Snacks,Yes
24,Male,Student,"₹2,000 - ₹5,000",Social Media Stores,7,Neutral,Attractive Packaging,Electronics,Yes
36,Female,Student,"Above ₹15,000",Physical In-Store,12,Sad,Attractive Packaging,Food/Snacks,No
24,Female,Employed,"Above ₹15,000",Quick Commerce,10,Stressed,Limited Time Flash Sale,Electronics,Yes
44,Female,Self-employed,"Under ₹2,000",E-commerce Website,6,Neutral,Heavy Discount,Clothing,No
31,Female,Student,"₹5,000 - ₹15,000",E-commerce Website,2,Neutral,Free Shipping Threshold,Gaming/Digital,Yes
18,Female,Student,"₹5,000 - ₹15,000",Quick Commerce,4,Happy,Attractive Packaging,Beauty/Cosmetics,Yes
26,Female,Self-employed,"₹5,000 - ₹15,000",Physical In-Store,3,Bored,Limited Time Flash Sale,Beauty/Cosmetics,Yes
22,Male,Student,"₹5,000 - ₹15,000",Quick Commerce,2,Happy,Free Shipping Threshold,Gaming/Digital,Yes
18,Other,Employed,"₹2,000 - ₹5,000",Physical In-Store,2,Happy,Attractive Packaging,Electronics,No
40,Female,Unemployed,"₹5,000 - ₹15,000",E-commerce Website,5,Bored,Social Media Ad,Beauty/Cosmetics,Yes
33,Male,Self-employed,"₹2,000 - ₹5,000",E-commerce Website,5,Neutral,Heavy Discount,Clothing,No
32,Male,Student,"Under ₹2,000",E-commerce Website,9,Sad,Social Media Ad,Clothing,No
29,Female,Employed,"Under ₹2,000",E-commerce Website,6,Stressed,Limited Time Flash Sale,Clothing,Yes
18,Female,Student,"Under ₹2,000",E-commerce Website,7,Happy,Social Media Ad,Gaming/Digital,No
24,Male,Self-employed,"₹5,000 - ₹15,000",Physical In-Store,4,Neutral,Heavy Discount,Electronics,No
34,Male,Unemployed,"Under ₹2,000",Physical In-Store,4,Bored,Free Shipping Threshold,Food/Snacks,Yes
19,Female,Student,"₹5,000 - ₹15,000",E-commerce Website,6,Stressed,Social Media Ad,Gaming/Digital,Yes
18,Female,Employed,"₹5,000 - ₹15,000",Quick Commerce,5,Neutral,Attractive Packaging,Clothing,No
26,Male,Self-employed,"Above ₹15,000",E-commerce Website,3,Bored,Free Shipping Threshold,Food/Snacks,Yes
26,Male,Student,"₹5,000 - ₹15,000",Social Media Stores,10,Happy,Limited Time Flash Sale,Gaming/Digital,No
29,Female,Student,"Above ₹15,000",E-commerce Website,7,Happy,Free Shipping Threshold,Electronics,No
33,Male,Student,"Under ₹2,000",Physical In-Store,3,Neutral,Limited Time Flash Sale,Electronics,No
33,Female,Employed,"₹5,000 - ₹15,000",E-commerce Website,7,Stressed,Free Shipping Threshold,Electronics,No
30,Male,Self-employed,"Under ₹2,000",Quick Commerce,4,Neutral,Social Media Ad,Gaming/Digital,Yes
37,Male,Self-employed,"₹5,000 - ₹15,000",Quick Commerce,7,Bored,Heavy Discount,Electronics,Yes
18,Male,Student,"₹2,000 - ₹5,000",E-commerce Website,6,Stressed,Attractive Packaging,Clothing,Yes
32,Male,Student,"₹5,000 - ₹15,000",E-commerce Website,13,Stressed,Free Shipping Threshold,Gaming/Digital,No
33,Male,Employed,"₹2,000 - ₹5,000",E-commerce Website,4,Bored,Free Shipping Threshold,Food/Snacks,Yes
18,Male,Employed,"Under ₹2,000",Social Media Stores,10,Neutral,Attractive Packaging,Beauty/Cosmetics,Yes
18,Female,Employed,"₹5,000 - ₹15,000",E-commerce Website,7,Neutral,Social Media Ad,Beauty/Cosmetics,No
22,Male,Employed,"Above ₹15,000",Quick Commerce,2,Bored,Limited Time Flash Sale,Clothing,Yes
22,Female,Employed,"Under ₹2,000",Social Media Stores,6,Happy,Social Media Ad,Clothing,No
34,Male,Student,"Above ₹15,000",Quick Commerce,5,Bored,Social Media Ad,Food/Snacks,Yes
23,Female,Employed,"Under ₹2,000",E-commerce Website,4,Bored,Free Shipping Threshold,Gaming/Digital,No
21,Male,Unemployed,"₹5,000 - ₹15,000",Social Media Stores,3,Sad,Limited Time Flash Sale,Clothing,No
23,Male,Student,"Above ₹15,000",E-commerce Website,7,Neutral,Heavy Discount,Beauty/Cosmetics,Yes
36,Female,Employed,"Under ₹2,000",E-commerce Website,5,Happy,Limited Time Flash Sale,Gaming/Digital,Yes
28,Female,Student,"₹2,000 - ₹5,000",Physical In-Store,4,Bored,Attractive Packaging,Food/Snacks,No
26,Female,Employed,"₹2,000 - ₹5,000",Social Media Stores,6,Neutral,Limited Time Flash Sale,Clothing,No
27,Female,Employed,"₹2,000 - ₹5,000",E-commerce Website,1,Neutral,Attractive Packaging,Beauty/Cosmetics,No
38,Female,Employed,"₹5,000 - ₹15,000",Social Media Stores,2,Happy,Free Shipping Threshold,Electronics,Yes
22,Male,Self-employed,"₹5,000 - ₹15,000",Social Media Stores,3,Stressed,Attractive Packaging,Clothing,Yes
38,Female,Employed,"Above ₹15,000",Social Media Stores,7,Stressed,Free Shipping Threshold,Electronics,No
29,Female,Employed,"Under ₹2,000",Physical In-Store,8,Sad,Heavy Discount,Gaming/Digital,No
26,Other,Student,"₹5,000 - ₹15,000",Quick Commerce,6,Neutral,Limited Time Flash Sale,Gaming/Digital,Yes
48,Female,Employed,"₹2,000 - ₹5,000",Physical In-Store,8,Neutral,Heavy Discount,Food/Snacks,No
19,Male,Student,"Above ₹15,000",Quick Commerce,5,Neutral,Heavy Discount,Clothing,Yes
25,Male,Self-employed,"Under ₹2,000",E-commerce Website,2,Stressed,Social Media Ad,Gaming/Digital,No
18,Female,Student,"Above ₹15,000",Quick Commerce,10,Stressed,Limited Time Flash Sale,Clothing,Yes
35,Female,Student,"₹2,000 - ₹5,000",E-commerce Website,4,Sad,Social Media Ad,Beauty/Cosmetics,Yes
41,Female,Student,"₹5,000 - ₹15,000",Social Media Stores,5,Sad,Attractive Packaging,Beauty/Cosmetics,No
41,Female,Unemployed,"₹2,000 - ₹5,000",E-commerce Website,3,Neutral,Free Shipping Threshold,Beauty/Cosmetics,Yes
37,Male,Employed,"Above ₹15,000",Social Media Stores,8,Neutral,Attractive Packaging,Clothing,No
26,Male,Student,"₹5,000 - ₹15,000",E-commerce Website,4,Neutral,Social Media Ad,Food/Snacks,No
25,Male,Student,"₹5,000 - ₹15,000",Social Media Stores,6,Bored,Attractive Packaging,Food/Snacks,Yes
18,Female,Employed,"₹5,000 - ₹15,000",E-commerce Website,4,Neutral,Free Shipping Threshold,Gaming/Digital,No
44,Female,Student,"₹2,000 - ₹5,000",Social Media Stores,4,Neutral,Free Shipping Threshold,Beauty/Cosmetics,No
31,Male,Employed,"Under ₹2,000",E-commerce Website,4,Neutral,Attractive Packaging,Electronics,Yes
24,Female,Student,"₹5,000 - ₹15,000",E-commerce Website,6,Bored,Limited Time Flash Sale,Gaming/Digital,Yes
38,Male,Employed,"₹2,000 - ₹5,000",Quick Commerce,4,Neutral,Heavy Discount,Food/Snacks,Yes
20,Male,Student,"₹5,000 - ₹15,000",Quick Commerce,3,Neutral,Free Shipping Threshold,Clothing,Yes
31,Female,Employed,"₹5,000 - ₹15,000",Social Media Stores,5,Stressed,Limited Time Flash Sale,Electronics,Yes
26,Male,Employed,"₹2,000 - ₹5,000",Quick Commerce,3,Happy,Attractive Packaging,Electronics,Yes
33,Female,Student,"₹5,000 - ₹15,000",E-commerce Website,5,Bored,Heavy Discount,Gaming/Digital,Yes
27,Female,Employed,"₹5,000 - ₹15,000",E-commerce Website,3,Stressed,Free Shipping Threshold,Electronics,Yes
18,Female,Employed,"₹5,000 - ₹15,000",E-commerce Website,5,Bored,Heavy Discount,Gaming/Digital,No
28,Male,Student,"₹5,000 - ₹15,000",E-commerce Website,7,Sad,Limited Time Flash Sale,Electronics,No
36,Female,Employed,"Under ₹2,000",E-commerce Website,5,Happy,Limited Time Flash Sale,Clothing,Yes
27,Female,Employed,"Above ₹15,000",Social Media Stores,2,Neutral,Limited Time Flash Sale,Beauty/Cosmetics,Yes
34,Female,Employed,"₹2,000 - ₹5,000",E-commerce Website,7,Happy,Social Media Ad,Electronics,No
19,Female,Student,"Above ₹15,000",E-commerce Website,6,Neutral,Free Shipping Threshold,Clothing,No
27,Male,Student,"₹2,000 - ₹5,000",E-commerce Website,2,Neutral,Attractive Packaging,Beauty/Cosmetics,No
23,Male,Student,"Under ₹2,000",E-commerce Website,8,Bored,Attractive Packaging,Clothing,Yes
33,Female,Employed,"₹5,000 - ₹15,000",E-commerce Website,9,Neutral,Free Shipping Threshold,Beauty/Cosmetics,Yes
28,Female,Employed,"₹2,000 - ₹5,000",Physical In-Store,10,Bored,Limited Time Flash Sale,Electronics,Yes
33,Male,Employed,"Above ₹15,000",Quick Commerce,7,Bored,Limited Time Flash Sale,Beauty/Cosmetics,Yes
36,Male,Employed,"Under ₹2,000",E-commerce Website,4,Happy,Social Media Ad,Gaming/Digital,No
33,Female,Student,"Under ₹2,000",Quick Commerce,6,Happy,Limited Time Flash Sale,Beauty/Cosmetics,Yes
30,Male,Unemployed,"Under ₹2,000",E-commerce Website,6,Neutral,Heavy Discount,Electronics,Yes
20,Male,Student,"₹2,000 - ₹5,000",E-commerce Website,5,Stressed,Social Media Ad,Gaming/Digital,Yes
27,Male,Employed,"₹5,000 - ₹15,000",E-commerce Website,4,Stressed,Limited Time Flash Sale,Gaming/Digital,Yes
23,Male,Employed,"₹5,000 - ₹15,000",Social Media Stores,7,Neutral,Free Shipping Threshold,Beauty/Cosmetics,No
25,Female,Self-employed,"₹2,000 - ₹5,000",Quick Commerce,6,Stressed,Attractive Packaging,Clothing,Yes
25,Male,Student,"Under ₹2,000",E-commerce Website,3,Neutral,Attractive Packaging,Clothing,No
20,Male,Employed,"₹2,000 - ₹5,000",E-commerce Website,4,Bored,Limited Time Flash Sale,Gaming/Digital,No
18,Male,Employed,"Under ₹2,000",E-commerce Website,5,Stressed,Limited Time Flash Sale,Clothing,Yes
22,Male,Unemployed,"₹5,000 - ₹15,000",E-commerce Website,2,Neutral,Attractive Packaging,Beauty/Cosmetics,No
29,Female,Unemployed,"₹5,000 - ₹15,000",Quick Commerce,4,Happy,Social Media Ad,Beauty/Cosmetics,No
18,Male,Student,"₹5,000 - ₹15,000",E-commerce Website,4,Neutral,Attractive Packaging,Gaming/Digital,Yes
28,Female,Employed,"Above ₹15,000",Physical In-Store,4,Stressed,Heavy Discount,Gaming/Digital,No
43,Male,Employed,"Above ₹15,000",Quick Commerce,3,Bored,Social Media Ad,Clothing,No
36,Male,Student,"₹2,000 - ₹5,000",E-commerce Website,2,Neutral,Attractive Packaging,Clothing,No
41,Male,Student,"₹2,000 - ₹5,000",Social Media Stores,6,Bored,Free Shipping Threshold,Electronics,Yes
31,Male,Unemployed,"Above ₹15,000",Social Media Stores,8,Sad,Social Media Ad,Food/Snacks,No
37,Female,Employed,"₹5,000 - ₹15,000",Physical In-Store,6,Happy,Limited Time Flash Sale,Food/Snacks,No
22,Female,Student,"₹2,000 - ₹5,000",Physical In-Store,8,Neutral,Free Shipping Threshold,Clothing,No
22,Female,Student,"₹5,000 - ₹15,000",Physical In-Store,2,Stressed,Social Media Ad,Gaming/Digital,No
18,Male,Student,"Above ₹15,000",Quick Commerce,7,Neutral,Social Media Ad,Electronics,No
37,Male,Employed,"₹5,000 - ₹15,000",Social Media Stores,6,Sad,Social Media Ad,Clothing,No
40,Male,Employed,"₹2,000 - ₹5,000",E-commerce Website,6,Bored,Social Media Ad,Electronics,No
23,Female,Employed,"Above ₹15,000",Social Media Stores,8,Sad,Limited Time Flash Sale,Food/Snacks,No
25,Male,Student,"Above ₹15,000",Social Media Stores,4,Happy,Heavy Discount,Food/Snacks,No
21,Male,Employed,"₹2,000 - ₹5,000",Physical In-Store,4,Neutral,Limited Time Flash Sale,Clothing,No
31,Male,Student,"Above ₹15,000",E-commerce Website,4,Happy,Free Shipping Threshold,Clothing,Yes
36,Male,Self-employed,"Above ₹15,000",Social Media Stores,10,Happy,Heavy Discount,Electronics,No
18,Female,Student,"Under ₹2,000",E-commerce Website,3,Sad,Free Shipping Threshold,Clothing,Yes
31,Female,Employed,"₹5,000 - ₹15,000",Quick Commerce,2,Happy,Heavy Discount,Beauty/Cosmetics,Yes
25,Female,Employed,"₹2,000 - ₹5,000",Social Media Stores,8,Happy,Heavy Discount,Clothing,Yes
28,Female,Employed,"₹5,000 - ₹15,000",Physical In-Store,10,Happy,Heavy Discount,Food/Snacks,No
31,Female,Student,"Above ₹15,000",Quick Commerce,4,Neutral,Social Media Ad,Food/Snacks,Yes
26,Male,Employed,"₹2,000 - ₹5,000",Physical In-Store,4,Bored,Attractive Packaging,Electronics,Yes
27,Female,Self-employed,"₹2,000 - ₹5,000",Quick Commerce,7,Bored,Heavy Discount,Clothing,Yes
26,Male,Student,"Above ₹15,000",E-commerce Website,4,Neutral,Social Media Ad,Food/Snacks,Yes
35,Male,Student,"Above ₹15,000",Social Media Stores,7,Neutral,Social Media Ad,Beauty/Cosmetics,Yes
31,Female,Employed,"Under ₹2,000",Social Media Stores,3,Sad,Heavy Discount,Gaming/Digital,Yes
29,Female,Student,"Above ₹15,000",E-commerce Website,3,Bored,Attractive Packaging,Clothing,No
18,Female,Employed,"Under ₹2,000",E-commerce Website,3,Happy,Social Media Ad,Beauty/Cosmetics,Yes
24,Female,Student,"₹2,000 - ₹5,000",E-commerce Website,5,Stressed,Attractive Packaging,Beauty/Cosmetics,No
35,Male,Employed,"₹5,000 - ₹15,000",E-commerce Website,5,Happy,Free Shipping Threshold,Electronics,No
28,Male,Employed,"₹5,000 - ₹15,000",E-commerce Website,6,Bored,Heavy Discount,Electronics,Yes
33,Male,Student,"₹5,000 - ₹15,000",Quick Commerce,6,Bored,Attractive Packaging,Electronics,Yes
42,Female,Employed,"Under ₹2,000",Social Media Stores,2,Bored,Free Shipping Threshold,Gaming/Digital,Yes
36,Other,Employed,"Under ₹2,000",E-commerce Website,7,Neutral,Heavy Discount,Food/Snacks,No
28,Male,Student,"Above ₹15,000",Social Media Stores,4,Bored,Social Media Ad,Electronics,Yes
23,Male,Employed,"Under ₹2,000",E-commerce Website,2,Bored,Heavy Discount,Beauty/Cosmetics,Yes
18,Female,Employed,"Under ₹2,000",Quick Commerce,7,Bored,Free Shipping Threshold,Gaming/Digital,Yes
26,Female,Student,"₹5,000 - ₹15,000",E-commerce Website,8,Happy,Limited Time Flash Sale,Clothing,No
25,Female,Unemployed,"₹5,000 - ₹15,000",E-commerce Website,6,Bored,Limited Time Flash Sale,Food/Snacks,Yes
31,Male,Employed,"₹2,000 - ₹5,000",Physical In-Store,11,Happy,Heavy Discount,Beauty/Cosmetics,No
26,Other,Student,"Under ₹2,000",Quick Commerce,7,Sad,Social Media Ad,Electronics,Yes
25,Female,Self-employed,"Above ₹15,000",E-commerce Website,5,Happy,Limited Time Flash Sale,Gaming/Digital,Yes
18,Male,Employed,"Above ₹15,000",E-commerce Website,10,Neutral,Free Shipping Threshold,Gaming/Digital,Yes
20,Female,Employed,"Under ₹2,000",E-commerce Website,3,Happy,Social Media Ad,Clothing,Yes
31,Female,Student,"₹5,000 - ₹15,000",E-commerce Website,6,Bored,Social Media Ad,Food/Snacks,No
41,Male,Employed,"₹2,000 - ₹5,000",E-commerce Website,4,Sad,Free Shipping Threshold,Clothing,Yes
27,Female,Employed,"₹5,000 - ₹15,000",Social Media Stores,4,Stressed,Attractive Packaging,Food/Snacks,No
30,Female,Employed,"₹2,000 - ₹5,000",Physical In-Store,6,Happy,Social Media Ad,Clothing,No
35,Female,Student,"₹5,000 - ₹15,000",E-commerce Website,2,Neutral,Limited Time Flash Sale,Beauty/Cosmetics,Yes
21,Male,Student,"₹5,000 - ₹15,000",E-commerce Website,7,Stressed,Social Media Ad,Food/Snacks,No
30,Other,Employed,"₹5,000 - ₹15,000",E-commerce Website,9,Neutral,Heavy Discount,Beauty/Cosmetics,Yes
22,Male,Student,"Above ₹15,000",E-commerce Website,6,Happy,Free Shipping Threshold,Beauty/Cosmetics,No
34,Female,Employed,"₹2,000 - ₹5,000",E-commerce Website,7,Neutral,Social Media Ad,Electronics,No
29,Female,Employed,"₹5,000 - ₹15,000",Physical In-Store,5,Neutral,Limited Time Flash Sale,Food/Snacks,No
30,Male,Self-employed,"₹2,000 - ₹5,000",E-commerce Website,3,Sad,Free Shipping Threshold,Gaming/Digital,No
21,Male,Employed,"Under ₹2,000",E-commerce Website,5,Stressed,Free Shipping Threshold,Electronics,No
33,Female,Student,"₹2,000 - ₹5,000",E-commerce Website,4,Neutral,Attractive Packaging,Electronics,No
44,Male,Self-employed,"₹2,000 - ₹5,000",E-commerce Website,6,Neutral,Social Media Ad,Beauty/Cosmetics,No
19,Female,Self-employed,"₹2,000 - ₹5,000",Social Media Stores,3,Neutral,Limited Time Flash Sale,Food/Snacks,No
25,Female,Employed,"₹5,000 - ₹15,000",Social Media Stores,5,Neutral,Limited Time Flash Sale,Beauty/Cosmetics,No
29,Female,Student,"₹5,000 - ₹15,000",E-commerce Website,5,Stressed,Attractive Packaging,Clothing,Yes
34,Female,Employed,"Above ₹15,000",E-commerce Website,5,Bored,Social Media Ad,Clothing,No
23,Male,Employed,"₹5,000 - ₹15,000",E-commerce Website,2,Happy,Free Shipping Threshold,Gaming/Digital,Yes
18,Male,Student,"₹2,000 - ₹5,000",Quick Commerce,1,Bored,Social Media Ad,Food/Snacks,Yes
38,Female,Employed,"Under ₹2,000",E-commerce Website,6,Happy,Attractive Packaging,Beauty/Cosmetics,No
34,Female,Employed,"Above ₹15,000",Physical In-Store,5,Happy,Heavy Discount,Beauty/Cosmetics,No
18,Male,Employed,"Under ₹2,000",E-commerce Website,7,Happy,Social Media Ad,Beauty/Cosmetics,No
23,Female,Employed,"Under ₹2,000",E-commerce Website,2,Bored,Heavy Discount,Electronics,No
40,Female,Employed,"Under ₹2,000",E-commerce Website,3,Neutral,Heavy Discount,Clothing,Yes
39,Male,Employed,"₹2,000 - ₹5,000",Quick Commerce,3,Happy,Heavy Discount,Food/Snacks,No
35,Other,Employed,"₹5,000 - ₹15,000",E-commerce Website,9,Sad,Social Media Ad,Gaming/Digital,No
26,Female,Student,"Under ₹2,000",E-commerce Website,7,Bored,Social Media Ad,Electronics,Yes
28,Male,Employed,"₹5,000 - ₹15,000",Quick Commerce,6,Sad,Limited Time Flash Sale,Gaming/Digital,No
26,Male,Employed,"₹2,000 - ₹5,000",E-commerce Website,5,Stressed,Limited Time Flash Sale,Beauty/Cosmetics,Yes
37,Female,Unemployed,"₹5,000 - ₹15,000",E-commerce Website,1,Sad,Free Shipping Threshold,Electronics,Yes
20,Female,Employed,"₹5,000 - ₹15,000",E-commerce Website,3,Neutral,Heavy Discount,Beauty/Cosmetics,Yes
21,Male,Student,"₹5,000 - ₹15,000",Physical In-Store,5,Sad,Limited Time Flash Sale,Beauty/Cosmetics,Yes
36,Male,Unemployed,"₹2,000 - ₹5,000",Social Media Stores,10,Happy,Attractive Packaging,Clothing,No
27,Male,Employed,"₹2,000 - ₹5,000",E-commerce Website,3,Sad,Limited Time Flash Sale,Gaming/Digital,No
39,Female,Self-employed,"₹5,000 - ₹15,000",Social Media Stores,5,Sad,Free Shipping Threshold,Beauty/Cosmetics,Yes
22,Male,Student,"₹2,000 - ₹5,000",Social Media Stores,4,Happy,Attractive Packaging,Food/Snacks,Yes
27,Male,Employed,"₹2,000 - ₹5,000",E-commerce Website,11,Neutral,Free Shipping Threshold,Beauty/Cosmetics,No
20,Female,Student,"Above ₹15,000",E-commerce Website,3,Happy,Attractive Packaging,Gaming/Digital,No
28,Female,Self-employed,"Above ₹15,000",E-commerce Website,2,Happy,Attractive Packaging,Gaming/Digital,No
18,Female,Self-employed,"Above ₹15,000",Quick Commerce,5,Stressed,Attractive Packaging,Food/Snacks,Yes
24,Male,Employed,"Above ₹15,000",Physical In-Store,3,Neutral,Free Shipping Threshold,Food/Snacks,Yes
18,Male,Student,"Above ₹15,000",E-commerce Website,6,Happy,Limited Time Flash Sale,Clothing,No
33,Male,Student,"₹5,000 - ₹15,000",Quick Commerce,5,Bored,Limited Time Flash Sale,Gaming/Digital,Yes
33,Other,Employed,"₹2,000 - ₹5,000",E-commerce Website,2,Stressed,Limited Time Flash Sale,Clothing,Yes
18,Female,Employed,"Above ₹15,000",E-commerce Website,8,Bored,Heavy Discount,Food/Snacks,Yes
38,Male,Employed,"Above ₹15,000",E-commerce Website,5,Bored,Free Shipping Threshold,Food/Snacks,Yes
47,Male,Employed,"₹2,000 - ₹5,000",E-commerce Website,4,Neutral,Social Media Ad,Electronics,No
28,Female,Employed,"₹2,000 - ₹5,000",E-commerce Website,3,Sad,Attractive Packaging,Beauty/Cosmetics,No
22,Female,Student,"Under ₹2,000",Quick Commerce,1,Bored,Limited Time Flash Sale,Clothing,Yes
50,Female,Employed,"Above ₹15,000",E-commerce Website,2,Neutral,Social Media Ad,Electronics,No
18,Female,Employed,"₹5,000 - ₹15,000",E-commerce Website,3,Happy,Limited Time Flash Sale,Electronics,Yes
28,Female,Self-employed,"₹2,000 - ₹5,000",E-commerce Website,8,Bored,Free Shipping Threshold,Electronics,No
29,Female,Employed,"₹2,000 - ₹5,000",Social Media Stores,7,Happy,Social Media Ad,Food/Snacks,No
38,Female,Employed,"Above ₹15,000",Social Media Stores,4,Stressed,Social Media Ad,Electronics,Yes
30,Female,Student,"₹5,000 - ₹15,000",E-commerce Website,7,Stressed,Social Media Ad,Beauty/Cosmetics,Yes
24,Female,Self-employed,"₹2,000 - ₹5,000",E-commerce Website,7,Happy,Attractive Packaging,Electronics,Yes
20,Other,Student,"₹2,000 - ₹5,000",Social Media Stores,3,Happy,Limited Time Flash Sale,Gaming/Digital,No
25,Male,Employed,"Under ₹2,000",E-commerce Website,6,Happy,Limited Time Flash Sale,Electronics,Yes
19,Male,Self-employed,"Under ₹2,000",E-commerce Website,3,Stressed,Heavy Discount,Food/Snacks,Yes
28,Female,Employed,"₹5,000 - ₹15,000",E-commerce Website,5,Sad,Limited Time Flash Sale,Food/Snacks,Yes
23,Female,Employed,"₹5,000 - ₹15,000",E-commerce Website,3,Neutral,Attractive Packaging,Gaming/Digital,Yes
18,Female,Student,"₹2,000 - ₹5,000",E-commerce Website,2,Neutral,Social Media Ad,Gaming/Digital,No
38,Male,Self-employed,"₹5,000 - ₹15,000",Quick Commerce,9,Neutral,Free Shipping Threshold,Gaming/Digital,No
24,Female,Student,"Under ₹2,000",E-commerce Website,4,Happy,Free Shipping Threshold,Food/Snacks,No
18,Male,Student,"Above ₹15,000",E-commerce Website,5,Bored,Heavy Discount,Beauty/Cosmetics,Yes
26,Female,Student,"₹2,000 - ₹5,000",E-commerce Website,7,Sad,Heavy Discount,Electronics,Yes
28,Male,Student,"Under ₹2,000",E-commerce Website,10,Sad,Social Media Ad,Gaming/Digital,No
18,Male,Unemployed,"Under ₹2,000",Physical In-Store,1,Neutral,Attractive Packaging,Electronics,No
30,Male,Employed,"Under ₹2,000",Physical In-Store,7,Stressed,Social Media Ad,Electronics,Yes
19,Female,Employed,"Under ₹2,000",E-commerce Website,5,Neutral,Attractive Packaging,Clothing,Yes
41,Male,Unemployed,"₹2,000 - ₹5,000",E-commerce Website,5,Bored,Heavy Discount,Electronics,No
32,Male,Student,"₹5,000 - ₹15,000",E-commerce Website,10,Stressed,Attractive Packaging,Clothing,No
24,Male,Student,"₹2,000 - ₹5,000",Quick Commerce,4,Sad,Social Media Ad,Food/Snacks,No
22,Male,Employed,"₹2,000 - ₹5,000",E-commerce Website,11,Happy,Social Media Ad,Electronics,No
27,Female,Employed,"Above ₹15,000",Social Media Stores,3,Bored,Limited Time Flash Sale,Beauty/Cosmetics,Yes
32,Male,Employed,"₹2,000 - ₹5,000",E-commerce Website,6,Stressed,Attractive Packaging,Electronics,No
27,Male,Student,"₹5,000 - ₹15,000",E-commerce Website,1,Bored,Heavy Discount,Beauty/Cosmetics,Yes
26,Female,Employed,"Under ₹2,000",E-commerce Website,7,Neutral,Free Shipping Threshold,Food/Snacks,No
28,Female,Student,"Under ₹2,000",Physical In-Store,4,Happy,Limited Time Flash Sale,Gaming/Digital,Yes
23,Female,Student,"₹2,000 - ₹5,000",Physical In-Store,6,Neutral,Heavy Discount,Food/Snacks,No
25,Female,Student,"₹2,000 - ₹5,000",E-commerce Website,7,Stressed,Heavy Discount,Food/Snacks,No
18,Female,Employed,"Above ₹15,000",E-commerce Website,6,Bored,Heavy Discount,Gaming/Digital,Yes
35,Male,Employed,"Under ₹2,000",E-commerce Website,2,Happy,Attractive Packaging,Beauty/Cosmetics,Yes
30,Other,Employed,"₹5,000 - ₹15,000",Social Media Stores,2,Neutral,Heavy Discount,Gaming/Digital,Yes
21,Female,Unemployed,"₹5,000 - ₹15,000",E-commerce Website,2,Neutral,Free Shipping Threshold,Clothing,No
43,Female,Self-employed,"Under ₹2,000",E-commerce Website,3,Bored,Free Shipping Threshold,Clothing,Yes
28,Female,Employed,"₹5,000 - ₹15,000",Quick Commerce,3,Bored,Social Media Ad,Food/Snacks,No
19,Female,Unemployed,"₹2,000 - ₹5,000",E-commerce Website,4,Bored,Limited Time Flash Sale,Food/Snacks,Yes
34,Male,Unemployed,"₹5,000 - ₹15,000",Social Media Stores,2,Stressed,Free Shipping Threshold,Electronics,No
31,Male,Employed,"₹5,000 - ₹15,000",Quick Commerce,3,Happy,Attractive Packaging,Food/Snacks,No
31,Other,Employed,"₹2,000 - ₹5,000",E-commerce Website,4,Sad,Limited Time Flash Sale,Electronics,No
24,Female,Unemployed,"₹2,000 - ₹5,000",Physical In-Store,5,Stressed,Attractive Packaging,Gaming/Digital,No
31,Male,Employed,"₹2,000 - ₹5,000",Quick Commerce,4,Neutral,Free Shipping Threshold,Gaming/Digital,Yes
25,Female,Student,"₹2,000 - ₹5,000",E-commerce Website,0,Happy,Limited Time Flash Sale,Clothing,No
32,Female,Employed,"Under ₹2,000",E-commerce Website,0,Happy,Free Shipping Threshold,Clothing,No
18,Male,Student,"Above ₹15,000",E-commerce Website,9,Neutral,Heavy Discount,Clothing,No
24,Female,Employed,"₹2,000 - ₹5,000",E-commerce Website,6,Bored,Limited Time Flash Sale,Food/Snacks,No
41,Female,Student,"Under ₹2,000",Quick Commerce,8,Happy,Free Shipping Threshold,Electronics,No
21,Male,Student,"Under ₹2,000",Physical In-Store,3,Happy,Attractive Packaging,Gaming/Digital,Yes
23,Other,Student,"₹2,000 - ₹5,000",E-commerce Website,5,Stressed,Limited Time Flash Sale,Gaming/Digital,Yes
24,Male,Self-employed,"Under ₹2,000",E-commerce Website,6,Stressed,Limited Time Flash Sale,Beauty/Cosmetics,Yes
18,Female,Student,"₹2,000 - ₹5,000",E-commerce Website,7,Sad,Limited Time Flash Sale,Gaming/Digital,No
18,Male,Student,"Under ₹2,000",E-commerce Website,2,Happy,Social Media Ad,Clothing,No
26,Female,Student,"Under ₹2,000",Quick Commerce,2,Sad,Heavy Discount,Food/Snacks,No
29,Male,Employed,"₹5,000 - ₹15,000",Quick Commerce,8,Stressed,Limited Time Flash Sale,Food/Snacks,Yes
27,Male,Unemployed,"Above ₹15,000",E-commerce Website,4,Stressed,Free Shipping Threshold,Beauty/Cosmetics,No
26,Female,Student,"₹2,000 - ₹5,000",E-commerce Website,3,Happy,Attractive Packaging,Gaming/Digital,No
28,Male,Student,"₹5,000 - ₹15,000",Physical In-Store,4,Stressed,Free Shipping Threshold,Food/Snacks,No
36,Female,Employed,"Under ₹2,000",E-commerce Website,1,Neutral,Social Media Ad,Beauty/Cosmetics,Yes
26,Female,Employed,"₹5,000 - ₹15,000",E-commerce Website,4,Neutral,Limited Time Flash Sale,Beauty/Cosmetics,Yes
23,Other,Student,"Under ₹2,000",Social Media Stores,6,Bored,Heavy Discount,Electronics,Yes
25,Female,Employed,"₹5,000 - ₹15,000",E-commerce Website,8,Bored,Attractive Packaging,Electronics,Yes
32,Male,Employed,"Above ₹15,000",Social Media Stores,3,Stressed,Social Media Ad,Beauty/Cosmetics,Yes
39,Male,Employed,"₹5,000 - ₹15,000",E-commerce Website,5,Bored,Limited Time Flash Sale,Gaming/Digital,Yes
22,Female,Self-employed,"₹5,000 - ₹15,000",Quick Commerce,9,Happy,Heavy Discount,Gaming/Digital,Yes
28,Female,Student,"₹5,000 - ₹15,000",E-commerce Website,2,Bored,Attractive Packaging,Food/Snacks,Yes
30,Male,Student,"₹2,000 - ₹5,000",Quick Commerce,4,Neutral,Attractive Packaging,Food/Snacks,Yes
20,Female,Self-employed,"₹5,000 - ₹15,000",Social Media Stores,7,Happy,Attractive Packaging,Clothing,No
28,Female,Self-employed,"₹2,000 - ₹5,000",Quick Commerce,6,Bored,Attractive Packaging,Clothing,Yes
18,Other,Student,"Under ₹2,000",Social Media Stores,5,Stressed,Heavy Discount,Clothing,No
18,Female,Unemployed,"₹2,000 - ₹5,000",Social Media Stores,6,Stressed,Limited Time Flash Sale,Gaming/Digital,Yes
30,Other,Employed,"₹5,000 - ₹15,000",E-commerce Website,5,Neutral,Limited Time Flash Sale,Gaming/Digital,Yes
24,Female,Student,"Under ₹2,000",E-commerce Website,7,Neutral,Heavy Discount,Beauty/Cosmetics,No
29,Female,Employed,"₹5,000 - ₹15,000",E-commerce Website,4,Happy,Attractive Packaging,Beauty/Cosmetics,Yes
27,Male,Student,"₹5,000 - ₹15,000",Physical In-Store,7,Stressed,Free Shipping Threshold,Food/Snacks,No
20,Female,Student,"Under ₹2,000",Social Media Stores,3,Happy,Attractive Packaging,Food/Snacks,No
27,Female,Student,"₹2,000 - ₹5,000",E-commerce Website,5,Happy,Limited Time Flash Sale,Clothing,Yes
18,Other,Employed,"Above ₹15,000",E-commerce Website,1,Happy,Heavy Discount,Beauty/Cosmetics,Yes
39,Female,Self-employed,"Above ₹15,000",E-commerce Website,3,Bored,Attractive Packaging,Beauty/Cosmetics,Yes
18,Male,Employed,"₹2,000 - ₹5,000",E-commerce Website,7,Happy,Heavy Discount,Clothing,No
26,Female,Employed,"₹2,000 - ₹5,000",Physical In-Store,5,Neutral,Attractive Packaging,Electronics,No
19,Female,Employed,"Under ₹2,000",E-commerce Website,5,Stressed,Free Shipping Threshold,Gaming/Digital,Yes
32,Male,Employed,"Under ₹2,000",Physical In-Store,7,Sad,Heavy Discount,Food/Snacks,No
25,Male,Employed,"₹2,000 - ₹5,000",E-commerce Website,3,Neutral,Free Shipping Threshold,Food/Snacks,No
23,Female,Employed,"Above ₹15,000",Physical In-Store,5,Happy,Heavy Discount,Gaming/Digital,Yes
34,Male,Employed,"Above ₹15,000",Quick Commerce,7,Happy,Attractive Packaging,Gaming/Digital,Yes
28,Male,Employed,"₹5,000 - ₹15,000",Quick Commerce,5,Stressed,Heavy Discount,Clothing,Yes
32,Male,Employed,"₹2,000 - ₹5,000",E-commerce Website,3,Bored,Free Shipping Threshold,Beauty/Cosmetics,No
20,Female,Student,"Under ₹2,000",E-commerce Website,1,Happy,Limited Time Flash Sale,Beauty/Cosmetics,No
18,Female,Student,"₹5,000 - ₹15,000",E-commerce Website,1,Sad,Free Shipping Threshold,Gaming/Digital,No
28,Male,Employed,"₹5,000 - ₹15,000",Quick Commerce,4,Stressed,Attractive Packaging,Beauty/Cosmetics,Yes
25,Female,Self-employed,"₹2,000 - ₹5,000",E-commerce Website,5,Bored,Limited Time Flash Sale,Gaming/Digital,Yes
33,Female,Employed,"₹5,000 - ₹15,000",Social Media Stores,6,Happy,Limited Time Flash Sale,Gaming/Digital,Yes
27,Male,Unemployed,"₹5,000 - ₹15,000",Quick Commerce,6,Happy,Free Shipping Threshold,Beauty/Cosmetics,Yes
29,Male,Student,"₹5,000 - ₹15,000",Quick Commerce,3,Bored,Limited Time Flash Sale,Gaming/Digital,Yes
18,Female,Employed,"₹5,000 - ₹15,000",Quick Commerce,3,Bored,Attractive Packaging,Beauty/Cosmetics,Yes
43,Female,Employed,"₹5,000 - ₹15,000",Social Media Stores,7,Stressed,Heavy Discount,Clothing,No
26,Female,Employed,"Under ₹2,000",Quick Commerce,5,Happy,Free Shipping Threshold,Gaming/Digital,Yes
33,Male,Self-employed,"₹5,000 - ₹15,000",Quick Commerce,5,Bored,Attractive Packaging,Food/Snacks,Yes
21,Male,Self-employed,"₹2,000 - ₹5,000",E-commerce Website,3,Stressed,Attractive Packaging,Clothing,Yes
30,Other,Employed,"₹2,000 - ₹5,000",Quick Commerce,3,Bored,Heavy Discount,Electronics,Yes
18,Male,Employed,"Under ₹2,000",Social Media Stores,5,Stressed,Free Shipping Threshold,Electronics,Yes
31,Female,Self-employed,"Under ₹2,000",E-commerce Website,2,Sad,Heavy Discount,Gaming/Digital,Yes
25,Male,Employed,"Above ₹15,000",E-commerce Website,3,Stressed,Heavy Discount,Gaming/Digital,Yes
28,Male,Self-employed,"₹2,000 - ₹5,000",Social Media Stores,4,Neutral,Free Shipping Threshold,Food/Snacks,No
33,Male,Self-employed,"Above ₹15,000",E-commerce Website,5,Neutral,Social Media Ad,Clothing,Yes
18,Male,Employed,"Under ₹2,000",Quick Commerce,2,Stressed,Limited Time Flash Sale,Clothing,Yes
22,Male,Employed,"₹2,000 - ₹5,000",E-commerce Website,6,Happy,Social Media Ad,Gaming/Digital,Yes
31,Male,Employed,"₹5,000 - ₹15,000",Quick Commerce,4,Stressed,Free Shipping Threshold,Clothing,Yes
44,Female,Student,"₹2,000 - ₹5,000",E-commerce Website,11,Happy,Social Media Ad,Food/Snacks,No
26,Female,Employed,"₹5,000 - ₹15,000",E-commerce Website,2,Bored,Free Shipping Threshold,Food/Snacks,No
32,Male,Student,"₹2,000 - ₹5,000",Quick Commerce,6,Happy,Social Media Ad,Gaming/Digital,Yes
27,Female,Employed,"₹5,000 - ₹15,000",E-commerce Website,4,Bored,Social Media Ad,Electronics,No
43,Male,Self-employed,"₹2,000 - ₹5,000",Quick Commerce,8,Stressed,Attractive Packaging,Food/Snacks,Yes
18,Male,Student,"₹5,000 - ₹15,000",E-commerce Website,5,Bored,Limited Time Flash Sale,Beauty/Cosmetics,No
28,Female,Student,"₹2,000 - ₹5,000",Quick Commerce,7,Neutral,Heavy Discount,Gaming/Digital,Yes
18,Female,Employed,"₹5,000 - ₹15,000",E-commerce Website,2,Bored,Attractive Packaging,Beauty/Cosmetics,Yes
18,Female,Employed,"₹5,000 - ₹15,000",Physical In-Store,4,Neutral,Free Shipping Threshold,Gaming/Digital,No
30,Male,Employed,"₹2,000 - ₹5,000",Quick Commerce,4,Bored,Free Shipping Threshold,Food/Snacks,Yes
29,Female,Employed,"₹2,000 - ₹5,000",E-commerce Website,5,Stressed,Heavy Discount,Gaming/Digital,No
25,Female,Student,"₹5,000 - ₹15,000",Quick Commerce,7,Neutral,Attractive Packaging,Food/Snacks,Yes
27,Male,Student,"Above ₹15,000",Quick Commerce,3,Bored,Attractive Packaging,Electronics,No
52,Male,Self-employed,"Under ₹2,000",Physical In-Store,6,Stressed,Limited Time Flash Sale,Clothing,Yes
25,Female,Student,"₹5,000 - ₹15,000",E-commerce Website,5,Happy,Attractive Packaging,Gaming/Digital,Yes
32,Female,Employed,"₹5,000 - ₹15,000",Physical In-Store,6,Neutral,Attractive Packaging,Clothing,Yes
22,Male,Unemployed,"₹5,000 - ₹15,000",E-commerce Website,3,Neutral,Free Shipping Threshold,Clothing,Yes
30,Male,Self-employed,"Above ₹15,000",E-commerce Website,6,Neutral,Limited Time Flash Sale,Gaming/Digital,No
26,Male,Student,"₹5,000 - ₹15,000",E-commerce Website,5,Stressed,Limited Time Flash Sale,Electronics,No
24,Female,Employed,"₹5,000 - ₹15,000",Quick Commerce,4,Bored,Attractive Packaging,Beauty/Cosmetics,Yes
42,Female,Employed,"₹5,000 - ₹15,000",E-commerce Website,5,Sad,Attractive Packaging,Beauty/Cosmetics,Yes
37,Male,Employed,"₹2,000 - ₹5,000",E-commerce Website,8,Bored,Heavy Discount,Gaming/Digital,No
29,Male,Employed,"₹5,000 - ₹15,000",E-commerce Website,3,Stressed,Attractive Packaging,Gaming/Digital,No
18,Female,Employed,"Above ₹15,000",E-commerce Website,5,Neutral,Social Media Ad,Gaming/Digital,No
25,Female,Student,"₹5,000 - ₹15,000",Social Media Stores,3,Happy,Free Shipping Threshold,Beauty/Cosmetics,Yes
49,Female,Employed,"Under ₹2,000",E-commerce Website,7,Neutral,Social Media Ad,Food/Snacks,Yes
26,Male,Employed,"₹2,000 - ₹5,000",Quick Commerce,7,Sad,Limited Time Flash Sale,Electronics,Yes
36,Female,Employed,"₹5,000 - ₹15,000",Social Media Stores,5,Stressed,Free Shipping Threshold,Beauty/Cosmetics,No
39,Female,Student,"₹5,000 - ₹15,000",E-commerce Website,2,Bored,Social Media Ad,Gaming/Digital,No
29,Male,Student,"Under ₹2,000",Social Media Stores,5,Bored,Attractive Packaging,Clothing,Yes
21,Other,Unemployed,"₹2,000 - ₹5,000",Quick Commerce,3,Stressed,Social Media Ad,Gaming/Digital,Yes
18,Female,Student,"₹5,000 - ₹15,000",Quick Commerce,3,Happy,Social Media Ad,Food/Snacks,No
33,Female,Student,"₹5,000 - ₹15,000",E-commerce Website,6,Sad,Attractive Packaging,Clothing,No
21,Female,Employed,"₹5,000 - ₹15,000",E-commerce Website,1,Stressed,Free Shipping Threshold,Beauty/Cosmetics,Yes
29,Female,Employed,"Above ₹15,000",E-commerce Website,6,Neutral,Heavy Discount,Electronics,No
18,Male,Student,"₹2,000 - ₹5,000",E-commerce Website,6,Neutral,Attractive Packaging,Electronics,Yes
25,Male,Employed,"Above ₹15,000",E-commerce Website,6,Stressed,Attractive Packaging,Food/Snacks,Yes
28,Female,Employed,"₹5,000 - ₹15,000",Social Media Stores,8,Stressed,Free Shipping Threshold,Food/Snacks,Yes
30,Female,Employed,"Above ₹15,000",Physical In-Store,7,Stressed,Limited Time Flash Sale,Electronics,Yes
19,Female,Self-employed,"₹2,000 - ₹5,000",E-commerce Website,6,Stressed,Attractive Packaging,Food/Snacks,Yes
37,Male,Student,"₹2,000 - ₹5,000",E-commerce Website,3,Happy,Heavy Discount,Clothing,Yes
23,Female,Employed,"₹5,000 - ₹15,000",E-commerce Website,6,Neutral,Heavy Discount,Gaming/Digital,No
18,Female,Student,"Above ₹15,000",E-commerce Website,4,Stressed,Attractive Packaging,Clothing,Yes
27,Female,Employed,"₹5,000 - ₹15,000",Social Media Stores,5,Bored,Attractive Packaging,Gaming/Digital,Yes
28,Female,Employed,"₹5,000 - ₹15,000",Quick Commerce,4,Bored,Attractive Packaging,Gaming/Digital,Yes
29,Other,Student,"₹2,000 - ₹5,000",E-commerce Website,6,Sad,Attractive Packaging,Gaming/Digital,No
38,Male,Employed,"₹5,000 - ₹15,000",E-commerce Website,3,Sad,Limited Time Flash Sale,Electronics,No
26,Male,Student,"₹5,000 - ₹15,000",Quick Commerce,3,Happy,Attractive Packaging,Food/Snacks,Yes
27,Male,Student,"₹5,000 - ₹15,000",Physical In-Store,4,Neutral,Free Shipping Threshold,Food/Snacks,Yes
19,Female,Employed,"₹5,000 - ₹15,000",Physical In-Store,6,Happy,Free Shipping Threshold,Gaming/Digital,Yes
34,Male,Employed,"Under ₹2,000",E-commerce Website,4,Stressed,Limited Time Flash Sale,Beauty/Cosmetics,Yes
29,Female,Student,"₹5,000 - ₹15,000",E-commerce Website,5,Bored,Social Media Ad,Clothing,No
24,Male,Self-employed,"₹2,000 - ₹5,000",Social Media Stores,9,Happy,Limited Time Flash Sale,Electronics,No
18,Female,Student,"Above ₹15,000",Quick Commerce,6,Neutral,Attractive Packaging,Food/Snacks,Yes
39,Female,Student,"₹5,000 - ₹15,000",E-commerce Website,5,Neutral,Social Media Ad,Food/Snacks,No
18,Female,Student,"₹5,000 - ₹15,000",E-commerce Website,6,Bored,Social Media Ad,Beauty/Cosmetics,Yes
23,Female,Student,"Above ₹15,000",E-commerce Website,3,Neutral,Heavy Discount,Electronics,No
30,Male,Student,"Under ₹2,000",E-commerce Website,7,Bored,Free Shipping Threshold,Gaming/Digital,No
18,Male,Employed,"₹2,000 - ₹5,000",Quick Commerce,5,Happy,Limited Time Flash Sale,Clothing,Yes
18,Female,Employed,"₹5,000 - ₹15,000",E-commerce Website,6,Stressed,Limited Time Flash Sale,Beauty/Cosmetics,Yes
18,Female,Employed,"₹2,000 - ₹5,000",E-commerce Website,2,Sad,Limited Time Flash Sale,Beauty/Cosmetics,Yes
33,Female,Unemployed,"₹2,000 - ₹5,000",E-commerce Website,2,Happy,Attractive Packaging,Electronics,No
23,Female,Employed,"Above ₹15,000",E-commerce Website,2,Stressed,Attractive Packaging,Gaming/Digital,Yes
51,Female,Student,"₹5,000 - ₹15,000",E-commerce Website,6,Bored,Heavy Discount,Gaming/Digital,Yes
20,Male,Student,"Under ₹2,000",E-commerce Website,8,Bored,Limited Time Flash Sale,Electronics,No
20,Female,Student,"₹2,000 - ₹5,000",Social Media Stores,6,Bored,Social Media Ad,Electronics,No
23,Male,Employed,"Under ₹2,000",E-commerce Website,3,Sad,Free Shipping Threshold,Electronics,No
29,Male,Student,"₹5,000 - ₹15,000",Social Media Stores,7,Happy,Attractive Packaging,Food/Snacks,No
24,Male,Employed,"Under ₹2,000",Quick Commerce,6,Stressed,Social Media Ad,Electronics,No
32,Male,Employed,"Above ₹15,000",Quick Commerce,5,Happy,Heavy Discount,Clothing,No
20,Male,Employed,"₹5,000 - ₹15,000",E-commerce Website,4,Happy,Limited Time Flash Sale,Beauty/Cosmetics,No
18,Female,Employed,"Under ₹2,000",Social Media Stores,9,Bored,Heavy Discount,Food/Snacks,No
18,Other,Student,"₹2,000 - ₹5,000",Social Media Stores,4,Stressed,Social Media Ad,Clothing,Yes
18,Male,Student,"₹5,000 - ₹15,000",E-commerce Website,7,Neutral,Heavy Discount,Clothing,No
23,Female,Employed,"₹2,000 - ₹5,000",Quick Commerce,7,Sad,Attractive Packaging,Beauty/Cosmetics,Yes
25,Male,Student,"₹5,000 - ₹15,000",E-commerce Website,7,Bored,Social Media Ad,Electronics,Yes
22,Male,Student,"Above ₹15,000",Social Media Stores,2,Stressed,Social Media Ad,Clothing,Yes
37,Female,Employed,"₹2,000 - ₹5,000",E-commerce Website,6,Bored,Free Shipping Threshold,Gaming/Digital,Yes
37,Female,Employed,"₹2,000 - ₹5,000",Social Media Stores,2,Stressed,Free Shipping Threshold,Clothing,No
25,Male,Employed,"₹5,000 - ₹15,000",E-commerce Website,3,Neutral,Attractive Packaging,Gaming/Digital,No
18,Male,Employed,"₹2,000 - ₹5,000",E-commerce Website,3,Happy,Attractive Packaging,Food/Snacks,Yes
23,Female,Unemployed,"Under ₹2,000",E-commerce Website,3,Bored,Attractive Packaging,Clothing,Yes
23,Male,Employed,"Under ₹2,000",E-commerce Website,5,Neutral,Heavy Discount,Food/Snacks,No
22,Female,Student,"Above ₹15,000",Quick Commerce,6,Happy,Free Shipping Threshold,Electronics,Yes
22,Female,Employed,"Above ₹15,000",E-commerce Website,5,Neutral,Social Media Ad,Electronics,No
22,Male,Employed,"₹2,000 - ₹5,000",E-commerce Website,4,Happy,Limited Time Flash Sale,Electronics,Yes
24,Female,Employed,"₹5,000 - ₹15,000",Social Media Stores,4,Neutral,Limited Time Flash Sale,Food/Snacks,Yes
22,Male,Employed,"Under ₹2,000",Physical In-Store,5,Neutral,Heavy Discount,Beauty/Cosmetics,No
29,Female,Employed,"₹5,000 - ₹15,000",E-commerce Website,6,Bored,Limited Time Flash Sale,Food/Snacks,Yes
30,Female,Employed,"Under ₹2,000",E-commerce Website,6,Neutral,Heavy Discount,Electronics,No
20,Other,Student,"Under ₹2,000",Social Media Stores,4,Bored,Attractive Packaging,Beauty/Cosmetics,Yes
38,Female,Self-employed,"₹5,000 - ₹15,000",Quick Commerce,6,Bored,Free Shipping Threshold,Gaming/Digital,No
20,Female,Employed,"₹2,000 - ₹5,000",Quick Commerce,5,Bored,Attractive Packaging,Beauty/Cosmetics,No
18,Male,Student,"Under ₹2,000",Quick Commerce,5,Neutral,Heavy Discount,Beauty/Cosmetics,No
31,Female,Student,"₹5,000 - ₹15,000",E-commerce Website,4,Happy,Social Media Ad,Beauty/Cosmetics,Yes
21,Female,Self-employed,"₹5,000 - ₹15,000",Quick Commerce,4,Stressed,Social Media Ad,Beauty/Cosmetics,No
30,Male,Employed,"₹5,000 - ₹15,000",E-commerce Website,3,Bored,Attractive Packaging,Clothing,Yes
18,Female,Employed,"Above ₹15,000",E-commerce Website,6,Bored,Limited Time Flash Sale,Food/Snacks,Yes
39,Male,Self-employed,"₹2,000 - ₹5,000",E-commerce Website,11,Bored,Social Media Ad,Clothing,Yes
33,Female,Self-employed,"Under ₹2,000",Physical In-Store,5,Bored,Heavy Discount,Electronics,No
18,Female,Employed,"Under ₹2,000",Quick Commerce,3,Bored,Limited Time Flash Sale,Clothing,No
18,Female,Student,"₹2,000 - ₹5,000",Physical In-Store,7,Bored,Heavy Discount,Beauty/Cosmetics,Yes
41,Female,Student,"Under ₹2,000",Social Media Stores,7,Stressed,Attractive Packaging,Food/Snacks,No
22,Male,Employed,"₹5,000 - ₹15,000",E-commerce Website,3,Happy,Limited Time Flash Sale,Clothing,No
21,Other,Employed,"Under ₹2,000",Physical In-Store,4,Happy,Social Media Ad,Beauty/Cosmetics,No
18,Male,Employed,"₹2,000 - ₹5,000",E-commerce Website,6,Stressed,Social Media Ad,Clothing,No
25,Female,Employed,"Under ₹2,000",E-commerce Website,7,Bored,Free Shipping Threshold,Clothing,Yes
26,Female,Employed,"₹2,000 - ₹5,000",Quick Commerce,2,Happy,Attractive Packaging,Beauty/Cosmetics,No
33,Female,Student,"₹5,000 - ₹15,000",Social Media Stores,10,Sad,Limited Time Flash Sale,Food/Snacks,No
18,Female,Student,"₹2,000 - ₹5,000",E-commerce Website,4,Sad,Free Shipping Threshold,Food/Snacks,Yes
18,Female,Employed,"₹2,000 - ₹5,000",E-commerce Website,4,Neutral,Heavy Discount,Clothing,Yes
31,Male,Student,"Above ₹15,000",E-commerce Website,2,Bored,Attractive Packaging,Electronics,Yes
36,Male,Employed,"₹5,000 - ₹15,000",Physical In-Store,4,Bored,Social Media Ad,Gaming/Digital,Yes
18,Male,Employed,"₹5,000 - ₹15,000",Social Media Stores,4,Happy,Heavy Discount,Gaming/Digital,No
36,Female,Unemployed,"₹5,000 - ₹15,000",E-commerce Website,5,Bored,Heavy Discount,Gaming/Digital,Yes
28,Female,Self-employed,"₹5,000 - ₹15,000",E-commerce Website,5,Bored,Heavy Discount,Gaming/Digital,Yes
36,Female,Employed,"Under ₹2,000",Social Media Stores,5,Stressed,Heavy Discount,Beauty/Cosmetics,Yes
27,Female,Employed,"Under ₹2,000",E-commerce Website,4,Happy,Attractive Packaging,Food/Snacks,Yes
18,Female,Student,"₹5,000 - ₹15,000",Social Media Stores,3,Sad,Free Shipping Threshold,Clothing,No
26,Male,Employed,"₹2,000 - ₹5,000",Social Media Stores,4,Bored,Attractive Packaging,Food/Snacks,Yes
36,Male,Employed,"Under ₹2,000",E-commerce Website,5,Happy,Social Media Ad,Gaming/Digital,No
20,Male,Employed,"₹2,000 - ₹5,000",Social Media Stores,6,Stressed,Limited Time Flash Sale,Clothing,Yes
24,Female,Employed,"Under ₹2,000",Social Media Stores,4,Happy,Social Media Ad,Food/Snacks,Yes
26,Male,Student,"Above ₹15,000",E-commerce Website,7,Sad,Limited Time Flash Sale,Clothing,No
18,Female,Self-employed,"₹2,000 - ₹5,000",E-commerce Website,6,Stressed,Social Media Ad,Electronics,No
41,Female,Student,"Under ₹2,000",E-commerce Website,2,Stressed,Free Shipping Threshold,Electronics,Yes
20,Female,Self-employed,"₹5,000 - ₹15,000",Quick Commerce,2,Happy,Social Media Ad,Food/Snacks,Yes
32,Male,Employed,"₹5,000 - ₹15,000",E-commerce Website,4,Bored,Limited Time Flash Sale,Gaming/Digital,Yes
27,Male,Employed,"₹5,000 - ₹15,000",E-commerce Website,5,Neutral,Attractive Packaging,Clothing,No
38,Male,Student,"₹2,000 - ₹5,000",Physical In-Store,5,Sad,Limited Time Flash Sale,Food/Snacks,Yes
31,Female,Student,"₹2,000 - ₹5,000",E-commerce Website,3,Happy,Free Shipping Threshold,Gaming/Digital,Yes
26,Male,Self-employed,"₹5,000 - ₹15,000",E-commerce Website,8,Sad,Limited Time Flash Sale,Gaming/Digital,No
20,Female,Self-employed,"₹2,000 - ₹5,000",E-commerce Website,4,Bored,Heavy Discount,Beauty/Cosmetics,Yes
34,Female,Employed,"₹2,000 - ₹5,000",E-commerce Website,9,Bored,Limited Time Flash Sale,Electronics,Yes
18,Male,Employed,"Above ₹15,000",Quick Commerce,1,Happy,Limited Time Flash Sale,Gaming/Digital,No
33,Female,Employed,"Under ₹2,000",Quick Commerce,2,Neutral,Social Media Ad,Clothing,No
19,Female,Employed,"₹2,000 - ₹5,000",E-commerce Website,1,Sad,Social Media Ad,Clothing,No
38,Female,Employed,"Under ₹2,000",Quick Commerce,6,Bored,Attractive Packaging,Electronics,No
29,Male,Employed,"Under ₹2,000",E-commerce Website,6,Neutral,Heavy Discount,Electronics,No
33,Male,Self-employed,"₹2,000 - ₹5,000",Social Media Stores,6,Happy,Attractive Packaging,Gaming/Digital,Yes
28,Male,Employed,"Under ₹2,000",E-commerce Website,7,Happy,Heavy Discount,Beauty/Cosmetics,No
18,Male,Employed,"Under ₹2,000",Physical In-Store,7,Happy,Limited Time Flash Sale,Electronics,No
21,Female,Self-employed,"₹2,000 - ₹5,000",E-commerce Website,6,Sad,Heavy Discount,Electronics,No
33,Female,Employed,"Under ₹2,000",E-commerce Website,3,Neutral,Free Shipping Threshold,Clothing,Yes
29,Female,Student,"₹5,000 - ₹15,000",Social Media Stores,7,Stressed,Limited Time Flash Sale,Electronics,Yes
37,Male,Student,"₹5,000 - ₹15,000",E-commerce Website,5,Happy,Heavy Discount,Clothing,Yes
31,Male,Employed,"₹2,000 - ₹5,000",E-commerce Website,6,Neutral,Heavy Discount,Gaming/Digital,No
20,Female,Self-employed,"Above ₹15,000",Quick Commerce,5,Neutral,Social Media Ad,Clothing,No
21,Male,Self-employed,"₹5,000 - ₹15,000",Social Media Stores,8,Neutral,Heavy Discount,Food/Snacks,Yes
28,Male,Employed,"₹5,000 - ₹15,000",E-commerce Website,9,Happy,Attractive Packaging,Clothing,No
18,Female,Student,"Under ₹2,000",Physical In-Store,5,Neutral,Free Shipping Threshold,Beauty/Cosmetics,No
41,Male,Student,"₹5,000 - ₹15,000",Quick Commerce,6,Bored,Social Media Ad,Gaming/Digital,Yes
31,Female,Employed,"Above ₹15,000",E-commerce Website,4,Bored,Limited Time Flash Sale,Clothing,Yes
37,Male,Self-employed,"₹2,000 - ₹5,000",Social Media Stores,1,Bored,Attractive Packaging,Electronics,Yes
18,Female,Unemployed,"₹5,000 - ₹15,000",Social Media Stores,4,Stressed,Limited Time Flash Sale,Food/Snacks,Yes
37,Female,Student,"₹5,000 - ₹15,000",E-commerce Website,4,Sad,Attractive Packaging,Clothing,No
45,Male,Employed,"₹2,000 - ₹5,000",Quick Commerce,3,Stressed,Social Media Ad,Gaming/Digital,Yes
18,Female,Employed,"₹2,000 - ₹5,000",Physical In-Store,4,Neutral,Limited Time Flash Sale,Food/Snacks,Yes
34,Female,Student,"Under ₹2,000",Quick Commerce,2,Bored,Attractive Packaging,Food/Snacks,Yes
28,Female,Employed,"Under ₹2,000",E-commerce Website,4,Neutral,Limited Time Flash Sale,Electronics,Yes
18,Male,Self-employed,"Under ₹2,000",Social Media Stores,6,Neutral,Attractive Packaging,Electronics,No
31,Female,Student,"₹5,000 - ₹15,000",Quick Commerce,5,Stressed,Free Shipping Threshold,Gaming/Digital,Yes
34,Male,Self-employed,"₹5,000 - ₹15,000",E-commerce Website,6,Happy,Social Media Ad,Food/Snacks,Yes
23,Female,Student,"Above ₹15,000",Social Media Stores,8,Neutral,Free Shipping Threshold,Gaming/Digital,Yes
37,Female,Student,"₹5,000 - ₹15,000",E-commerce Website,5,Neutral,Free Shipping Threshold,Gaming/Digital,Yes
18,Female,Student,"₹2,000 - ₹5,000",Quick Commerce,3,Sad,Heavy Discount,Clothing,Yes
18,Female,Self-employed,"Under ₹2,000",Social Media Stores,7,Neutral,Limited Time Flash Sale,Beauty/Cosmetics,No
29,Male,Employed,"Above ₹15,000",Quick Commerce,2,Happy,Free Shipping Threshold,Clothing,No
28,Male,Employed,"₹2,000 - ₹5,000",Quick Commerce,3,Stressed,Attractive Packaging,Electronics,No
22,Female,Employed,"₹5,000 - ₹15,000",E-commerce Website,3,Happy,Social Media Ad,Electronics,No
34,Female,Employed,"Under ₹2,000",E-commerce Website,5,Happy,Heavy Discount,Beauty/Cosmetics,No
32,Male,Self-employed,"₹2,000 - ₹5,000",Quick Commerce,5,Happy,Social Media Ad,Gaming/Digital,No
34,Female,Employed,"₹2,000 - ₹5,000",Social Media Stores,6,Stressed,Heavy Discount,Beauty/Cosmetics,Yes
27,Other,Self-employed,"Under ₹2,000",E-commerce Website,6,Sad,Attractive Packaging,Food/Snacks,Yes
32,Female,Student,"₹5,000 - ₹15,000",E-commerce Website,3,Neutral,Free Shipping Threshold,Food/Snacks,No
24,Male,Employed,"₹5,000 - ₹15,000",E-commerce Website,7,Neutral,Free Shipping Threshold,Gaming/Digital,Yes
44,Male,Employed,"₹2,000 - ₹5,000",Social Media Stores,5,Happy,Heavy Discount,Food/Snacks,No
21,Other,Self-employed,"₹5,000 - ₹15,000",Social Media Stores,2,Neutral,Free Shipping Threshold,Beauty/Cosmetics,No
44,Female,Student,"₹2,000 - ₹5,000",E-commerce Website,1,Neutral,Attractive Packaging,Gaming/Digital,Yes
28,Female,Employed,"Under ₹2,000",Physical In-Store,2,Sad,Free Shipping Threshold,Clothing,No
18,Male,Employed,"Above ₹15,000",Social Media Stores,2,Stressed,Limited Time Flash Sale,Gaming/Digital,Yes
38,Female,Employed,"₹2,000 - ₹5,000",Quick Commerce,4,Sad,Free Shipping Threshold,Food/Snacks,Yes
29,Female,Student,"₹5,000 - ₹15,000",E-commerce Website,5,Neutral,Heavy Discount,Gaming/Digital,No
34,Male,Student,"₹5,000 - ₹15,000",Quick Commerce,6,Happy,Heavy Discount,Beauty/Cosmetics,Yes
37,Female,Self-employed,"Under ₹2,000",E-commerce Website,4,Sad,Free Shipping Threshold,Clothing,No
30,Female,Employed,"₹2,000 - ₹5,000",Quick Commerce,6,Bored,Free Shipping Threshold,Clothing,Yes
23,Female,Employed,"Under ₹2,000",Social Media Stores,6,Sad,Attractive Packaging,Clothing,No
35,Female,Self-employed,"₹2,000 - ₹5,000",Quick Commerce,5,Bored,Limited Time Flash Sale,Clothing,Yes
28,Female,Student,"₹5,000 - ₹15,000",Social Media Stores,3,Neutral,Free Shipping Threshold,Electronics,No
33,Female,Employed,"₹2,000 - ₹5,000",E-commerce Website,2,Bored,Limited Time Flash Sale,Gaming/Digital,Yes
18,Female,Self-employed,"Under ₹2,000",Quick Commerce,3,Bored,Heavy Discount,Food/Snacks,Yes
31,Female,Self-employed,"₹5,000 - ₹15,000",Social Media Stores,6,Bored,Attractive Packaging,Beauty/Cosmetics,Yes
22,Male,Employed,"₹5,000 - ₹15,000",E-commerce Website,7,Happy,Free Shipping Threshold,Beauty/Cosmetics,No
41,Female,Employed,"₹5,000 - ₹15,000",Physical In-Store,9,Bored,Social Media Ad,Beauty/Cosmetics,Yes
32,Female,Employed,"₹5,000 - ₹15,000",E-commerce Website,2,Bored,Social Media Ad,Food/Snacks,Yes
29,Male,Self-employed,"₹5,000 - ₹15,000",Social Media Stores,5,Happy,Heavy Discount,Electronics,No
31,Female,Employed,"₹5,000 - ₹15,000",Social Media Stores,3,Happy,Heavy Discount,Food/Snacks,No
20,Male,Employed,"₹2,000 - ₹5,000",E-commerce Website,4,Stressed,Social Media Ad,Beauty/Cosmetics,No
40,Female,Student,"₹5,000 - ₹15,000",Physical In-Store,9,Bored,Social Media Ad,Gaming/Digital,No
43,Male,Employed,"₹2,000 - ₹5,000",E-commerce Website,9,Happy,Limited Time Flash Sale,Clothing,Yes
31,Male,Employed,"Above ₹15,000",E-commerce Website,8,Neutral,Heavy Discount,Beauty/Cosmetics,Yes
40,Other,Employed,"₹2,000 - ₹5,000",E-commerce Website,7,Happy,Social Media Ad,Food/Snacks,Yes
23,Female,Employed,"Above ₹15,000",Quick Commerce,8,Happy,Social Media Ad,Beauty/Cosmetics,No
21,Female,Self-employed,"₹5,000 - ₹15,000",Quick Commerce,4,Happy,Attractive Packaging,Beauty/Cosmetics,No
28,Female,Employed,"₹5,000 - ₹15,000",E-commerce Website,4,Bored,Social Media Ad,Clothing,Yes
31,Female,Student,"₹2,000 - ₹5,000",E-commerce Website,5,Neutral,Social Media Ad,Electronics,No
24,Female,Self-employed,"₹2,000 - ₹5,000",E-commerce Website,4,Bored,Social Media Ad,Beauty/Cosmetics,No
32,Female,Student,"₹5,000 - ₹15,000",E-commerce Website,6,Bored,Free Shipping Threshold,Beauty/Cosmetics,Yes
30,Other,Employed,"₹2,000 - ₹5,000",Quick Commerce,5,Bored,Social Media Ad,Clothing,Yes
20,Male,Self-employed,"Above ₹15,000",E-commerce Website,8,Neutral,Heavy Discount,Clothing,Yes
32,Female,Student,"₹5,000 - ₹15,000",E-commerce Website,2,Stressed,Free Shipping Threshold,Food/Snacks,No
34,Male,Self-employed,"₹5,000 - ₹15,000",Social Media Stores,1,Happy,Free Shipping Threshold,Food/Snacks,No
29,Female,Employed,"₹2,000 - ₹5,000",E-commerce Website,2,Bored,Attractive Packaging,Beauty/Cosmetics,Yes
37,Male,Employed,"Under ₹2,000",E-commerce Website,0,Neutral,Free Shipping Threshold,Electronics,No
18,Female,Employed,"₹5,000 - ₹15,000",E-commerce Website,5,Stressed,Social Media Ad,Gaming/Digital,Yes
31,Female,Employed,"₹2,000 - ₹5,000",E-commerce Website,5,Bored,Attractive Packaging,Electronics,Yes
18,Other,Unemployed,"Above ₹15,000",E-commerce Website,6,Sad,Attractive Packaging,Clothing,No
19,Other,Student,"₹5,000 - ₹15,000",Quick Commerce,2,Bored,Limited Time Flash Sale,Beauty/Cosmetics,Yes
22,Other,Employed,"Under ₹2,000",Social Media Stores,4,Happy,Free Shipping Threshold,Clothing,No
20,Male,Student,"₹5,000 - ₹15,000",Quick Commerce,2,Stressed,Attractive Packaging,Gaming/Digital,No
23,Other,Student,"₹5,000 - ₹15,000",Quick Commerce,4,Sad,Limited Time Flash Sale,Electronics,Yes
26,Female,Employed,"₹5,000 - ₹15,000",Social Media Stores,8,Happy,Attractive Packaging,Beauty/Cosmetics,Yes
34,Female,Employed,"₹5,000 - ₹15,000",E-commerce Website,3,Neutral,Free Shipping Threshold,Clothing,No
25,Male,Unemployed,"₹2,000 - ₹5,000",Social Media Stores,3,Sad,Free Shipping Threshold,Clothing,No
18,Female,Employed,"₹2,000 - ₹5,000",E-commerce Website,3,Stressed,Heavy Discount,Beauty/Cosmetics,Yes
37,Other,Employed,"₹5,000 - ₹15,000",E-commerce Website,3,Bored,Social Media Ad,Gaming/Digital,No
21,Female,Student,"Under ₹2,000",Social Media Stores,3,Happy,Social Media Ad,Beauty/Cosmetics,Yes
27,Female,Unemployed,"₹5,000 - ₹15,000",Social Media Stores,5,Bored,Social Media Ad,Beauty/Cosmetics,Yes
31,Female,Student,"₹5,000 - ₹15,000",E-commerce Website,5,Bored,Heavy Discount,Beauty/Cosmetics,Yes
29,Male,Employed,"Above ₹15,000",E-commerce Website,4,Bored,Heavy Discount,Clothing,Yes
36,Female,Employed,"Above ₹15,000",Physical In-Store,4,Happy,Limited Time Flash Sale,Electronics,Yes
31,Female,Employed,"₹5,000 - ₹15,000",Social Media Stores,7,Happy,Social Media Ad,Electronics,No
21,Male,Employed,"₹2,000 - ₹5,000",Quick Commerce,2,Sad,Limited Time Flash Sale,Electronics,No
45,Male,Employed,"₹2,000 - ₹5,000",Social Media Stores,3,Neutral,Limited Time Flash Sale,Electronics,Yes
29,Male,Student,"₹2,000 - ₹5,000",Quick Commerce,2,Neutral,Attractive Packaging,Electronics,Yes
26,Female,Employed,"Under ₹2,000",E-commerce Website,6,Stressed,Social Media Ad,Electronics,Yes
35,Male,Employed,"₹5,000 - ₹15,000",Physical In-Store,5,Happy,Heavy Discount,Food/Snacks,Yes
29,Female,Employed,"₹5,000 - ₹15,000",Social Media Stores,7,Happy,Limited Time Flash Sale,Food/Snacks,Yes
31,Male,Student,"₹2,000 - ₹5,000",E-commerce Website,7,Neutral,Social Media Ad,Clothing,No
47,Female,Employed,"₹2,000 - ₹5,000",E-commerce Website,5,Sad,Free Shipping Threshold,Beauty/Cosmetics,No
25,Female,Student,"₹5,000 - ₹15,000",Social Media Stores,5,Bored,Social Media Ad,Food/Snacks,Yes
25,Female,Student,"Above ₹15,000",Quick Commerce,4,Bored,Limited Time Flash Sale,Food/Snacks,Yes
28,Female,Employed,"Under ₹2,000",E-commerce Website,3,Bored,Free Shipping Threshold,Clothing,No
36,Female,Employed,"₹2,000 - ₹5,000",Quick Commerce,4,Bored,Social Media Ad,Electronics,No
18,Male,Student,"Above ₹15,000",E-commerce Website,6,Bored,Free Shipping Threshold,Electronics,No
18,Female,Employed,"Under ₹2,000",E-commerce Website,5,Stressed,Limited Time Flash Sale,Beauty/Cosmetics,Yes
23,Male,Unemployed,"₹5,000 - ₹15,000",E-commerce Website,0,Happy,Attractive Packaging,Electronics,Yes
18,Male,Unemployed,"₹5,000 - ₹15,000",Quick Commerce,6,Sad,Social Media Ad,Food/Snacks,Yes
24,Female,Self-employed,"₹2,000 - ₹5,000",E-commerce Website,11,Bored,Attractive Packaging,Food/Snacks,Yes
32,Male,Student,"₹2,000 - ₹5,000",Social Media Stores,7,Stressed,Free Shipping Threshold,Food/Snacks,No
20,Female,Student,"Above ₹15,000",E-commerce Website,4,Happy,Social Media Ad,Gaming/Digital,Yes
18,Male,Self-employed,"Under ₹2,000",E-commerce Website,6,Neutral,Heavy Discount,Electronics,No
28,Female,Student,"₹2,000 - ₹5,000",E-commerce Website,5,Neutral,Attractive Packaging,Gaming/Digital,Yes
34,Male,Student,"₹5,000 - ₹15,000",E-commerce Website,5,Stressed,Attractive Packaging,Electronics,No
18,Male,Employed,"₹2,000 - ₹5,000",E-commerce Website,4,Stressed,Free Shipping Threshold,Food/Snacks,Yes
34,Male,Student,"₹5,000 - ₹15,000",E-commerce Website,5,Sad,Limited Time Flash Sale,Beauty/Cosmetics,Yes
34,Female,Self-employed,"Above ₹15,000",Quick Commerce,5,Stressed,Heavy Discount,Beauty/Cosmetics,Yes
35,Other,Employed,"Above ₹15,000",Quick Commerce,6,Bored,Limited Time Flash Sale,Beauty/Cosmetics,Yes
37,Female,Employed,"₹2,000 - ₹5,000",E-commerce Website,5,Stressed,Social Media Ad,Gaming/Digital,Yes
45,Female,Self-employed,"₹2,000 - ₹5,000",E-commerce Website,5,Neutral,Limited Time Flash Sale,Gaming/Digital,No
25,Female,Student,"Under ₹2,000",E-commerce Website,3,Stressed,Attractive Packaging,Clothing,Yes
28,Other,Employed,"Above ₹15,000",E-commerce Website,11,Stressed,Heavy Discount,Electronics,No
24,Female,Employed,"₹2,000 - ₹5,000",Social Media Stores,7,Neutral,Social Media Ad,Gaming/Digital,Yes
28,Male,Employed,"₹2,000 - ₹5,000",E-commerce Website,2,Neutral,Social Media Ad,Beauty/Cosmetics,No
40,Female,Student,"₹5,000 - ₹15,000",Quick Commerce,5,Neutral,Attractive Packaging,Electronics,Yes
18,Female,Employed,"₹5,000 - ₹15,000",Quick Commerce,7,Happy,Limited Time Flash Sale,Beauty/Cosmetics,Yes
21,Male,Unemployed,"Under ₹2,000",E-commerce Website,3,Neutral,Social Media Ad,Gaming/Digital,No
39,Male,Student,"₹2,000 - ₹5,000",Social Media Stores,9,Happy,Social Media Ad,Beauty/Cosmetics,No
36,Female,Student,"₹5,000 - ₹15,000",Physical In-Store,6,Stressed,Social Media Ad,Electronics,Yes
25,Female,Student,"₹5,000 - ₹15,000",Physical In-Store,3,Neutral,Heavy Discount,Electronics,Yes
34,Female,Employed,"₹5,000 - ₹15,000",Quick Commerce,4,Sad,Attractive Packaging,Gaming/Digital,No
30,Other,Student,"Under ₹2,000",Social Media Stores,9,Bored,Social Media Ad,Electronics,No
40,Female,Self-employed,"₹2,000 - ₹5,000",E-commerce Website,7,Stressed,Heavy Discount,Food/Snacks,No
28,Male,Employed,"₹5,000 - ₹15,000",Social Media Stores,5,Sad,Heavy Discount,Food/Snacks,Yes
36,Male,Employed,"Above ₹15,000",Quick Commerce,2,Neutral,Free Shipping Threshold,Food/Snacks,Yes
49,Male,Employed,"Under ₹2,000",Quick Commerce,6,Neutral,Social Media Ad,Food/Snacks,Yes
32,Male,Employed,"Under ₹2,000",Physical In-Store,3,Bored,Free Shipping Threshold,Clothing,Yes
28,Male,Employed,"₹5,000 - ₹15,000",Quick Commerce,3,Neutral,Free Shipping Threshold,Beauty/Cosmetics,No
33,Female,Employed,"₹5,000 - ₹15,000",Quick Commerce,5,Bored,Heavy Discount,Electronics,No
25,Female,Employed,"Under ₹2,000",E-commerce Website,3,Sad,Social Media Ad,Food/Snacks,No
47,Female,Student,"₹5,000 - ₹15,000",E-commerce Website,6,Bored,Heavy Discount,Food/Snacks,Yes
29,Female,Student,"Above ₹15,000",E-commerce Website,5,Happy,Limited Time Flash Sale,Gaming/Digital,No
25,Female,Student,"₹5,000 - ₹15,000",E-commerce Website,8,Happy,Social Media Ad,Gaming/Digital,Yes
21,Female,Employed,"₹2,000 - ₹5,000",E-commerce Website,5,Neutral,Limited Time Flash Sale,Electronics,No
36,Female,Student,"₹5,000 - ₹15,000",Quick Commerce,7,Happy,Limited Time Flash Sale,Clothing,Yes
34,Female,Employed,"₹2,000 - ₹5,000",Quick Commerce,1,Sad,Attractive Packaging,Beauty/Cosmetics,No
24,Male,Self-employed,"₹2,000 - ₹5,000",E-commerce Website,5,Neutral,Limited Time Flash Sale,Clothing,Yes
32,Female,Student,"₹5,000 - ₹15,000",Social Media Stores,3,Bored,Limited Time Flash Sale,Gaming/Digital,No
18,Male,Employed,"₹5,000 - ₹15,000",Social Media Stores,3,Bored,Free Shipping Threshold,Electronics,Yes
29,Female,Employed,"Above ₹15,000",E-commerce Website,2,Bored,Social Media Ad,Food/Snacks,Yes
31,Male,Employed,"₹2,000 - ₹5,000",E-commerce Website,3,Stressed,Limited Time Flash Sale,Clothing,No
41,Female,Employed,"Under ₹2,000",E-commerce Website,6,Stressed,Free Shipping Threshold,Electronics,Yes
21,Other,Self-employed,"Above ₹15,000",E-commerce Website,3,Bored,Heavy Discount,Electronics,Yes
18,Male,Student,"₹2,000 - ₹5,000",Physical In-Store,4,Bored,Heavy Discount,Food/Snacks,No
20,Female,Student,"₹2,000 - ₹5,000",Physical In-Store,3,Bored,Social Media Ad,Clothing,No
18,Male,Employed,"₹5,000 - ₹15,000",Social Media Stores,8,Bored,Limited Time Flash Sale,Food/Snacks,Yes
38,Male,Employed,"Above ₹15,000",Physical In-Store,6,Stressed,Attractive Packaging,Gaming/Digital,No
40,Male,Student,"₹5,000 - ₹15,000",E-commerce Website,3,Neutral,Attractive Packaging,Electronics,No
30,Female,Student,"₹2,000 - ₹5,000",Quick Commerce,6,Neutral,Limited Time Flash Sale,Food/Snacks,Yes
37,Male,Employed,"₹5,000 - ₹15,000",Social Media Stores,1,Bored,Heavy Discount,Food/Snacks,No
29,Female,Employed,"Above ₹15,000",Social Media Stores,5,Sad,Heavy Discount,Clothing,No
27,Male,Unemployed,"₹5,000 - ₹15,000",E-commerce Website,5,Stressed,Free Shipping Threshold,Food/Snacks,No
25,Male,Employed,"Under ₹2,000",Social Media Stores,8,Neutral,Free Shipping Threshold,Food/Snacks,Yes
25,Female,Student,"₹5,000 - ₹15,000",E-commerce Website,3,Stressed,Attractive Packaging,Beauty/Cosmetics,No
18,Male,Employed,"₹5,000 - ₹15,000",Social Media Stores,5,Stressed,Free Shipping Threshold,Gaming/Digital,Yes
30,Male,Student,"₹5,000 - ₹15,000",E-commerce Website,4,Happy,Limited Time Flash Sale,Gaming/Digital,No
27,Male,Employed,"₹5,000 - ₹15,000",E-commerce Website,4,Neutral,Free Shipping Threshold,Food/Snacks,No
33,Female,Employed,"₹2,000 - ₹5,000",Quick Commerce,3,Stressed,Social Media Ad,Gaming/Digital,No
28,Female,Employed,"₹5,000 - ₹15,000",E-commerce Website,7,Bored,Attractive Packaging,Beauty/Cosmetics,No
26,Male,Employed,"₹5,000 - ₹15,000",E-commerce Website,9,Sad,Heavy Discount,Food/Snacks,No
21,Male,Student,"Under ₹2,000",E-commerce Website,4,Neutral,Free Shipping Threshold,Clothing,No
28,Male,Self-employed,"₹2,000 - ₹5,000",E-commerce Website,7,Neutral,Social Media Ad,Electronics,Yes
33,Male,Employed,"Under ₹2,000",Physical In-Store,7,Neutral,Heavy Discount,Beauty/Cosmetics,Yes
18,Female,Employed,"₹5,000 - ₹15,000",Quick Commerce,5,Bored,Free Shipping Threshold,Gaming/Digital,Yes
28,Female,Student,"₹5,000 - ₹15,000",E-commerce Website,4,Bored,Limited Time Flash Sale,Electronics,Yes
29,Female,Student,"₹2,000 - ₹5,000",E-commerce Website,6,Neutral,Attractive Packaging,Gaming/Digital,No
22,Male,Employed,"₹5,000 - ₹15,000",Social Media Stores,6,Stressed,Heavy Discount,Electronics,No
23,Female,Employed,"₹5,000 - ₹15,000",Social Media Stores,4,Happy,Heavy Discount,Electronics,Yes
29,Female,Student,"Above ₹15,000",Quick Commerce,4,Stressed,Social Media Ad,Electronics,Yes
18,Female,Self-employed,"Under ₹2,000",E-commerce Website,4,Bored,Attractive Packaging,Beauty/Cosmetics,No
30,Female,Student,"₹5,000 - ₹15,000",E-commerce Website,8,Neutral,Attractive Packaging,Food/Snacks,Yes
20,Female,Student,"₹5,000 - ₹15,000",E-commerce Website,3,Sad,Social Media Ad,Clothing,No
36,Female,Student,"₹2,000 - ₹5,000",Quick Commerce,1,Stressed,Free Shipping Threshold,Gaming/Digital,Yes
46,Male,Student,"₹2,000 - ₹5,000",E-commerce Website,4,Happy,Social Media Ad,Electronics,Yes
21,Female,Self-employed,"₹2,000 - ₹5,000",Quick Commerce,2,Happy,Heavy Discount,Gaming/Digital,Yes
32,Male,Employed,"₹5,000 - ₹15,000",Quick Commerce,4,Happy,Heavy Discount,Food/Snacks,Yes
22,Female,Student,"₹2,000 - ₹5,000",E-commerce Website,6,Neutral,Limited Time Flash Sale,Electronics,No
36,Female,Self-employed,"₹2,000 - ₹5,000",E-commerce Website,5,Happy,Attractive Packaging,Gaming/Digital,No
18,Female,Self-employed,"₹2,000 - ₹5,000",E-commerce Website,7,Happy,Heavy Discount,Electronics,No
31,Female,Employed,"₹2,000 - ₹5,000",Physical In-Store,8,Stressed,Heavy Discount,Food/Snacks,No
21,Male,Self-employed,"Above ₹15,000",Quick Commerce,5,Stressed,Attractive Packaging,Clothing,Yes
26,Male,Employed,"₹2,000 - ₹5,000",Physical In-Store,4,Happy,Free Shipping Threshold,Clothing,No
19,Female,Employed,"₹5,000 - ₹15,000",E-commerce Website,3,Neutral,Attractive Packaging,Clothing,Yes
34,Female,Employed,"Under ₹2,000",E-commerce Website,4,Neutral,Heavy Discount,Beauty/Cosmetics,No
21,Female,Student,"₹2,000 - ₹5,000",Physical In-Store,8,Neutral,Attractive Packaging,Clothing,No
32,Male,Employed,"Above ₹15,000",E-commerce Website,5,Neutral,Free Shipping Threshold,Clothing,Yes
25,Female,Self-employed,"Above ₹15,000",E-commerce Website,9,Bored,Heavy Discount,Food/Snacks,Yes
27,Other,Employed,"₹2,000 - ₹5,000",Physical In-Store,2,Neutral,Free Shipping Threshold,Gaming/Digital,Yes
29,Male,Self-employed,"Under ₹2,000",Social Media Stores,3,Neutral,Limited Time Flash Sale,Electronics,No
21,Female,Employed,"₹2,000 - ₹5,000",Social Media Stores,6,Bored,Free Shipping Threshold,Food/Snacks,Yes
29,Female,Employed,"₹2,000 - ₹5,000",Quick Commerce,5,Happy,Heavy Discount,Electronics,No
40,Female,Employed,"₹5,000 - ₹15,000",Quick Commerce,5,Stressed,Attractive Packaging,Food/Snacks,Yes
21,Other,Employed,"₹2,000 - ₹5,000",E-commerce Website,4,Sad,Free Shipping Threshold,Beauty/Cosmetics,No
37,Male,Employed,"₹5,000 - ₹15,000",Social Media Stores,7,Bored,Attractive Packaging,Electronics,Yes
39,Female,Student,"₹5,000 - ₹15,000",E-commerce Website,6,Sad,Heavy Discount,Beauty/Cosmetics,No
21,Female,Student,"₹2,000 - ₹5,000",E-commerce Website,6,Neutral,Attractive Packaging,Clothing,Yes
18,Female,Unemployed,"₹5,000 - ₹15,000",E-commerce Website,9,Bored,Heavy Discount,Electronics,No
30,Female,Student,"₹5,000 - ₹15,000",E-commerce Website,3,Bored,Heavy Discount,Food/Snacks,Yes
23,Other,Employed,"₹5,000 - ₹15,000",Social Media Stores,6,Bored,Free Shipping Threshold,Electronics,No
42,Female,Employed,"Above ₹15,000",E-commerce Website,7,Neutral,Limited Time Flash Sale,Food/Snacks,Yes
28,Female,Employed,"₹5,000 - ₹15,000",E-commerce Website,7,Bored,Social Media Ad,Clothing,Yes
21,Male,Employed,"₹5,000 - ₹15,000",E-commerce Website,6,Neutral,Free Shipping Threshold,Gaming/Digital,No
18,Male,Employed,"Above ₹15,000",Quick Commerce,3,Happy,Limited Time Flash Sale,Food/Snacks,Yes
36,Male,Self-employed,"₹5,000 - ₹15,000",E-commerce Website,4,Bored,Free Shipping Threshold,Electronics,No
23,Female,Employed,"₹5,000 - ₹15,000",E-commerce Website,4,Bored,Free Shipping Threshold,Clothing,Yes
28,Other,Employed,"₹2,000 - ₹5,000",Quick Commerce,6,Bored,Heavy Discount,Gaming/Digital,Yes
35,Male,Self-employed,"Above ₹15,000",Physical In-Store,1,Stressed,Limited Time Flash Sale,Clothing,Yes
24,Male,Unemployed,"Under ₹2,000",Quick Commerce,5,Bored,Social Media Ad,Clothing,Yes
27,Female,Unemployed,"₹2,000 - ₹5,000",Quick Commerce,6,Neutral,Attractive Packaging,Gaming/Digital,No
27,Female,Employed,"₹5,000 - ₹15,000",E-commerce Website,7,Stressed,Heavy Discount,Beauty/Cosmetics,Yes
33,Other,Student,"₹5,000 - ₹15,000",Social Media Stores,2,Bored,Free Shipping Threshold,Food/Snacks,Yes
32,Male,Student,"₹5,000 - ₹15,000",Quick Commerce,3,Neutral,Attractive Packaging,Food/Snacks,Yes
26,Male,Self-employed,"₹5,000 - ₹15,000",E-commerce Website,1,Happy,Free Shipping Threshold,Clothing,No
28,Female,Self-employed,"₹2,000 - ₹5,000",Physical In-Store,4,Bored,Heavy Discount,Gaming/Digital,No
25,Male,Employed,"Above ₹15,000",Quick Commerce,10,Bored,Free Shipping Threshold,Clothing,Yes
18,Male,Student,"₹5,000 - ₹15,000",E-commerce Website,3,Stressed,Heavy Discount,Electronics,Yes
30,Male,Employed,"Above ₹15,000",E-commerce Website,2,Neutral,Free Shipping Threshold,Beauty/Cosmetics,Yes
43,Male,Employed,"₹2,000 - ₹5,000",Quick Commerce,2,Stressed,Attractive Packaging,Beauty/Cosmetics,No
20,Male,Employed,"₹5,000 - ₹15,000",E-commerce Website,4,Sad,Heavy Discount,Gaming/Digital,No
21,Other,Employed,"₹5,000 - ₹15,000",Social Media Stores,7,Neutral,Limited Time Flash Sale,Beauty/Cosmetics,Yes
21,Male,Self-employed,"₹2,000 - ₹5,000",E-commerce Website,4,Happy,Attractive Packaging,Gaming/Digital,Yes
33,Male,Student,"₹5,000 - ₹15,000",Social Media Stores,4,Bored,Heavy Discount,Food/Snacks,Yes
31,Female,Employed,"Under ₹2,000",E-commerce Website,9,Neutral,Heavy Discount,Electronics,Yes
26,Female,Employed,"₹5,000 - ₹15,000",E-commerce Website,7,Stressed,Limited Time Flash Sale,Electronics,Yes
20,Female,Employed,"₹5,000 - ₹15,000",E-commerce Website,5,Bored,Free Shipping Threshold,Gaming/Digital,Yes
28,Female,Employed,"₹5,000 - ₹15,000",E-commerce Website,8,Neutral,Social Media Ad,Food/Snacks,Yes
18,Female,Self-employed,"₹5,000 - ₹15,000",E-commerce Website,2,Neutral,Heavy Discount,Food/Snacks,No
29,Female,Student,"Under ₹2,000",E-commerce Website,3,Sad,Attractive Packaging,Food/Snacks,No
34,Female,Student,"₹5,000 - ₹15,000",Quick Commerce,4,Stressed,Free Shipping Threshold,Food/Snacks,Yes
18,Female,Employed,"₹2,000 - ₹5,000",E-commerce Website,7,Neutral,Attractive Packaging,Clothing,Yes
18,Female,Employed,"₹2,000 - ₹5,000",E-commerce Website,3,Bored,Heavy Discount,Clothing,Yes
40,Male,Student,"₹2,000 - ₹5,000",E-commerce Website,9,Bored,Limited Time Flash Sale,Beauty/Cosmetics,Yes
23,Female,Employed,"₹2,000 - ₹5,000",Quick Commerce,4,Stressed,Limited Time Flash Sale,Gaming/Digital,Yes
37,Female,Employed,"₹5,000 - ₹15,000",Social Media Stores,3,Bored,Limited Time Flash Sale,Clothing,No
26,Female,Student,"₹5,000 - ₹15,000",Social Media Stores,6,Stressed,Free Shipping Threshold,Electronics,Yes
26,Male,Student,"₹2,000 - ₹5,000",E-commerce Website,5,Happy,Limited Time Flash Sale,Food/Snacks,Yes
31,Male,Self-employed,"₹2,000 - ₹5,000",E-commerce Website,4,Stressed,Free Shipping Threshold,Gaming/Digital,Yes
20,Female,Employed,"₹2,000 - ₹5,000",E-commerce Website,9,Bored,Heavy Discount,Electronics,Yes
29,Male,Student,"₹5,000 - ₹15,000",Social Media Stores,2,Happy,Heavy Discount,Gaming/Digital,No
24,Female,Student,"₹2,000 - ₹5,000",E-commerce Website,3,Happy,Social Media Ad,Gaming/Digital,No
18,Other,Employed,"₹2,000 - ₹5,000",Social Media Stores,6,Neutral,Attractive Packaging,Gaming/Digital,Yes
30,Female,Student,"₹5,000 - ₹15,000",E-commerce Website,5,Bored,Heavy Discount,Food/Snacks,No
25,Female,Self-employed,"₹2,000 - ₹5,000",E-commerce Website,1,Stressed,Free Shipping Threshold,Clothing,Yes
26,Female,Employed,"₹2,000 - ₹5,000",E-commerce Website,6,Bored,Free Shipping Threshold,Beauty/Cosmetics,Yes
18,Female,Employed,"Under ₹2,000",E-commerce Website,7,Bored,Free Shipping Threshold,Gaming/Digital,Yes
40,Female,Self-employed,"₹2,000 - ₹5,000",Physical In-Store,6,Stressed,Limited Time Flash Sale,Gaming/Digital,Yes
35,Female,Employed,"Under ₹2,000",E-commerce Website,3,Neutral,Attractive Packaging,Clothing,No
35,Other,Student,"₹5,000 - ₹15,000",E-commerce Website,3,Bored,Social Media Ad,Clothing,No
25,Female,Employed,"Under ₹2,000",Social Media Stores,7,Neutral,Attractive Packaging,Food/Snacks,No
18,Other,Employed,"₹2,000 - ₹5,000",E-commerce Website,3,Sad,Attractive Packaging,Electronics,No
43,Male,Employed,"₹2,000 - ₹5,000",E-commerce Website,1,Bored,Heavy Discount,Food/Snacks,Yes
27,Male,Employed,"₹5,000 - ₹15,000",E-commerce Website,7,Bored,Limited Time Flash Sale,Clothing,Yes
22,Female,Employed,"Above ₹15,000",E-commerce Website,4,Bored,Heavy Discount,Gaming/Digital,No
31,Male,Student,"₹5,000 - ₹15,000",Physical In-Store,7,Bored,Limited Time Flash Sale,Gaming/Digital,No
37,Female,Employed,"₹5,000 - ₹15,000",E-commerce Website,2,Sad,Social Media Ad,Gaming/Digital,No
27,Male,Employed,"₹5,000 - ₹15,000",E-commerce Website,1,Bored,Heavy Discount,Beauty/Cosmetics,No
38,Other,Employed,"Under ₹2,000",E-commerce Website,2,Stressed,Limited Time Flash Sale,Beauty/Cosmetics,Yes
36,Male,Employed,"Under ₹2,000",Social Media Stores,6,Sad,Limited Time Flash Sale,Electronics,No
19,Male,Employed,"Under ₹2,000",E-commerce Website,5,Happy,Free Shipping Threshold,Electronics,No
22,Male,Student,"Under ₹2,000",E-commerce Website,4,Neutral,Heavy Discount,Gaming/Digital,No
35,Female,Student,"₹2,000 - ₹5,000",E-commerce Website,5,Stressed,Limited Time Flash Sale,Electronics,Yes
18,Male,Student,"₹5,000 - ₹15,000",Physical In-Store,6,Stressed,Free Shipping Threshold,Electronics,Yes
26,Male,Employed,"Under ₹2,000",E-commerce Website,4,Bored,Free Shipping Threshold,Gaming/Digital,Yes
18,Female,Employed,"Above ₹15,000",E-commerce Website,3,Stressed,Free Shipping Threshold,Clothing,No
24,Male,Employed,"Above ₹15,000",E-commerce Website,4,Neutral,Heavy Discount,Clothing,Yes
25,Male,Employed,"Above ₹15,000",Social Media Stores,3,Bored,Social Media Ad,Beauty/Cosmetics,No
25,Female,Self-employed,"Under ₹2,000",E-commerce Website,6,Stressed,Attractive Packaging,Beauty/Cosmetics,No
23,Male,Self-employed,"Above ₹15,000",Social Media Stores,5,Neutral,Free Shipping Threshold,Food/Snacks,Yes
19,Male,Unemployed,"₹5,000 - ₹15,000",Social Media Stores,5,Bored,Heavy Discount,Food/Snacks,Yes
46,Male,Self-employed,"Above ₹15,000",Social Media Stores,2,Bored,Limited Time Flash Sale,Clothing,Yes
42,Male,Employed,"₹5,000 - ₹15,000",Quick Commerce,3,Bored,Limited Time Flash Sale,Beauty/Cosmetics,Yes
18,Female,Employed,"₹5,000 - ₹15,000",Physical In-Store,6,Neutral,Attractive Packaging,Electronics,No
40,Male,Student,"Under ₹2,000",Physical In-Store,4,Neutral,Heavy Discount,Clothing,Yes
24,Female,Employed,"Under ₹2,000",Social Media Stores,4,Bored,Limited Time Flash Sale,Beauty/Cosmetics,Yes
29,Female,Employed,"Under ₹2,000",E-commerce Website,5,Neutral,Attractive Packaging,Beauty/Cosmetics,No
27,Male,Employed,"Above ₹15,000",Quick Commerce,8,Neutral,Free Shipping Threshold,Gaming/Digital,No
22,Other,Employed,"Under ₹2,000",E-commerce Website,3,Stressed,Attractive Packaging,Food/Snacks,Yes
35,Male,Employed,"Under ₹2,000",E-commerce Website,6,Sad,Social Media Ad,Clothing,No
29,Male,Employed,"Above ₹15,000",E-commerce Website,5,Bored,Free Shipping Threshold,Clothing,No
24,Male,Employed,"Under ₹2,000",E-commerce Website,0,Happy,Limited Time Flash Sale,Electronics,No
18,Male,Employed,"Above ₹15,000",E-commerce Website,3,Stressed,Attractive Packaging,Beauty/Cosmetics,Yes
20,Female,Self-employed,"₹5,000 - ₹15,000",Quick Commerce,11,Happy,Heavy Discount,Food/Snacks,No
18,Male,Self-employed,"Under ₹2,000",Physical In-Store,2,Sad,Heavy Discount,Food/Snacks,No
28,Female,Employed,"Under ₹2,000",E-commerce Website,4,Sad,Limited Time Flash Sale,Electronics,Yes
18,Female,Student,"₹5,000 - ₹15,000",E-commerce Website,3,Neutral,Free Shipping Threshold,Electronics,No
25,Male,Self-employed,"Above ₹15,000",E-commerce Website,5,Bored,Attractive Packaging,Beauty/Cosmetics,Yes
38,Female,Student,"Above ₹15,000",E-commerce Website,4,Stressed,Social Media Ad,Clothing,Yes
37,Female,Self-employed,"₹2,000 - ₹5,000",E-commerce Website,2,Bored,Free Shipping Threshold,Clothing,No
27,Male,Student,"₹2,000 - ₹5,000",Physical In-Store,2,Stressed,Social Media Ad,Gaming/Digital,Yes
27,Male,Employed,"₹2,000 - ₹5,000",Quick Commerce,4,Stressed,Attractive Packaging,Clothing,Yes
43,Female,Employed,"₹5,000 - ₹15,000",Social Media Stores,4,Stressed,Heavy Discount,Electronics,No
32,Female,Employed,"₹2,000 - ₹5,000",Social Media Stores,6,Neutral,Heavy Discount,Clothing,No
25,Female,Employed,"Under ₹2,000",Physical In-Store,3,Neutral,Heavy Discount,Food/Snacks,No
18,Male,Employed,"₹5,000 - ₹15,000",Physical In-Store,4,Bored,Heavy Discount,Beauty/Cosmetics,No
31,Female,Employed,"₹2,000 - ₹5,000",Social Media Stores,2,Stressed,Limited Time Flash Sale,Gaming/Digital,Yes
34,Female,Student,"Under ₹2,000",Social Media Stores,1,Neutral,Free Shipping Threshold,Clothing,No
22,Female,Employed,"₹5,000 - ₹15,000",E-commerce Website,10,Bored,Attractive Packaging,Gaming/Digital,No
30,Male,Student,"₹5,000 - ₹15,000",E-commerce Website,3,Happy,Free Shipping Threshold,Gaming/Digital,No
25,Female,Employed,"₹2,000 - ₹5,000",E-commerce Website,3,Neutral,Limited Time Flash Sale,Electronics,Yes
26,Male,Student,"₹5,000 - ₹15,000",E-commerce Website,5,Bored,Heavy Discount,Clothing,No
18,Female,Employed,"₹5,000 - ₹15,000",Social Media Stores,4,Neutral,Free Shipping Threshold,Food/Snacks,No
26,Female,Employed,"₹5,000 - ₹15,000",E-commerce Website,3,Bored,Limited Time Flash Sale,Beauty/Cosmetics,Yes
35,Female,Employed,"Above ₹15,000",E-commerce Website,4,Happy,Attractive Packaging,Clothing,Yes
22,Male,Employed,"₹5,000 - ₹15,000",Social Media Stores,3,Neutral,Free Shipping Threshold,Electronics,No
28,Male,Employed,"₹5,000 - ₹15,000",Physical In-Store,8,Happy,Social Media Ad,Clothing,Yes
21,Female,Unemployed,"₹5,000 - ₹15,000",Social Media Stores,5,Neutral,Free Shipping Threshold,Electronics,No
30,Female,Self-employed,"₹5,000 - ₹15,000",Quick Commerce,5,Neutral,Limited Time Flash Sale,Electronics,No
26,Female,Employed,"Under ₹2,000",Physical In-Store,5,Stressed,Social Media Ad,Food/Snacks,Yes
20,Male,Employed,"₹2,000 - ₹5,000",E-commerce Website,3,Neutral,Heavy Discount,Electronics,Yes
38,Female,Employed,"₹5,000 - ₹15,000",E-commerce Website,4,Bored,Social Media Ad,Gaming/Digital,Yes
35,Female,Student,"₹2,000 - ₹5,000",Physical In-Store,5,Stressed,Heavy Discount,Food/Snacks,No
23,Other,Employed,"₹2,000 - ₹5,000",Social Media Stores,5,Neutral,Heavy Discount,Gaming/Digital,No
31,Female,Self-employed,"₹5,000 - ₹15,000",Social Media Stores,4,Happy,Heavy Discount,Food/Snacks,No
32,Female,Employed,"Under ₹2,000",Social Media Stores,4,Sad,Limited Time Flash Sale,Beauty/Cosmetics,Yes
33,Female,Employed,"₹5,000 - ₹15,000",Quick Commerce,0,Bored,Free Shipping Threshold,Food/Snacks,No
18,Male,Student,"₹2,000 - ₹5,000",E-commerce Website,5,Sad,Heavy Discount,Gaming/Digital,Yes
36,Female,Student,"₹2,000 - ₹5,000",Social Media Stores,5,Neutral,Limited Time Flash Sale,Electronics,Yes
23,Female,Student,"₹2,000 - ₹5,000",Social Media Stores,2,Sad,Free Shipping Threshold,Electronics,Yes
25,Other,Employed,"Under ₹2,000",E-commerce Website,3,Neutral,Heavy Discount,Electronics,No
49,Female,Employed,"₹2,000 - ₹5,000",Quick Commerce,2,Sad,Heavy Discount,Food/Snacks,No
30,Male,Employed,"₹2,000 - ₹5,000",E-commerce Website,5,Stressed,Heavy Discount,Food/Snacks,Yes
24,Female,Employed,"₹2,000 - ₹5,000",Social Media Stores,2,Stressed,Social Media Ad,Gaming/Digital,No
18,Male,Employed,"₹5,000 - ₹15,000",Social Media Stores,3,Happy,Limited Time Flash Sale,Beauty/Cosmetics,Yes
39,Male,Employed,"₹2,000 - ₹5,000",E-commerce Website,1,Bored,Heavy Discount,Beauty/Cosmetics,No
18,Male,Employed,"₹5,000 - ₹15,000",E-commerce Website,8,Stressed,Attractive Packaging,Food/Snacks,Yes
19,Female,Employed,"₹5,000 - ₹15,000",E-commerce Website,5,Stressed,Free Shipping Threshold,Clothing,Yes
25,Female,Employed,"Under ₹2,000",E-commerce Website,10,Happy,Heavy Discount,Food/Snacks,No
39,Male,Self-employed,"₹2,000 - ₹5,000",E-commerce Website,9,Bored,Attractive Packaging,Food/Snacks,No
34,Female,Student,"Under ₹2,000",E-commerce Website,6,Neutral,Free Shipping Threshold,Beauty/Cosmetics,No
26,Male,Student,"Above ₹15,000",E-commerce Website,3,Neutral,Heavy Discount,Beauty/Cosmetics,No
30,Female,Employed,"Above ₹15,000",E-commerce Website,10,Happy,Heavy Discount,Gaming/Digital,Yes
23,Female,Employed,"Under ₹2,000",Physical In-Store,9,Sad,Free Shipping Threshold,Clothing,Yes
29,Female,Student,"₹5,000 - ₹15,000",E-commerce Website,4,Stressed,Heavy Discount,Electronics,Yes
28,Male,Employed,"Above ₹15,000",Social Media Stores,7,Stressed,Attractive Packaging,Beauty/Cosmetics,No
35,Female,Employed,"₹5,000 - ₹15,000",Social Media Stores,2,Stressed,Free Shipping Threshold,Clothing,Yes
35,Female,Employed,"₹2,000 - ₹5,000",Physical In-Store,6,Stressed,Limited Time Flash Sale,Clothing,Yes
31,Female,Employed,"₹2,000 - ₹5,000",E-commerce Website,7,Neutral,Heavy Discount,Gaming/Digital,No
25,Male,Employed,"₹2,000 - ₹5,000",Quick Commerce,1,Stressed,Attractive Packaging,Electronics,No
33,Male,Student,"₹5,000 - ₹15,000",E-commerce Website,4,Stressed,Free Shipping Threshold,Gaming/Digital,No
27,Female,Student,"₹5,000 - ₹15,000",Social Media Stores,1,Stressed,Limited Time Flash Sale,Clothing,Yes
19,Male,Student,"₹5,000 - ₹15,000",E-commerce Website,3,Bored,Attractive Packaging,Gaming/Digital,Yes
24,Male,Employed,"Under ₹2,000",E-commerce Website,9,Sad,Attractive Packaging,Electronics,Yes
28,Female,Employed,"Above ₹15,000",Social Media Stores,8,Stressed,Social Media Ad,Food/Snacks,Yes
35,Male,Employed,"₹5,000 - ₹15,000",Quick Commerce,4,Happy,Limited Time Flash Sale,Beauty/Cosmetics,Yes
26,Other,Employed,"Under ₹2,000",Quick Commerce,3,Sad,Free Shipping Threshold,Electronics,No
18,Male,Employed,"Under ₹2,000",Social Media Stores,7,Sad,Free Shipping Threshold,Gaming/Digital,No
28,Female,Employed,"₹5,000 - ₹15,000",E-commerce Website,6,Stressed,Heavy Discount,Beauty/Cosmetics,Yes
28,Female,Student,"₹2,000 - ₹5,000",E-commerce Website,5,Bored,Heavy Discount,Food/Snacks,Yes
29,Female,Self-employed,"₹2,000 - ₹5,000",E-commerce Website,4,Neutral,Free Shipping Threshold,Gaming/Digital,No
35,Other,Employed,"Under ₹2,000",E-commerce Website,2,Bored,Free Shipping Threshold,Beauty/Cosmetics,Yes
36,Male,Employed,"Above ₹15,000",Quick Commerce,4,Neutral,Limited Time Flash Sale,Beauty/Cosmetics,Yes
23,Female,Employed,"₹5,000 - ₹15,000",E-commerce Website,1,Sad,Free Shipping Threshold,Beauty/Cosmetics,Yes
23,Female,Employed,"Under ₹2,000",E-commerce Website,4,Neutral,Attractive Packaging,Food/Snacks,No
19,Male,Employed,"Above ₹15,000",E-commerce Website,11,Neutral,Attractive Packaging,Food/Snacks,Yes
33,Female,Student,"₹5,000 - ₹15,000",E-commerce Website,6,Bored,Attractive Packaging,Food/Snacks,Yes
39,Male,Self-employed,"₹2,000 - ₹5,000",Physical In-Store,2,Stressed,Social Media Ad,Electronics,Yes
25,Female,Employed,"Above ₹15,000",E-commerce Website,2,Bored,Limited Time Flash Sale,Clothing,Yes
26,Male,Student,"₹5,000 - ₹15,000",E-commerce Website,6,Stressed,Free Shipping Threshold,Clothing,Yes
39,Female,Student,"₹5,000 - ₹15,000",Social Media Stores,5,Bored,Heavy Discount,Clothing,Yes
32,Female,Employed,"₹2,000 - ₹5,000",E-commerce Website,8,Happy,Social Media Ad,Clothing,Yes
31,Male,Employed,"₹5,000 - ₹15,000",E-commerce Website,3,Happy,Limited Time Flash Sale,Food/Snacks,No
18,Female,Employed,"₹2,000 - ₹5,000",Social Media Stores,5,Happy,Heavy Discount,Clothing,Yes
33,Male,Self-employed,"₹2,000 - ₹5,000",Social Media Stores,4,Bored,Attractive Packaging,Food/Snacks,No
20,Male,Employed,"₹5,000 - ₹15,000",E-commerce Website,7,Bored,Social Media Ad,Gaming/Digital,Yes
18,Male,Employed,"Above ₹15,000",E-commerce Website,5,Stressed,Limited Time Flash Sale,Food/Snacks,Yes
25,Male,Employed,"₹5,000 - ₹15,000",Quick Commerce,6,Bored,Attractive Packaging,Electronics,Yes
23,Male,Unemployed,"Under ₹2,000",E-commerce Website,9,Stressed,Limited Time Flash Sale,Clothing,Yes
26,Female,Employed,"Under ₹2,000",E-commerce Website,7,Sad,Heavy Discount,Food/Snacks,No
18,Female,Unemployed,"Above ₹15,000",E-commerce Website,6,Neutral,Attractive Packaging,Gaming/Digital,No
35,Female,Student,"₹2,000 - ₹5,000",Social Media Stores,7,Bored,Free Shipping Threshold,Beauty/Cosmetics,No
37,Male,Employed,"₹2,000 - ₹5,000",Social Media Stores,8,Bored,Free Shipping Threshold,Gaming/Digital,Yes
18,Female,Employed,"₹5,000 - ₹15,000",Quick Commerce,9,Happy,Free Shipping Threshold,Clothing,No
35,Female,Self-employed,"Above ₹15,000",E-commerce Website,4,Happy,Attractive Packaging,Electronics,No
21,Male,Student,"₹5,000 - ₹15,000",Physical In-Store,3,Stressed,Limited Time Flash Sale,Food/Snacks,Yes
34,Female,Student,"Under ₹2,000",Social Media Stores,5,Neutral,Free Shipping Threshold,Food/Snacks,No
27,Female,Student,"₹2,000 - ₹5,000",E-commerce Website,9,Happy,Free Shipping Threshold,Beauty/Cosmetics,Yes
28,Female,Employed,"₹5,000 - ₹15,000",E-commerce Website,3,Happy,Social Media Ad,Electronics,Yes
26,Male,Employed,"Above ₹15,000",E-commerce Website,5,Stressed,Attractive Packaging,Food/Snacks,No
37,Male,Self-employed,"Above ₹15,000",E-commerce Website,4,Stressed,Social Media Ad,Food/Snacks,No
18,Female,Employed,"₹5,000 - ₹15,000",Quick Commerce,3,Neutral,Heavy Discount,Food/Snacks,No
32,Female,Student,"₹5,000 - ₹15,000",E-commerce Website,8,Sad,Social Media Ad,Beauty/Cosmetics,No
36,Male,Student,"Under ₹2,000",E-commerce Website,2,Stressed,Attractive Packaging,Clothing,No
33,Male,Student,"₹2,000 - ₹5,000",E-commerce Website,5,Neutral,Social Media Ad,Beauty/Cosmetics,No
46,Female,Employed,"₹2,000 - ₹5,000",Social Media Stores,8,Bored,Free Shipping Threshold,Beauty/Cosmetics,No
23,Female,Self-employed,"Above ₹15,000",Quick Commerce,3,Stressed,Social Media Ad,Gaming/Digital,Yes
35,Female,Unemployed,"Under ₹2,000",Quick Commerce,6,Neutral,Free Shipping Threshold,Food/Snacks,No
27,Male,Employed,"₹2,000 - ₹5,000",Physical In-Store,6,Neutral,Heavy Discount,Clothing,Yes
37,Male,Student,"Above ₹15,000",Quick Commerce,6,Happy,Social Media Ad,Gaming/Digital,Yes
27,Male,Student,"₹2,000 - ₹5,000",Physical In-Store,5,Sad,Attractive Packaging,Food/Snacks,No
24,Male,Employed,"₹2,000 - ₹5,000",E-commerce Website,8,Stressed,Social Media Ad,Food/Snacks,Yes
38,Male,Unemployed,"₹5,000 - ₹15,000",E-commerce Website,3,Happy,Heavy Discount,Beauty/Cosmetics,No
24,Female,Student,"₹5,000 - ₹15,000",E-commerce Website,4,Happy,Social Media Ad,Electronics,No
18,Female,Student,"₹2,000 - ₹5,000",Quick Commerce,6,Stressed,Free Shipping Threshold,Gaming/Digital,Yes
23,Female,Employed,"Above ₹15,000",Social Media Stores,1,Neutral,Limited Time Flash Sale,Beauty/Cosmetics,Yes
32,Male,Employed,"₹2,000 - ₹5,000",Social Media Stores,5,Stressed,Attractive Packaging,Gaming/Digital,No
39,Male,Student,"Above ₹15,000",Quick Commerce,8,Bored,Heavy Discount,Food/Snacks,Yes
28,Male,Self-employed,"₹5,000 - ₹15,000",E-commerce Website,5,Stressed,Attractive Packaging,Beauty/Cosmetics,Yes
38,Male,Student,"₹2,000 - ₹5,000",Physical In-Store,7,Neutral,Social Media Ad,Clothing,Yes
18,Female,Self-employed,"₹5,000 - ₹15,000",Social Media Stores,3,Neutral,Free Shipping Threshold,Food/Snacks,No
24,Male,Student,"Under ₹2,000",Quick Commerce,6,Neutral,Limited Time Flash Sale,Gaming/Digital,Yes
25,Male,Student,"Under ₹2,000",Quick Commerce,4,Neutral,Limited Time Flash Sale,Clothing,No
27,Male,Employed,"Above ₹15,000",E-commerce Website,4,Bored,Free Shipping Threshold,Gaming/Digital,No
28,Male,Student,"Under ₹2,000",Quick Commerce,3,Bored,Social Media Ad,Food/Snacks,Yes
33,Female,Employed,"Under ₹2,000",Quick Commerce,9,Stressed,Free Shipping Threshold,Clothing,Yes
24,Male,Employed,"₹2,000 - ₹5,000",E-commerce Website,8,Bored,Attractive Packaging,Food/Snacks,Yes
29,Female,Employed,"Under ₹2,000",Social Media Stores,6,Bored,Attractive Packaging,Food/Snacks,Yes
27,Female,Employed,"Above ₹15,000",E-commerce Website,5,Neutral,Social Media Ad,Beauty/Cosmetics,Yes
20,Male,Employed,"Above ₹15,000",E-commerce Website,1,Neutral,Free Shipping Threshold,Food/Snacks,No
27,Male,Student,"₹2,000 - ₹5,000",Quick Commerce,2,Bored,Free Shipping Threshold,Electronics,Yes
26,Female,Unemployed,"₹2,000 - ₹5,000",Social Media Stores,5,Happy,Heavy Discount,Clothing,Yes
26,Female,Self-employed,"₹5,000 - ₹15,000",E-commerce Website,2,Neutral,Limited Time Flash Sale,Food/Snacks,No
28,Male,Student,"₹2,000 - ₹5,000",Quick Commerce,4,Happy,Heavy Discount,Electronics,Yes
28,Male,Employed,"₹2,000 - ₹5,000",E-commerce Website,14,Happy,Social Media Ad,Clothing,No
24,Male,Employed,"Under ₹2,000",E-commerce Website,4,Stressed,Limited Time Flash Sale,Food/Snacks,Yes
38,Male,Student,"₹2,000 - ₹5,000",E-commerce Website,4,Bored,Social Media Ad,Beauty/Cosmetics,No
18,Male,Employed,"₹5,000 - ₹15,000",Social Media Stores,3,Bored,Free Shipping Threshold,Clothing,No
22,Male,Employed,"Above ₹15,000",Quick Commerce,3,Neutral,Heavy Discount,Food/Snacks,No
50,Male,Student,"₹5,000 - ₹15,000",E-commerce Website,3,Bored,Social Media Ad,Clothing,No
19,Male,Student,"₹5,000 - ₹15,000",Quick Commerce,4,Stressed,Heavy Discount,Beauty/Cosmetics,Yes
18,Male,Employed,"₹2,000 - ₹5,000",Social Media Stores,4,Bored,Free Shipping Threshold,Clothing,Yes
33,Female,Employed,"Above ₹15,000",E-commerce Website,5,Stressed,Social Media Ad,Electronics,Yes
18,Female,Student,"Above ₹15,000",Social Media Stores,5,Happy,Free Shipping Threshold,Gaming/Digital,Yes
26,Female,Employed,"Above ₹15,000",Quick Commerce,7,Happy,Social Media Ad,Beauty/Cosmetics,Yes
45,Male,Employed,"Under ₹2,000",Physical In-Store,7,Bored,Free Shipping Threshold,Clothing,Yes
18,Female,Student,"₹5,000 - ₹15,000",E-commerce Website,3,Happy,Limited Time Flash Sale,Clothing,Yes
18,Male,Self-employed,"₹5,000 - ₹15,000",E-commerce Website,6,Stressed,Limited Time Flash Sale,Electronics,Yes
18,Female,Employed,"₹2,000 - ₹5,000",Quick Commerce,5,Stressed,Social Media Ad,Clothing,No
35,Male,Employed,"Above ₹15,000",Quick Commerce,4,Happy,Social Media Ad,Clothing,Yes
36,Male,Employed,"₹2,000 - ₹5,000",E-commerce Website,8,Neutral,Limited Time Flash Sale,Electronics,No
23,Female,Employed,"₹2,000 - ₹5,000",Quick Commerce,1,Sad,Social Media Ad,Food/Snacks,Yes
33,Female,Student,"₹2,000 - ₹5,000",E-commerce Website,2,Bored,Heavy Discount,Gaming/Digital,No
39,Female,Employed,"₹2,000 - ₹5,000",E-commerce Website,6,Sad,Attractive Packaging,Electronics,No
42,Male,Employed,"Above ₹15,000",Quick Commerce,4,Bored,Attractive Packaging,Electronics,Yes
26,Male,Employed,"₹2,000 - ₹5,000",E-commerce Website,3,Happy,Limited Time Flash Sale,Electronics,Yes
18,Male,Employed,"₹2,000 - ₹5,000",E-commerce Website,4,Neutral,Heavy Discount,Food/Snacks,Yes
21,Female,Employed,"₹5,000 - ₹15,000",Physical In-Store,3,Neutral,Attractive Packaging,Gaming/Digital,No
24,Female,Student,"Under ₹2,000",Physical In-Store,5,Neutral,Free Shipping Threshold,Gaming/Digital,No
25,Female,Employed,"₹5,000 - ₹15,000",Social Media Stores,5,Stressed,Heavy Discount,Clothing,No
26,Male,Employed,"₹5,000 - ₹15,000",Physical In-Store,3,Sad,Heavy Discount,Electronics,Yes
36,Female,Employed,"₹2,000 - ₹5,000",Social Media Stores,5,Bored,Limited Time Flash Sale,Food/Snacks,Yes
38,Male,Employed,"Above ₹15,000",Social Media Stores,8,Neutral,Attractive Packaging,Food/Snacks,No
26,Male,Employed,"₹5,000 - ₹15,000",E-commerce Website,4,Happy,Free Shipping Threshold,Food/Snacks,No
36,Female,Unemployed,"₹5,000 - ₹15,000",Social Media Stores,7,Happy,Social Media Ad,Electronics,No
30,Female,Student,"Above ₹15,000",Quick Commerce,4,Stressed,Social Media Ad,Beauty/Cosmetics,Yes
28,Male,Student,"₹5,000 - ₹15,000",E-commerce Website,4,Stressed,Limited Time Flash Sale,Beauty/Cosmetics,Yes
35,Male,Employed,"₹2,000 - ₹5,000",E-commerce Website,5,Stressed,Heavy Discount,Electronics,Yes
28,Male,Student,"Under ₹2,000",Quick Commerce,5,Happy,Free Shipping Threshold,Clothing,No
44,Male,Employed,"₹5,000 - ₹15,000",Physical In-Store,5,Neutral,Social Media Ad,Clothing,Yes
18,Male,Student,"Above ₹15,000",E-commerce Website,4,Neutral,Social Media Ad,Clothing,Yes
23,Male,Student,"₹2,000 - ₹5,000",E-commerce Website,7,Stressed,Limited Time Flash Sale,Food/Snacks,Yes
26,Male,Student,"₹2,000 - ₹5,000",E-commerce Website,2,Bored,Heavy Discount,Food/Snacks,Yes
31,Other,Employed,"₹5,000 - ₹15,000",Physical In-Store,8,Stressed,Social Media Ad,Gaming/Digital,No
38,Female,Self-employed,"₹5,000 - ₹15,000",E-commerce Website,4,Bored,Free Shipping Threshold,Food/Snacks,No
27,Female,Employed,"Under ₹2,000",E-commerce Website,6,Sad,Social Media Ad,Food/Snacks,No
18,Other,Student,"Above ₹15,000",E-commerce Website,5,Bored,Limited Time Flash Sale,Food/Snacks,Yes
34,Female,Employed,"Above ₹15,000",Social Media Stores,2,Bored,Attractive Packaging,Clothing,Yes
34,Male,Student,"₹5,000 - ₹15,000",Social Media Stores,5,Bored,Social Media Ad,Beauty/Cosmetics,No
18,Male,Employed,"Under ₹2,000",E-commerce Website,5,Neutral,Limited Time Flash Sale,Clothing,Yes
27,Female,Self-employed,"₹5,000 - ₹15,000",E-commerce Website,7,Neutral,Social Media Ad,Gaming/Digital,No
18,Female,Employed,"Under ₹2,000",Social Media Stores,9,Bored,Heavy Discount,Electronics,No
22,Female,Student,"₹5,000 - ₹15,000",E-commerce Website,4,Happy,Limited Time Flash Sale,Electronics,No
20,Female,Employed,"Under ₹2,000",Quick Commerce,4,Neutral,Attractive Packaging,Gaming/Digital,Yes
34,Male,Student,"₹5,000 - ₹15,000",E-commerce Website,4,Stressed,Social Media Ad,Food/Snacks,Yes
28,Male,Employed,"₹2,000 - ₹5,000",E-commerce Website,4,Stressed,Social Media Ad,Clothing,No
18,Male,Employed,"₹5,000 - ₹15,000",E-commerce Website,4,Stressed,Heavy Discount,Beauty/Cosmetics,Yes
35,Male,Employed,"₹5,000 - ₹15,000",Quick Commerce,4,Stressed,Limited Time Flash Sale,Gaming/Digital,Yes
18,Male,Self-employed,"Above ₹15,000",E-commerce Website,3,Stressed,Limited Time Flash Sale,Clothing,Yes
30,Male,Employed,"₹2,000 - ₹5,000",Social Media Stores,4,Bored,Social Media Ad,Clothing,No
21,Male,Self-employed,"Under ₹2,000",E-commerce Website,7,Neutral,Social Media Ad,Clothing,No
25,Male,Employed,"₹2,000 - ₹5,000",Physical In-Store,7,Neutral,Attractive Packaging,Clothing,No
32,Male,Employed,"Under ₹2,000",E-commerce Website,2,Neutral,Social Media Ad,Clothing,No
32,Male,Employed,"Under ₹2,000",E-commerce Website,6,Neutral,Limited Time Flash Sale,Electronics,No
38,Female,Student,"₹5,000 - ₹15,000",E-commerce Website,7,Sad,Limited Time Flash Sale,Food/Snacks,Yes
27,Male,Employed,"₹5,000 - ₹15,000",E-commerce Website,5,Sad,Attractive Packaging,Gaming/Digital,No
30,Female,Employed,"Under ₹2,000",E-commerce Website,5,Neutral,Social Media Ad,Food/Snacks,No
24,Female,Student,"₹2,000 - ₹5,000",E-commerce Website,2,Bored,Free Shipping Threshold,Food/Snacks,Yes
29,Male,Employed,"₹5,000 - ₹15,000",Social Media Stores,8,Neutral,Heavy Discount,Food/Snacks,Yes
31,Male,Employed,"₹2,000 - ₹5,000",Social Media Stores,3,Neutral,Free Shipping Threshold,Gaming/Digital,No
27,Female,Unemployed,"Above ₹15,000",E-commerce Website,4,Happy,Limited Time Flash Sale,Food/Snacks,Yes
18,Female,Employed,"Under ₹2,000",E-commerce Website,6,Neutral,Social Media Ad,Clothing,No
30,Female,Employed,"₹2,000 - ₹5,000",E-commerce Website,1,Stressed,Attractive Packaging,Food/Snacks,No
30,Male,Self-employed,"Under ₹2,000",E-commerce Website,6,Stressed,Social Media Ad,Beauty/Cosmetics,No
22,Female,Employed,"Under ₹2,000",E-commerce Website,2,Happy,Attractive Packaging,Beauty/Cosmetics,Yes
18,Female,Student,"Above ₹15,000",E-commerce Website,10,Bored,Attractive Packaging,Clothing,Yes
39,Female,Student,"₹2,000 - ₹5,000",Quick Commerce,4,Bored,Attractive Packaging,Beauty/Cosmetics,Yes
31,Male,Self-employed,"₹5,000 - ₹15,000",Quick Commerce,7,Neutral,Limited Time Flash Sale,Beauty/Cosmetics,No
26,Female,Student,"₹2,000 - ₹5,000",E-commerce Website,6,Neutral,Social Media Ad,Electronics,Yes
18,Female,Employed,"₹5,000 - ₹15,000",Social Media Stores,3,Bored,Attractive Packaging,Food/Snacks,Yes
21,Female,Employed,"Above ₹15,000",E-commerce Website,4,Bored,Limited Time Flash Sale,Clothing,Yes
38,Male,Self-employed,"₹5,000 - ₹15,000",Physical In-Store,2,Stressed,Social Media Ad,Electronics,Yes
29,Female,Self-employed,"Under ₹2,000",Quick Commerce,12,Neutral,Social Media Ad,Clothing,Yes
23,Male,Employed,"₹5,000 - ₹15,000",E-commerce Website,4,Neutral,Limited Time Flash Sale,Electronics,Yes
32,Male,Self-employed,"₹2,000 - ₹5,000",Social Media Stores,7,Happy,Heavy Discount,Clothing,Yes
21,Female,Student,"₹2,000 - ₹5,000",E-commerce Website,5,Stressed,Limited Time Flash Sale,Clothing,Yes
40,Male,Student,"₹5,000 - ₹15,000",Social Media Stores,3,Happy,Limited Time Flash Sale,Beauty/Cosmetics,Yes
38,Female,Self-employed,"Above ₹15,000",E-commerce Website,6,Sad,Free Shipping Threshold,Gaming/Digital,Yes
24,Female,Employed,"Under ₹2,000",Social Media Stores,4,Stressed,Attractive Packaging,Beauty/Cosmetics,Yes
22,Male,Student,"₹5,000 - ₹15,000",Physical In-Store,5,Bored,Attractive Packaging,Electronics,Yes
18,Female,Employed,"₹2,000 - ₹5,000",Physical In-Store,4,Neutral,Limited Time Flash Sale,Food/Snacks,Yes
18,Female,Employed,"₹2,000 - ₹5,000",Quick Commerce,4,Stressed,Attractive Packaging,Food/Snacks,Yes
18,Male,Self-employed,"Above ₹15,000",Social Media Stores,1,Bored,Limited Time Flash Sale,Electronics,Yes
29,Female,Self-employed,"₹5,000 - ₹15,000",Quick Commerce,7,Neutral,Limited Time Flash Sale,Beauty/Cosmetics,No
25,Male,Employed,"Under ₹2,000",E-commerce Website,5,Sad,Social Media Ad,Food/Snacks,No
18,Female,Self-employed,"₹5,000 - ₹15,000",E-commerce Website,4,Sad,Heavy Discount,Beauty/Cosmetics,No
25,Male,Employed,"₹5,000 - ₹15,000",E-commerce Website,7,Sad,Social Media Ad,Gaming/Digital,No
32,Male,Employed,"₹5,000 - ₹15,000",E-commerce Website,4,Stressed,Heavy Discount,Electronics,No
32,Male,Employed,"Under ₹2,000",Social Media Stores,3,Neutral,Limited Time Flash Sale,Beauty/Cosmetics,Yes
18,Other,Employed,"₹2,000 - ₹5,000",Quick Commerce,4,Stressed,Limited Time Flash Sale,Clothing,Yes
26,Female,Student,"Above ₹15,000",Quick Commerce,6,Stressed,Attractive Packaging,Food/Snacks,Yes
18,Female,Employed,"₹5,000 - ₹15,000",E-commerce Website,3,Happy,Attractive Packaging,Clothing,Yes
35,Male,Employed,"₹5,000 - ₹15,000",E-commerce Website,8,Happy,Social Media Ad,Food/Snacks,Yes
34,Female,Student,"₹5,000 - ₹15,000",Quick Commerce,6,Bored,Limited Time Flash Sale,Electronics,Yes
20,Male,Student,"Under ₹2,000",Social Media Stores,6,Stressed,Social Media Ad,Electronics,No
21,Male,Student,"₹5,000 - ₹15,000",Quick Commerce,5,Stressed,Heavy Discount,Beauty/Cosmetics,Yes
24,Female,Student,"₹2,000 - ₹5,000",Social Media Stores,2,Neutral,Limited Time Flash Sale,Electronics,Yes
18,Male,Employed,"Under ₹2,000",Quick Commerce,6,Stressed,Attractive Packaging,Electronics,Yes
30,Male,Student,"₹2,000 - ₹5,000",Physical In-Store,6,Neutral,Free Shipping Threshold,Electronics,No
25,Female,Student,"₹5,000 - ₹15,000",Social Media Stores,3,Sad,Limited Time Flash Sale,Clothing,Yes
35,Female,Employed,"Under ₹2,000",Physical In-Store,2,Neutral,Social Media Ad,Clothing,Yes
19,Male,Self-employed,"₹2,000 - ₹5,000",Social Media Stores,3,Neutral,Attractive Packaging,Electronics,No
23,Male,Student,"₹2,000 - ₹5,000",Social Media Stores,3,Bored,Heavy Discount,Food/Snacks,Yes
18,Male,Student,"Under ₹2,000",Physical In-Store,6,Neutral,Heavy Discount,Electronics,No
19,Other,Self-employed,"₹2,000 - ₹5,000",E-commerce Website,4,Bored,Heavy Discount,Food/Snacks,Yes
18,Female,Employed,"₹5,000 - ₹15,000",E-commerce Website,3,Happy,Attractive Packaging,Beauty/Cosmetics,Yes
35,Female,Self-employed,"Under ₹2,000",E-commerce Website,11,Stressed,Social Media Ad,Gaming/Digital,No
22,Female,Student,"Under ₹2,000",E-commerce Website,2,Happy,Limited Time Flash Sale,Clothing,Yes
28,Male,Student,"₹5,000 - ₹15,000",E-commerce Website,5,Bored,Attractive Packaging,Clothing,Yes
24,Other,Student,"₹5,000 - ₹15,000",E-commerce Website,4,Neutral,Free Shipping Threshold,Beauty/Cosmetics,No
18,Male,Student,"₹5,000 - ₹15,000",E-commerce Website,2,Sad,Limited Time Flash Sale,Beauty/Cosmetics,No
26,Male,Self-employed,"₹2,000 - ₹5,000",E-commerce Website,11,Stressed,Attractive Packaging,Food/Snacks,Yes
32,Female,Unemployed,"₹5,000 - ₹15,000",Physical In-Store,6,Bored,Limited Time Flash Sale,Clothing,No
18,Male,Unemployed,"₹2,000 - ₹5,000",E-commerce Website,11,Bored,Social Media Ad,Gaming/Digital,No
34,Female,Self-employed,"₹5,000 - ₹15,000",Social Media Stores,9,Neutral,Free Shipping Threshold,Electronics,No
21,Male,Self-employed,"Under ₹2,000",Social Media Stores,5,Happy,Limited Time Flash Sale,Electronics,Yes
24,Female,Employed,"₹2,000 - ₹5,000",Quick Commerce,6,Neutral,Free Shipping Threshold,Gaming/Digital,Yes
32,Male,Self-employed,"₹5,000 - ₹15,000",E-commerce Website,7,Bored,Social Media Ad,Electronics,No
22,Male,Student,"₹2,000 - ₹5,000",Quick Commerce,8,Happy,Limited Time Flash Sale,Clothing,Yes
28,Female,Employed,"Under ₹2,000",E-commerce Website,4,Happy,Free Shipping Threshold,Gaming/Digital,No
25,Female,Employed,"₹5,000 - ₹15,000",E-commerce Website,10,Neutral,Heavy Discount,Food/Snacks,No
29,Other,Self-employed,"₹5,000 - ₹15,000",E-commerce Website,8,Sad,Limited Time Flash Sale,Beauty/Cosmetics,Yes
18,Female,Employed,"₹5,000 - ₹15,000",E-commerce Website,5,Happy,Free Shipping Threshold,Food/Snacks,No
18,Female,Self-employed,"₹5,000 - ₹15,000",E-commerce Website,9,Happy,Social Media Ad,Clothing,No
32,Female,Employed,"₹5,000 - ₹15,000",Social Media Stores,5,Sad,Heavy Discount,Beauty/Cosmetics,Yes
36,Male,Employed,"₹2,000 - ₹5,000",Quick Commerce,1,Neutral,Social Media Ad,Beauty/Cosmetics,No
20,Male,Unemployed,"Above ₹15,000",Quick Commerce,5,Bored,Attractive Packaging,Clothing,No
26,Male,Student,"₹5,000 - ₹15,000",Social Media Stores,10,Bored,Attractive Packaging,Electronics,Yes
30,Female,Self-employed,"₹5,000 - ₹15,000",Social Media Stores,7,Bored,Social Media Ad,Clothing,Yes
33,Male,Employed,"₹2,000 - ₹5,000",E-commerce Website,7,Stressed,Free Shipping Threshold,Food/Snacks,No
18,Female,Employed,"Above ₹15,000",Quick Commerce,3,Stressed,Attractive Packaging,Gaming/Digital,No
20,Female,Self-employed,"Under ₹2,000",Social Media Stores,9,Bored,Social Media Ad,Gaming/Digital,Yes
25,Female,Employed,"₹5,000 - ₹15,000",E-commerce Website,6,Happy,Limited Time Flash Sale,Clothing,Yes
33,Male,Employed,"₹2,000 - ₹5,000",Social Media Stores,6,Neutral,Heavy Discount,Electronics,No
47,Male,Employed,"₹5,000 - ₹15,000",E-commerce Website,0,Bored,Attractive Packaging,Food/Snacks,Yes
26,Other,Student,"₹2,000 - ₹5,000",E-commerce Website,4,Happy,Limited Time Flash Sale,Gaming/Digital,Yes
18,Male,Employed,"₹5,000 - ₹15,000",Quick Commerce,6,Neutral,Attractive Packaging,Clothing,No
31,Male,Student,"Under ₹2,000",Social Media Stores,7,Bored,Heavy Discount,Clothing,Yes
38,Male,Self-employed,"₹2,000 - ₹5,000",Quick Commerce,4,Stressed,Limited Time Flash Sale,Electronics,Yes
28,Male,Student,"₹5,000 - ₹15,000",Quick Commerce,3,Stressed,Attractive Packaging,Electronics,Yes
20,Male,Employed,"₹2,000 - ₹5,000",E-commerce Website,8,Bored,Heavy Discount,Food/Snacks,Yes
35,Female,Self-employed,"Under ₹2,000",Physical In-Store,4,Happy,Social Media Ad,Electronics,No
33,Female,Self-employed,"₹2,000 - ₹5,000",E-commerce Website,2,Neutral,Free Shipping Threshold,Electronics,No
19,Female,Employed,"Above ₹15,000",Quick Commerce,4,Stressed,Free Shipping Threshold,Electronics,No
31,Male,Employed,"Under ₹2,000",E-commerce Website,4,Bored,Social Media Ad,Electronics,Yes
35,Female,Student,"Under ₹2,000",Social Media Stores,6,Happy,Attractive Packaging,Beauty/Cosmetics,No
37,Female,Employed,"₹5,000 - ₹15,000",E-commerce Website,6,Neutral,Free Shipping Threshold,Food/Snacks,No
27,Male,Student,"₹2,000 - ₹5,000",Social Media Stores,5,Neutral,Attractive Packaging,Electronics,No
25,Male,Employed,"₹2,000 - ₹5,000",E-commerce Website,4,Sad,Social Media Ad,Beauty/Cosmetics,Yes
37,Male,Employed,"₹5,000 - ₹15,000",E-commerce Website,4,Neutral,Attractive Packaging,Electronics,Yes
18,Female,Employed,"Under ₹2,000",E-commerce Website,7,Stressed,Social Media Ad,Clothing,Yes
31,Female,Employed,"₹5,000 - ₹15,000",E-commerce Website,3,Happy,Limited Time Flash Sale,Electronics,Yes
18,Female,Employed,"₹5,000 - ₹15,000",E-commerce Website,4,Stressed,Free Shipping Threshold,Gaming/Digital,No
36,Male,Employed,"Above ₹15,000",Quick Commerce,5,Bored,Free Shipping Threshold,Electronics,Yes
25,Female,Self-employed,"Above ₹15,000",E-commerce Website,1,Bored,Free Shipping Threshold,Beauty/Cosmetics,Yes
38,Male,Student,"₹2,000 - ₹5,000",Social Media Stores,5,Happy,Limited Time Flash Sale,Food/Snacks,Yes
31,Male,Employed,"₹5,000 - ₹15,000",Quick Commerce,8,Happy,Heavy Discount,Electronics,No
18,Female,Student,"₹5,000 - ₹15,000",Social Media Stores,4,Bored,Free Shipping Threshold,Food/Snacks,No
39,Male,Student,"₹2,000 - ₹5,000",E-commerce Website,2,Neutral,Attractive Packaging,Gaming/Digital,No
40,Female,Employed,"₹2,000 - ₹5,000",Quick Commerce,4,Happy,Free Shipping Threshold,Clothing,Yes
35,Female,Student,"Above ₹15,000",Physical In-Store,4,Neutral,Social Media Ad,Clothing,Yes
21,Female,Student,"₹2,000 - ₹5,000",E-commerce Website,4,Bored,Limited Time Flash Sale,Beauty/Cosmetics,Yes
25,Male,Self-employed,"Under ₹2,000",E-commerce Website,5,Happy,Heavy Discount,Gaming/Digital,Yes
29,Female,Employed,"₹5,000 - ₹15,000",E-commerce Website,7,Bored,Free Shipping Threshold,Electronics,No
22,Other,Student,"₹5,000 - ₹15,000",Social Media Stores,6,Happy,Limited Time Flash Sale,Food/Snacks,No
41,Female,Student,"Under ₹2,000",E-commerce Website,6,Sad,Free Shipping Threshold,Gaming/Digital,Yes
29,Female,Student,"Under ₹2,000",E-commerce Website,11,Sad,Attractive Packaging,Clothing,Yes
18,Female,Employed,"₹2,000 - ₹5,000",E-commerce Website,4,Bored,Free Shipping Threshold,Beauty/Cosmetics,Yes
30,Female,Employed,"Above ₹15,000",E-commerce Website,4,Bored,Free Shipping Threshold,Beauty/Cosmetics,Yes
25,Male,Employed,"Above ₹15,000",E-commerce Website,6,Stressed,Limited Time Flash Sale,Beauty/Cosmetics,Yes
27,Female,Student,"₹2,000 - ₹5,000",E-commerce Website,3,Happy,Attractive Packaging,Clothing,No
25,Female,Employed,"₹5,000 - ₹15,000",E-commerce Website,3,Bored,Social Media Ad,Food/Snacks,No
34,Other,Employed,"₹2,000 - ₹5,000",Social Media Stores,3,Neutral,Social Media Ad,Food/Snacks,No
36,Female,Employed,"₹5,000 - ₹15,000",Social Media Stores,5,Happy,Free Shipping Threshold,Gaming/Digital,No
30,Male,Self-employed,"₹2,000 - ₹5,000",E-commerce Website,6,Neutral,Limited Time Flash Sale,Food/Snacks,Yes
25,Female,Employed,"₹5,000 - ₹15,000",Quick Commerce,1,Happy,Limited Time Flash Sale,Clothing,Yes
27,Other,Student,"₹2,000 - ₹5,000",E-commerce Website,8,Neutral,Limited Time Flash Sale,Gaming/Digital,No
28,Male,Self-employed,"Under ₹2,000",Social Media Stores,4,Happy,Free Shipping Threshold,Food/Snacks,No
21,Male,Student,"Under ₹2,000",Physical In-Store,6,Sad,Attractive Packaging,Clothing,No
32,Female,Student,"₹2,000 - ₹5,000",Social Media Stores,6,Happy,Attractive Packaging,Food/Snacks,Yes
31,Male,Employed,"Above ₹15,000",E-commerce Website,6,Bored,Free Shipping Threshold,Beauty/Cosmetics,Yes
40,Male,Employed,"Above ₹15,000",E-commerce Website,2,Bored,Limited Time Flash Sale,Electronics,Yes
38,Male,Self-employed,"₹5,000 - ₹15,000",E-commerce Website,3,Bored,Social Media Ad,Electronics,Yes
22,Female,Student,"₹2,000 - ₹5,000",E-commerce Website,6,Happy,Attractive Packaging,Food/Snacks,No
34,Male,Employed,"₹2,000 - ₹5,000",Social Media Stores,2,Neutral,Free Shipping Threshold,Electronics,Yes
20,Male,Student,"₹2,000 - ₹5,000",Social Media Stores,4,Bored,Attractive Packaging,Gaming/Digital,Yes
33,Female,Employed,"₹2,000 - ₹5,000",E-commerce Website,5,Neutral,Limited Time Flash Sale,Beauty/Cosmetics,Yes
23,Other,Student,"Under ₹2,000",E-commerce Website,8,Happy,Free Shipping Threshold,Beauty/Cosmetics,Yes
19,Other,Employed,"₹5,000 - ₹15,000",Physical In-Store,4,Happy,Heavy Discount,Electronics,No
30,Male,Student,"Under ₹2,000",Physical In-Store,7,Bored,Social Media Ad,Electronics,No
18,Other,Student,"₹5,000 - ₹15,000",E-commerce Website,3,Neutral,Social Media Ad,Clothing,No
18,Male,Employed,"₹5,000 - ₹15,000",E-commerce Website,2,Bored,Social Media Ad,Gaming/Digital,No
26,Female,Unemployed,"₹2,000 - ₹5,000",Social Media Stores,3,Stressed,Free Shipping Threshold,Beauty/Cosmetics,Yes
28,Female,Self-employed,"₹5,000 - ₹15,000",E-commerce Website,7,Happy,Heavy Discount,Clothing,No
25,Male,Unemployed,"₹2,000 - ₹5,000",Social Media Stores,9,Happy,Heavy Discount,Beauty/Cosmetics,Yes
18,Female,Employed,"₹2,000 - ₹5,000",Social Media Stores,9,Stressed,Limited Time Flash Sale,Clothing,Yes
21,Male,Student,"₹2,000 - ₹5,000",E-commerce Website,8,Neutral,Heavy Discount,Clothing,No
31,Female,Employed,"₹5,000 - ₹15,000",E-commerce Website,5,Stressed,Heavy Discount,Electronics,No
32,Male,Employed,"₹2,000 - ₹5,000",Quick Commerce,5,Bored,Heavy Discount,Beauty/Cosmetics,Yes
27,Female,Student,"₹5,000 - ₹15,000",E-commerce Website,3,Bored,Limited Time Flash Sale,Gaming/Digital,Yes
37,Male,Student,"₹2,000 - ₹5,000",E-commerce Website,4,Bored,Free Shipping Threshold,Clothing,Yes
31,Male,Student,"₹2,000 - ₹5,000",Quick Commerce,5,Neutral,Free Shipping Threshold,Clothing,No
22,Other,Employed,"₹2,000 - ₹5,000",Physical In-Store,7,Stressed,Free Shipping Threshold,Clothing,No
25,Female,Student,"₹5,000 - ₹15,000",Social Media Stores,3,Sad,Attractive Packaging,Food/Snacks,Yes
18,Other,Student,"₹5,000 - ₹15,000",E-commerce Website,2,Neutral,Limited Time Flash Sale,Clothing,No
27,Male,Employed,"₹5,000 - ₹15,000",Quick Commerce,8,Neutral,Free Shipping Threshold,Clothing,No
36,Male,Employed,"₹2,000 - ₹5,000",Social Media Stores,3,Happy,Free Shipping Threshold,Gaming/Digital,No
33,Female,Employed,"Under ₹2,000",E-commerce Website,9,Bored,Free Shipping Threshold,Clothing,Yes
39,Female,Employed,"₹5,000 - ₹15,000",Social Media Stores,2,Sad,Heavy Discount,Clothing,No
25,Male,Student,"Under ₹2,000",Social Media Stores,7,Bored,Social Media Ad,Beauty/Cosmetics,Yes
38,Female,Employed,"₹2,000 - ₹5,000",E-commerce Website,5,Bored,Social Media Ad,Clothing,Yes
26,Male,Student,"₹2,000 - ₹5,000",Quick Commerce,5,Neutral,Social Media Ad,Clothing,No
39,Male,Employed,"₹5,000 - ₹15,000",E-commerce Website,4,Sad,Free Shipping Threshold,Gaming/Digital,No
27,Male,Employed,"₹5,000 - ₹15,000",Quick Commerce,4,Neutral,Heavy Discount,Beauty/Cosmetics,Yes
33,Female,Unemployed,"Under ₹2,000",E-commerce Website,3,Neutral,Limited Time Flash Sale,Clothing,No
39,Female,Employed,"₹5,000 - ₹15,000",E-commerce Website,7,Happy,Limited Time Flash Sale,Clothing,No
26,Female,Student,"₹5,000 - ₹15,000",Physical In-Store,6,Sad,Social Media Ad,Electronics,No
29,Female,Employed,"₹2,000 - ₹5,000",E-commerce Website,9,Sad,Free Shipping Threshold,Clothing,No
38,Male,Employed,"₹2,000 - ₹5,000",Quick Commerce,2,Bored,Limited Time Flash Sale,Food/Snacks,Yes
26,Female,Employed,"₹5,000 - ₹15,000",E-commerce Website,1,Happy,Attractive Packaging,Food/Snacks,No
18,Female,Student,"₹5,000 - ₹15,000",E-commerce Website,6,Bored,Limited Time Flash Sale,Beauty/Cosmetics,No
45,Female,Employed,"Under ₹2,000",E-commerce Website,5,Neutral,Free Shipping Threshold,Beauty/Cosmetics,No
24,Male,Student,"₹5,000 - ₹15,000",E-commerce Website,8,Neutral,Limited Time Flash Sale,Clothing,Yes
29,Female,Employed,"₹2,000 - ₹5,000",E-commerce Website,5,Stressed,Free Shipping Threshold,Electronics,Yes
37,Female,Employed,"₹5,000 - ₹15,000",E-commerce Website,6,Sad,Heavy Discount,Electronics,Yes
23,Other,Student,"Under ₹2,000",Quick Commerce,5,Sad,Limited Time Flash Sale,Beauty/Cosmetics,No
19,Other,Self-employed,"₹2,000 - ₹5,000",E-commerce Website,3,Bored,Limited Time Flash Sale,Electronics,Yes
30,Female,Employed,"₹5,000 - ₹15,000",Quick Commerce,3,Bored,Social Media Ad,Food/Snacks,Yes
18,Male,Employed,"₹2,000 - ₹5,000",Social Media Stores,5,Neutral,Free Shipping Threshold,Electronics,Yes
25,Other,Student,"₹2,000 - ₹5,000",E-commerce Website,1,Bored,Heavy Discount,Beauty/Cosmetics,Yes
29,Female,Employed,"₹5,000 - ₹15,000",Quick Commerce,1,Neutral,Heavy Discount,Gaming/Digital,Yes
25,Female,Employed,"₹5,000 - ₹15,000",Physical In-Store,4,Happy,Social Media Ad,Clothing,No
18,Male,Self-employed,"₹5,000 - ₹15,000",E-commerce Website,3,Sad,Free Shipping Threshold,Gaming/Digital,No
40,Male,Student,"Under ₹2,000",E-commerce Website,3,Bored,Social Media Ad,Food/Snacks,No
28,Female,Student,"₹5,000 - ₹15,000",E-commerce Website,5,Neutral,Social Media Ad,Beauty/Cosmetics,Yes
39,Male,Self-employed,"₹2,000 - ₹5,000",E-commerce Website,7,Stressed,Free Shipping Threshold,Gaming/Digital,No
25,Male,Unemployed,"Under ₹2,000",Social Media Stores,5,Neutral,Social Media Ad,Food/Snacks,No
20,Female,Student,"₹2,000 - ₹5,000",Quick Commerce,8,Stressed,Limited Time Flash Sale,Electronics,Yes
30,Male,Employed,"Under ₹2,000",Social Media Stores,4,Stressed,Free Shipping Threshold,Electronics,Yes
26,Male,Student,"₹2,000 - ₹5,000",E-commerce Website,4,Bored,Attractive Packaging,Food/Snacks,Yes
18,Male,Employed,"₹2,000 - ₹5,000",Social Media Stores,7,Bored,Free Shipping Threshold,Electronics,No
39,Male,Self-employed,"Above ₹15,000",Quick Commerce,4,Neutral,Heavy Discount,Gaming/Digital,Yes
23,Other,Student,"Above ₹15,000",E-commerce Website,3,Bored,Limited Time Flash Sale,Beauty/Cosmetics,Yes
18,Male,Student,"₹5,000 - ₹15,000",E-commerce Website,2,Neutral,Limited Time Flash Sale,Electronics,Yes
38,Male,Student,"₹5,000 - ₹15,000",E-commerce Website,6,Happy,Attractive Packaging,Electronics,Yes
23,Female,Student,"₹5,000 - ₹15,000",E-commerce Website,8,Sad,Limited Time Flash Sale,Gaming/Digital,Yes
23,Female,Student,"₹2,000 - ₹5,000",Social Media Stores,3,Neutral,Limited Time Flash Sale,Clothing,No
18,Male,Self-employed,"₹5,000 - ₹15,000",Social Media Stores,0,Happy,Limited Time Flash Sale,Clothing,Yes
41,Female,Student,"₹2,000 - ₹5,000",E-commerce Website,7,Happy,Attractive Packaging,Electronics,Yes
18,Female,Employed,"Under ₹2,000",Social Media Stores,9,Neutral,Attractive Packaging,Electronics,Yes
28,Female,Employed,"Under ₹2,000",Social Media Stores,10,Stressed,Attractive Packaging,Beauty/Cosmetics,Yes
35,Female,Employed,"₹5,000 - ₹15,000",Social Media Stores,8,Bored,Limited Time Flash Sale,Electronics,Yes
31,Other,Employed,"Under ₹2,000",E-commerce Website,5,Happy,Free Shipping Threshold,Clothing,Yes
27,Male,Student,"₹5,000 - ₹15,000",E-commerce Website,6,Bored,Free Shipping Threshold,Electronics,Yes
18,Male,Employed,"Above ₹15,000",E-commerce Website,6,Happy,Heavy Discount,Food/Snacks,No
21,Male,Student,"Under ₹2,000",Quick Commerce,3,Happy,Free Shipping Threshold,Gaming/Digital,Yes
29,Male,Employed,"₹2,000 - ₹5,000",Social Media Stores,6,Stressed,Social Media Ad,Food/Snacks,No
21,Female,Student,"₹5,000 - ₹15,000",E-commerce Website,4,Stressed,Free Shipping Threshold,Electronics,Yes
29,Female,Employed,"₹2,000 - ₹5,000",Physical In-Store,5,Happy,Attractive Packaging,Clothing,Yes
33,Male,Employed,"Above ₹15,000",Social Media Stores,4,Happy,Social Media Ad,Food/Snacks,Yes
35,Male,Employed,"Above ₹15,000",E-commerce Website,5,Stressed,Limited Time Flash Sale,Beauty/Cosmetics,Yes
18,Male,Student,"Under ₹2,000",E-commerce Website,8,Stressed,Attractive Packaging,Clothing,Yes
45,Other,Student,"Under ₹2,000",E-commerce Website,8,Stressed,Free Shipping Threshold,Beauty/Cosmetics,No
34,Female,Self-employed,"Above ₹15,000",Physical In-Store,5,Happy,Limited Time Flash Sale,Electronics,Yes
27,Female,Student,"Above ₹15,000",E-commerce Website,4,Stressed,Heavy Discount,Clothing,Yes
36,Female,Student,"₹2,000 - ₹5,000",E-commerce Website,5,Stressed,Attractive Packaging,Clothing,Yes
46,Female,Employed,"Under ₹2,000",Social Media Stores,7,Neutral,Social Media Ad,Food/Snacks,Yes
18,Female,Self-employed,"₹5,000 - ₹15,000",Quick Commerce,3,Bored,Attractive Packaging,Food/Snacks,Yes
26,Male,Employed,"₹2,000 - ₹5,000",E-commerce Website,5,Bored,Social Media Ad,Gaming/Digital,Yes
18,Female,Employed,"Above ₹15,000",E-commerce Website,6,Neutral,Social Media Ad,Food/Snacks,No
29,Female,Employed,"₹5,000 - ₹15,000",E-commerce Website,5,Bored,Heavy Discount,Food/Snacks,No
30,Female,Student,"₹5,000 - ₹15,000",E-commerce Website,7,Stressed,Social Media Ad,Beauty/Cosmetics,Yes
27,Other,Employed,"₹2,000 - ₹5,000",Social Media Stores,9,Stressed,Limited Time Flash Sale,Food/Snacks,Yes
22,Female,Self-employed,"₹5,000 - ₹15,000",E-commerce Website,5,Stressed,Social Media Ad,Food/Snacks,No
18,Female,Unemployed,"₹2,000 - ₹5,000",E-commerce Website,10,Sad,Social Media Ad,Beauty/Cosmetics,No
30,Other,Student,"Under ₹2,000",Social Media Stores,5,Bored,Social Media Ad,Electronics,Yes
39,Male,Employed,"₹5,000 - ₹15,000",Social Media Stores,13,Sad,Attractive Packaging,Beauty/Cosmetics,Yes
23,Female,Employed,"₹2,000 - ₹5,000",E-commerce Website,4,Stressed,Social Media Ad,Electronics,Yes
31,Female,Student,"₹5,000 - ₹15,000",E-commerce Website,4,Neutral,Attractive Packaging,Gaming/Digital,No
18,Male,Employed,"Above ₹15,000",E-commerce Website,9,Neutral,Attractive Packaging,Gaming/Digital,Yes
31,Female,Student,"₹2,000 - ₹5,000",E-commerce Website,5,Stressed,Free Shipping Threshold,Beauty/Cosmetics,Yes
24,Female,Employed,"₹2,000 - ₹5,000",E-commerce Website,7,Happy,Heavy Discount,Gaming/Digital,No
21,Female,Student,"₹2,000 - ₹5,000",Social Media Stores,3,Neutral,Heavy Discount,Food/Snacks,No
21,Other,Employed,"₹2,000 - ₹5,000",E-commerce Website,8,Bored,Heavy Discount,Beauty/Cosmetics,Yes
24,Male,Employed,"₹5,000 - ₹15,000",Quick Commerce,2,Happy,Social Media Ad,Electronics,Yes
31,Female,Employed,"₹5,000 - ₹15,000",Social Media Stores,4,Neutral,Free Shipping Threshold,Beauty/Cosmetics,No
18,Female,Employed,"Above ₹15,000",E-commerce Website,3,Stressed,Free Shipping Threshold,Clothing,Yes
24,Male,Student,"₹5,000 - ₹15,000",E-commerce Website,6,Sad,Heavy Discount,Gaming/Digital,No
27,Male,Employed,"₹2,000 - ₹5,000",Social Media Stores,8,Neutral,Heavy Discount,Gaming/Digital,No
19,Female,Self-employed,"Under ₹2,000",E-commerce Website,6,Sad,Heavy Discount,Gaming/Digital,Yes
42,Female,Student,"₹2,000 - ₹5,000",E-commerce Website,3,Neutral,Attractive Packaging,Beauty/Cosmetics,No
21,Female,Employed,"₹2,000 - ₹5,000",E-commerce Website,4,Neutral,Attractive Packaging,Electronics,No
22,Female,Employed,"₹2,000 - ₹5,000",Social Media Stores,5,Neutral,Social Media Ad,Gaming/Digital,No
20,Male,Employed,"Under ₹2,000",E-commerce Website,5,Bored,Limited Time Flash Sale,Beauty/Cosmetics,Yes
42,Male,Employed,"Above ₹15,000",Physical In-Store,0,Happy,Attractive Packaging,Beauty/Cosmetics,Yes
32,Male,Employed,"Under ₹2,000",Quick Commerce,6,Stressed,Free Shipping Threshold,Beauty/Cosmetics,Yes
20,Other,Student,"₹5,000 - ₹15,000",Social Media Stores,4,Sad,Attractive Packaging,Electronics,Yes
36,Male,Employed,"Under ₹2,000",Social Media Stores,5,Bored,Free Shipping Threshold,Electronics,No
29,Other,Employed,"₹2,000 - ₹5,000",Social Media Stores,7,Bored,Free Shipping Threshold,Electronics,Yes
30,Other,Student,"₹2,000 - ₹5,000",E-commerce Website,6,Bored,Attractive Packaging,Gaming/Digital,Yes
25,Other,Employed,"₹2,000 - ₹5,000",Quick Commerce,4,Stressed,Attractive Packaging,Gaming/Digital,Yes
22,Female,Employed,"₹2,000 - ₹5,000",E-commerce Website,3,Bored,Heavy Discount,Food/Snacks,No
30,Other,Employed,"₹5,000 - ₹15,000",Social Media Stores,7,Neutral,Free Shipping Threshold,Food/Snacks,Yes
23,Male,Student,"₹5,000 - ₹15,000",E-commerce Website,4,Happy,Social Media Ad,Food/Snacks,No
42,Male,Unemployed,"₹5,000 - ₹15,000",Quick Commerce,8,Stressed,Limited Time Flash Sale,Beauty/Cosmetics,Yes
18,Male,Employed,"₹5,000 - ₹15,000",Social Media Stores,8,Bored,Attractive Packaging,Clothing,Yes
40,Female,Employed,"Above ₹15,000",E-commerce Website,1,Neutral,Heavy Discount,Food/Snacks,Yes
27,Male,Student,"₹5,000 - ₹15,000",Quick Commerce,8,Neutral,Limited Time Flash Sale,Electronics,Yes
30,Female,Employed,"Under ₹2,000",Quick Commerce,4,Neutral,Social Media Ad,Gaming/Digital,No
34,Male,Self-employed,"Above ₹15,000",Physical In-Store,3,Neutral,Attractive Packaging,Electronics,No
22,Male,Employed,"Above ₹15,000",E-commerce Website,3,Neutral,Heavy Discount,Food/Snacks,Yes
34,Male,Employed,"₹5,000 - ₹15,000",Social Media Stores,6,Happy,Heavy Discount,Electronics,No
18,Female,Employed,"₹5,000 - ₹15,000",Quick Commerce,5,Stressed,Attractive Packaging,Electronics,Yes
22,Female,Employed,"₹2,000 - ₹5,000",E-commerce Website,4,Stressed,Free Shipping Threshold,Clothing,No
20,Female,Student,"₹5,000 - ₹15,000",Physical In-Store,9,Bored,Attractive Packaging,Beauty/Cosmetics,Yes
18,Female,Employed,"Above ₹15,000",Social Media Stores,6,Neutral,Heavy Discount,Gaming/Digital,No
26,Other,Employed,"₹5,000 - ₹15,000",E-commerce Website,4,Stressed,Social Media Ad,Gaming/Digital,Yes
31,Female,Student,"₹5,000 - ₹15,000",E-commerce Website,6,Neutral,Social Media Ad,Clothing,No
33,Female,Employed,"Under ₹2,000",E-commerce Website,5,Stressed,Social Media Ad,Gaming/Digital,Yes
29,Female,Self-employed,"₹2,000 - ₹5,000",E-commerce Website,6,Stressed,Heavy Discount,Food/Snacks,No
22,Female,Employed,"₹5,000 - ₹15,000",Quick Commerce,2,Bored,Attractive Packaging,Beauty/Cosmetics,Yes
30,Female,Employed,"Under ₹2,000",E-commerce Website,4,Happy,Attractive Packaging,Electronics,Yes
28,Female,Self-employed,"₹5,000 - ₹15,000",Physical In-Store,5,Happy,Attractive Packaging,Gaming/Digital,Yes
35,Female,Student,"₹5,000 - ₹15,000",E-commerce Website,4,Sad,Free Shipping Threshold,Clothing,No
34,Female,Student,"₹2,000 - ₹5,000",E-commerce Website,3,Sad,Free Shipping Threshold,Gaming/Digital,Yes
28,Male,Student,"Under ₹2,000",Social Media Stores,7,Stressed,Attractive Packaging,Electronics,No
20,Female,Student,"₹5,000 - ₹15,000",E-commerce Website,5,Neutral,Free Shipping Threshold,Food/Snacks,Yes
22,Male,Student,"Under ₹2,000",Social Media Stores,7,Happy,Free Shipping Threshold,Gaming/Digital,No
23,Female,Employed,"₹2,000 - ₹5,000",Quick Commerce,5,Happy,Attractive Packaging,Beauty/Cosmetics,No
25,Female,Employed,"₹5,000 - ₹15,000",E-commerce Website,6,Happy,Attractive Packaging,Beauty/Cosmetics,No
30,Other,Employed,"₹5,000 - ₹15,000",Quick Commerce,10,Neutral,Heavy Discount,Clothing,Yes
33,Male,Employed,"Above ₹15,000",E-commerce Website,6,Sad,Attractive Packaging,Beauty/Cosmetics,No
27,Male,Employed,"₹5,000 - ₹15,000",Social Media Stores,6,Stressed,Attractive Packaging,Electronics,No
28,Male,Student,"₹2,000 - ₹5,000",Physical In-Store,7,Sad,Attractive Packaging,Gaming/Digital,No
29,Male,Employed,"₹5,000 - ₹15,000",E-commerce Website,8,Neutral,Attractive Packaging,Gaming/Digital,No
23,Female,Employed,"₹5,000 - ₹15,000",Social Media Stores,2,Neutral,Limited Time Flash Sale,Clothing,Yes
20,Female,Self-employed,"₹5,000 - ₹15,000",Physical In-Store,10,Bored,Limited Time Flash Sale,Electronics,Yes
18,Female,Student,"₹2,000 - ₹5,000",E-commerce Website,8,Bored,Social Media Ad,Electronics,Yes
22,Female,Student,"₹2,000 - ₹5,000",E-commerce Website,8,Sad,Attractive Packaging,Beauty/Cosmetics,No
31,Male,Employed,"₹2,000 - ₹5,000",E-commerce Website,10,Neutral,Free Shipping Threshold,Clothing,No
22,Male,Employed,"₹2,000 - ₹5,000",Physical In-Store,3,Happy,Limited Time Flash Sale,Beauty/Cosmetics,No
26,Male,Student,"₹2,000 - ₹5,000",E-commerce Website,9,Stressed,Limited Time Flash Sale,Food/Snacks,No
31,Female,Employed,"Above ₹15,000",Social Media Stores,6,Happy,Heavy Discount,Electronics,No
32,Female,Student,"₹2,000 - ₹5,000",E-commerce Website,7,Happy,Free Shipping Threshold,Gaming/Digital,No
19,Female,Unemployed,"₹2,000 - ₹5,000",Physical In-Store,4,Bored,Free Shipping Threshold,Electronics,Yes
35,Male,Student,"₹2,000 - ₹5,000",Social Media Stores,4,Stressed,Limited Time Flash Sale,Clothing,Yes
37,Male,Student,"₹5,000 - ₹15,000",Social Media Stores,4,Stressed,Heavy Discount,Gaming/Digital,Yes
18,Other,Student,"Above ₹15,000",E-commerce Website,4,Happy,Social Media Ad,Clothing,No
21,Male,Employed,"₹5,000 - ₹15,000",Social Media Stores,6,Neutral,Attractive Packaging,Electronics,No
37,Female,Student,"₹5,000 - ₹15,000",E-commerce Website,3,Bored,Free Shipping Threshold,Electronics,No
26,Male,Employed,"Above ₹15,000",Social Media Stores,8,Happy,Attractive Packaging,Gaming/Digital,Yes
18,Male,Self-employed,"Above ₹15,000",E-commerce Website,6,Happy,Attractive Packaging,Beauty/Cosmetics,No
18,Female,Student,"₹2,000 - ₹5,000",E-commerce Website,6,Neutral,Attractive Packaging,Beauty/Cosmetics,No
26,Male,Employed,"₹2,000 - ₹5,000",Physical In-Store,3,Neutral,Social Media Ad,Food/Snacks,No
18,Female,Student,"₹2,000 - ₹5,000",Quick Commerce,5,Stressed,Attractive Packaging,Beauty/Cosmetics,Yes
24,Female,Employed,"₹2,000 - ₹5,000",E-commerce Website,2,Happy,Social Media Ad,Clothing,Yes
28,Female,Student,"₹5,000 - ₹15,000",Quick Commerce,6,Sad,Limited Time Flash Sale,Gaming/Digital,No
39,Female,Student,"₹2,000 - ₹5,000",Quick Commerce,4,Sad,Limited Time Flash Sale,Beauty/Cosmetics,Yes
25,Female,Employed,"₹5,000 - ₹15,000",Quick Commerce,6,Neutral,Heavy Discount,Electronics,No
36,Male,Student,"₹2,000 - ₹5,000",E-commerce Website,1,Happy,Free Shipping Threshold,Food/Snacks,Yes
39,Female,Self-employed,"₹2,000 - ₹5,000",Social Media Stores,7,Bored,Heavy Discount,Beauty/Cosmetics,Yes
39,Female,Employed,"₹2,000 - ₹5,000",E-commerce Website,9,Happy,Free Shipping Threshold,Electronics,No
30,Male,Employed,"₹5,000 - ₹15,000",E-commerce Website,5,Bored,Free Shipping Threshold,Food/Snacks,Yes
18,Female,Self-employed,"₹5,000 - ₹15,000",E-commerce Website,2,Bored,Limited Time Flash Sale,Electronics,No
31,Female,Self-employed,"Above ₹15,000",Physical In-Store,4,Happy,Heavy Discount,Clothing,No
36,Female,Employed,"₹5,000 - ₹15,000",Social Media Stores,4,Stressed,Social Media Ad,Beauty/Cosmetics,Yes
27,Female,Employed,"₹2,000 - ₹5,000",Quick Commerce,6,Happy,Social Media Ad,Beauty/Cosmetics,Yes
41,Male,Employed,"₹2,000 - ₹5,000",E-commerce Website,4,Neutral,Free Shipping Threshold,Food/Snacks,No
34,Female,Employed,"₹5,000 - ₹15,000",E-commerce Website,4,Bored,Social Media Ad,Clothing,Yes
32,Male,Employed,"₹5,000 - ₹15,000",Quick Commerce,5,Bored,Limited Time Flash Sale,Electronics,Yes
36,Male,Self-employed,"₹2,000 - ₹5,000",E-commerce Website,5,Bored,Heavy Discount,Beauty/Cosmetics,Yes
30,Female,Student,"₹2,000 - ₹5,000",Quick Commerce,9,Neutral,Social Media Ad,Clothing,No
18,Female,Employed,"₹5,000 - ₹15,000",Quick Commerce,2,Bored,Free Shipping Threshold,Gaming/Digital,Yes
24,Male,Employed,"₹2,000 - ₹5,000",E-commerce Website,4,Neutral,Heavy Discount,Food/Snacks,Yes
37,Female,Self-employed,"Above ₹15,000",Social Media Stores,3,Neutral,Social Media Ad,Electronics,No
21,Other,Student,"₹5,000 - ₹15,000",Social Media Stores,3,Bored,Social Media Ad,Gaming/Digital,Yes
26,Female,Employed,"₹2,000 - ₹5,000",Social Media Stores,2,Happy,Attractive Packaging,Food/Snacks,No
19,Female,Employed,"₹2,000 - ₹5,000",E-commerce Website,3,Sad,Heavy Discount,Gaming/Digital,No
42,Female,Student,"₹5,000 - ₹15,000",Social Media Stores,5,Bored,Free Shipping Threshold,Gaming/Digital,Yes
41,Male,Employed,"₹5,000 - ₹15,000",Physical In-Store,5,Happy,Heavy Discount,Clothing,No
20,Male,Employed,"₹5,000 - ₹15,000",Social Media Stores,7,Stressed,Free Shipping Threshold,Beauty/Cosmetics,Yes
29,Female,Student,"₹5,000 - ₹15,000",E-commerce Website,6,Happy,Free Shipping Threshold,Electronics,Yes
22,Female,Employed,"₹5,000 - ₹15,000",E-commerce Website,3,Happy,Free Shipping Threshold,Beauty/Cosmetics,No
32,Female,Unemployed,"₹2,000 - ₹5,000",Quick Commerce,8,Sad,Limited Time Flash Sale,Clothing,No
32,Female,Unemployed,"Above ₹15,000",E-commerce Website,7,Bored,Social Media Ad,Beauty/Cosmetics,Yes
34,Female,Employed,"₹2,000 - ₹5,000",E-commerce Website,5,Neutral,Social Media Ad,Food/Snacks,No
30,Male,Employed,"Under ₹2,000",Physical In-Store,7,Stressed,Social Media Ad,Clothing,Yes
51,Male,Student,"₹2,000 - ₹5,000",E-commerce Website,6,Neutral,Limited Time Flash Sale,Food/Snacks,Yes
19,Male,Unemployed,"Under ₹2,000",E-commerce Website,2,Sad,Social Media Ad,Clothing,No
18,Female,Student,"₹2,000 - ₹5,000",E-commerce Website,9,Sad,Attractive Packaging,Food/Snacks,No
24,Male,Employed,"₹5,000 - ₹15,000",E-commerce Website,5,Neutral,Limited Time Flash Sale,Food/Snacks,Yes
18,Female,Student,"Under ₹2,000",Physical In-Store,3,Neutral,Limited Time Flash Sale,Electronics,Yes
18,Male,Employed,"Above ₹15,000",E-commerce Website,2,Bored,Social Media Ad,Gaming/Digital,Yes
19,Female,Student,"₹5,000 - ₹15,000",E-commerce Website,2,Sad,Attractive Packaging,Clothing,Yes
20,Male,Employed,"₹2,000 - ₹5,000",E-commerce Website,8,Happy,Free Shipping Threshold,Electronics,No
20,Female,Employed,"₹2,000 - ₹5,000",E-commerce Website,5,Happy,Free Shipping Threshold,Electronics,Yes
32,Male,Employed,"₹2,000 - ₹5,000",Quick Commerce,2,Bored,Social Media Ad,Gaming/Digital,No
23,Male,Student,"₹2,000 - ₹5,000",Physical In-Store,1,Happy,Heavy Discount,Food/Snacks,No
26,Female,Self-employed,"Under ₹2,000",Social Media Stores,8,Bored,Social Media Ad,Gaming/Digital,Yes
35,Male,Student,"Under ₹2,000",Quick Commerce,6,Stressed,Social Media Ad,Clothing,Yes
21,Female,Employed,"₹2,000 - ₹5,000",Physical In-Store,5,Bored,Social Media Ad,Electronics,Yes
25,Female,Employed,"Under ₹2,000",E-commerce Website,5,Stressed,Free Shipping Threshold,Food/Snacks,No
30,Female,Self-employed,"Under ₹2,000",E-commerce Website,5,Neutral,Social Media Ad,Clothing,No
18,Female,Student,"Above ₹15,000",E-commerce Website,5,Neutral,Attractive Packaging,Clothing,No
18,Male,Employed,"₹2,000 - ₹5,000",E-commerce Website,3,Bored,Heavy Discount,Gaming/Digital,Yes
30,Female,Employed,"₹5,000 - ₹15,000",Social Media Stores,5,Sad,Social Media Ad,Food/Snacks,No
31,Female,Self-employed,"Under ₹2,000",E-commerce Website,6,Sad,Heavy Discount,Clothing,Yes
44,Male,Student,"Under ₹2,000",E-commerce Website,5,Neutral,Limited Time Flash Sale,Gaming/Digital,No
29,Male,Employed,"₹5,000 - ₹15,000",Social Media Stores,7,Sad,Heavy Discount,Clothing,No
34,Male,Student,"Under ₹2,000",Social Media Stores,3,Bored,Free Shipping Threshold,Clothing,Yes
26,Female,Student,"Under ₹2,000",E-commerce Website,6,Sad,Free Shipping Threshold,Clothing,No
30,Female,Student,"₹5,000 - ₹15,000",E-commerce Website,3,Bored,Free Shipping Threshold,Food/Snacks,Yes
41,Male,Unemployed,"Under ₹2,000",Social Media Stores,5,Happy,Heavy Discount,Food/Snacks,No
18,Male,Student,"₹2,000 - ₹5,000",E-commerce Website,2,Sad,Social Media Ad,Food/Snacks,No
31,Male,Self-employed,"₹2,000 - ₹5,000",Social Media Stores,3,Bored,Social Media Ad,Food/Snacks,Yes
45,Female,Student,"₹2,000 - ₹5,000",E-commerce Website,7,Happy,Attractive Packaging,Food/Snacks,No
30,Female,Self-employed,"Under ₹2,000",E-commerce Website,7,Bored,Social Media Ad,Beauty/Cosmetics,No
41,Male,Employed,"Above ₹15,000",E-commerce Website,7,Neutral,Free Shipping Threshold,Electronics,No
22,Male,Student,"₹5,000 - ₹15,000",Quick Commerce,10,Neutral,Social Media Ad,Beauty/Cosmetics,No
27,Female,Employed,"₹5,000 - ₹15,000",Quick Commerce,5,Happy,Limited Time Flash Sale,Clothing,Yes
28,Female,Employed,"₹5,000 - ₹15,000",E-commerce Website,6,Happy,Limited Time Flash Sale,Electronics,Yes
18,Female,Employed,"₹5,000 - ₹15,000",E-commerce Website,6,Bored,Attractive Packaging,Electronics,No
18,Female,Employed,"₹5,000 - ₹15,000",Physical In-Store,4,Stressed,Limited Time Flash Sale,Clothing,Yes
19,Male,Employed,"₹5,000 - ₹15,000",Social Media Stores,5,Bored,Limited Time Flash Sale,Clothing,Yes
34,Male,Employed,"₹2,000 - ₹5,000",E-commerce Website,3,Sad,Free Shipping Threshold,Electronics,Yes
34,Male,Employed,"₹2,000 - ₹5,000",Social Media Stores,7,Neutral,Attractive Packaging,Electronics,No
30,Male,Employed,"₹5,000 - ₹15,000",Quick Commerce,4,Neutral,Attractive Packaging,Clothing,No
34,Female,Self-employed,"Above ₹15,000",Physical In-Store,5,Stressed,Heavy Discount,Gaming/Digital,Yes
26,Female,Self-employed,"Under ₹2,000",Social Media Stores,8,Sad,Heavy Discount,Clothing,No
37,Male,Student,"₹5,000 - ₹15,000",E-commerce Website,3,Neutral,Attractive Packaging,Food/Snacks,Yes
28,Male,Student,"₹5,000 - ₹15,000",E-commerce Website,7,Bored,Heavy Discount,Gaming/Digital,No
28,Male,Employed,"Under ₹2,000",Social Media Stores,4,Stressed,Social Media Ad,Beauty/Cosmetics,Yes
25,Female,Employed,"Above ₹15,000",E-commerce Website,4,Bored,Social Media Ad,Food/Snacks,No
33,Male,Student,"₹5,000 - ₹15,000",Social Media Stores,3,Happy,Limited Time Flash Sale,Food/Snacks,No
24,Male,Student,"₹5,000 - ₹15,000",E-commerce Website,3,Neutral,Social Media Ad,Beauty/Cosmetics,No
35,Female,Employed,"Under ₹2,000",E-commerce Website,3,Stressed,Free Shipping Threshold,Gaming/Digital,No
18,Male,Employed,"₹2,000 - ₹5,000",Quick Commerce,6,Stressed,Heavy Discount,Electronics,No
19,Male,Student,"Under ₹2,000",Social Media Stores,6,Stressed,Free Shipping Threshold,Beauty/Cosmetics,No
33,Male,Self-employed,"₹2,000 - ₹5,000",Social Media Stores,6,Happy,Free Shipping Threshold,Clothing,Yes
27,Male,Employed,"₹2,000 - ₹5,000",E-commerce Website,2,Bored,Attractive Packaging,Electronics,No
24,Male,Employed,"₹5,000 - ₹15,000",Physical In-Store,6,Bored,Limited Time Flash Sale,Food/Snacks,Yes
35,Male,Employed,"₹5,000 - ₹15,000",Quick Commerce,5,Bored,Limited Time Flash Sale,Clothing,Yes
23,Female,Student,"₹2,000 - ₹5,000",E-commerce Website,5,Bored,Free Shipping Threshold,Gaming/Digital,No
26,Female,Employed,"Under ₹2,000",Quick Commerce,3,Neutral,Limited Time Flash Sale,Clothing,No
39,Female,Student,"₹5,000 - ₹15,000",E-commerce Website,3,Bored,Social Media Ad,Gaming/Digital,No
40,Female,Student,"₹2,000 - ₹5,000",E-commerce Website,4,Happy,Free Shipping Threshold,Food/Snacks,No
40,Male,Employed,"Above ₹15,000",E-commerce Website,2,Sad,Heavy Discount,Food/Snacks,Yes
25,Female,Student,"₹5,000 - ₹15,000",E-commerce Website,7,Bored,Limited Time Flash Sale,Gaming/Digital,Yes
37,Male,Employed,"₹5,000 - ₹15,000",Social Media Stores,9,Stressed,Heavy Discount,Electronics,Yes
20,Male,Employed,"Under ₹2,000",Quick Commerce,6,Bored,Social Media Ad,Gaming/Digital,No
20,Male,Student,"₹5,000 - ₹15,000",E-commerce Website,0,Neutral,Limited Time Flash Sale,Electronics,Yes
18,Male,Student,"Under ₹2,000",Physical In-Store,5,Bored,Attractive Packaging,Clothing,Yes
41,Other,Employed,"₹5,000 - ₹15,000",Social Media Stores,10,Happy,Social Media Ad,Electronics,No
21,Male,Student,"₹2,000 - ₹5,000",Social Media Stores,7,Neutral,Social Media Ad,Gaming/Digital,No
26,Male,Employed,"₹5,000 - ₹15,000",E-commerce Website,5,Neutral,Attractive Packaging,Beauty/Cosmetics,No
20,Male,Employed,"Under ₹2,000",E-commerce Website,6,Bored,Heavy Discount,Electronics,No
33,Male,Self-employed,"₹2,000 - ₹5,000",E-commerce Website,4,Happy,Heavy Discount,Electronics,Yes
24,Male,Self-employed,"Under ₹2,000",Social Media Stores,3,Bored,Social Media Ad,Gaming/Digital,Yes
18,Male,Employed,"Under ₹2,000",E-commerce Website,3,Stressed,Social Media Ad,Beauty/Cosmetics,No
31,Male,Student,"₹5,000 - ₹15,000",Social Media Stores,5,Stressed,Limited Time Flash Sale,Food/Snacks,Yes
18,Female,Employed,"Above ₹15,000",E-commerce Website,4,Bored,Limited Time Flash Sale,Clothing,No
21,Male,Student,"₹5,000 - ₹15,000",Quick Commerce,3,Bored,Social Media Ad,Gaming/Digital,Yes
18,Male,Student,"₹2,000 - ₹5,000",E-commerce Website,3,Neutral,Limited Time Flash Sale,Clothing,No
18,Female,Employed,"Under ₹2,000",E-commerce Website,8,Happy,Attractive Packaging,Beauty/Cosmetics,Yes
29,Other,Employed,"Under ₹2,000",E-commerce Website,3,Neutral,Limited Time Flash Sale,Food/Snacks,No
18,Male,Student,"Under ₹2,000",Social Media Stores,6,Bored,Social Media Ad,Electronics,Yes
18,Male,Student,"Above ₹15,000",E-commerce Website,3,Sad,Heavy Discount,Food/Snacks,No
27,Other,Employed,"₹2,000 - ₹5,000",Quick Commerce,8,Neutral,Heavy Discount,Electronics,No
23,Male,Self-employed,"₹5,000 - ₹15,000",Social Media Stores,6,Neutral,Attractive Packaging,Electronics,No
43,Female,Employed,"₹5,000 - ₹15,000",E-commerce Website,6,Neutral,Heavy Discount,Electronics,Yes
42,Male,Employed,"₹5,000 - ₹15,000",Social Media Stores,4,Bored,Heavy Discount,Beauty/Cosmetics,Yes
21,Female,Self-employed,"Above ₹15,000",Social Media Stores,3,Stressed,Social Media Ad,Clothing,No
32,Other,Employed,"₹2,000 - ₹5,000",Social Media Stores,5,Neutral,Social Media Ad,Food/Snacks,No
33,Female,Employed,"₹2,000 - ₹5,000",Quick Commerce,3,Happy,Social Media Ad,Gaming/Digital,No
23,Male,Employed,"Above ₹15,000",Social Media Stores,4,Stressed,Social Media Ad,Electronics,Yes
18,Male,Student,"₹5,000 - ₹15,000",E-commerce Website,3,Bored,Social Media Ad,Beauty/Cosmetics,Yes
27,Male,Employed,"₹2,000 - ₹5,000",Social Media Stores,3,Happy,Limited Time Flash Sale,Gaming/Digital,Yes
26,Female,Student,"₹2,000 - ₹5,000",Social Media Stores,3,Neutral,Attractive Packaging,Electronics,No
24,Female,Employed,"₹5,000 - ₹15,000",E-commerce Website,3,Bored,Social Media Ad,Beauty/Cosmetics,Yes
31,Male,Employed,"Under ₹2,000",E-commerce Website,4,Neutral,Limited Time Flash Sale,Food/Snacks,Yes
21,Female,Student,"Above ₹15,000",Quick Commerce,7,Bored,Free Shipping Threshold,Clothing,Yes
18,Male,Self-employed,"Under ₹2,000",E-commerce Website,4,Happy,Social Media Ad,Clothing,No
28,Male,Student,"₹5,000 - ₹15,000",Social Media Stores,0,Happy,Attractive Packaging,Electronics,Yes
31,Female,Employed,"₹5,000 - ₹15,000",E-commerce Website,4,Neutral,Attractive Packaging,Electronics,No
18,Male,Employed,"₹5,000 - ₹15,000",Social Media Stores,5,Happy,Attractive Packaging,Food/Snacks,No
35,Male,Employed,"₹2,000 - ₹5,000",E-commerce Website,5,Stressed,Social Media Ad,Gaming/Digital,Yes
18,Male,Employed,"Above ₹15,000",Quick Commerce,6,Neutral,Heavy Discount,Gaming/Digital,Yes
23,Female,Employed,"₹5,000 - ₹15,000",E-commerce Website,5,Happy,Heavy Discount,Food/Snacks,No
25,Female,Self-employed,"₹5,000 - ₹15,000",Social Media Stores,4,Bored,Free Shipping Threshold,Gaming/Digital,No
22,Other,Unemployed,"Under ₹2,000",E-commerce Website,4,Stressed,Free Shipping Threshold,Food/Snacks,Yes
23,Female,Employed,"Under ₹2,000",Social Media Stores,4,Happy,Free Shipping Threshold,Clothing,No
42,Female,Employed,"Under ₹2,000",E-commerce Website,8,Bored,Social Media Ad,Electronics,Yes
21,Male,Student,"Under ₹2,000",E-commerce Website,3,Sad,Limited Time Flash Sale,Gaming/Digital,No
47,Other,Self-employed,"₹5,000 - ₹15,000",E-commerce Website,4,Happy,Free Shipping Threshold,Electronics,No
31,Female,Unemployed,"₹2,000 - ₹5,000",Quick Commerce,6,Bored,Free Shipping Threshold,Beauty/Cosmetics,Yes
28,Female,Employed,"₹5,000 - ₹15,000",Social Media Stores,8,Stressed,Limited Time Flash Sale,Food/Snacks,No
31,Female,Employed,"Under ₹2,000",E-commerce Website,4,Happy,Free Shipping Threshold,Gaming/Digital,No
48,Female,Employed,"₹2,000 - ₹5,000",Quick Commerce,6,Neutral,Free Shipping Threshold,Food/Snacks,No
20,Male,Student,"Above ₹15,000",Social Media Stores,8,Happy,Limited Time Flash Sale,Beauty/Cosmetics,No
19,Male,Self-employed,"Above ₹15,000",E-commerce Website,7,Neutral,Attractive Packaging,Food/Snacks,No
21,Female,Employed,"Above ₹15,000",Social Media Stores,5,Neutral,Social Media Ad,Food/Snacks,No
28,Female,Employed,"₹5,000 - ₹15,000",E-commerce Website,8,Happy,Social Media Ad,Food/Snacks,No
18,Female,Employed,"₹5,000 - ₹15,000",Physical In-Store,6,Happy,Limited Time Flash Sale,Beauty/Cosmetics,Yes
28,Male,Self-employed,"Above ₹15,000",Quick Commerce,3,Sad,Free Shipping Threshold,Gaming/Digital,No
41,Male,Employed,"₹5,000 - ₹15,000",E-commerce Website,7,Stressed,Attractive Packaging,Beauty/Cosmetics,No
29,Female,Student,"Above ₹15,000",E-commerce Website,3,Stressed,Limited Time Flash Sale,Electronics,Yes
25,Female,Employed,"Under ₹2,000",Social Media Stores,5,Bored,Heavy Discount,Beauty/Cosmetics,No
23,Female,Unemployed,"Above ₹15,000",Quick Commerce,2,Happy,Free Shipping Threshold,Electronics,Yes
35,Male,Employed,"₹5,000 - ₹15,000",Physical In-Store,5,Sad,Heavy Discount,Electronics,Yes
21,Female,Self-employed,"Under ₹2,000",E-commerce Website,4,Stressed,Attractive Packaging,Beauty/Cosmetics,Yes
42,Female,Self-employed,"₹2,000 - ₹5,000",Social Media Stores,4,Bored,Attractive Packaging,Clothing,No
43,Female,Employed,"Above ₹15,000",Social Media Stores,2,Bored,Heavy Discount,Beauty/Cosmetics,No
30,Male,Employed,"₹5,000 - ₹15,000",Quick Commerce,5,Bored,Free Shipping Threshold,Gaming/Digital,Yes
27,Male,Employed,"Above ₹15,000",Physical In-Store,4,Neutral,Heavy Discount,Food/Snacks,Yes
36,Female,Employed,"Under ₹2,000",Social Media Stores,9,Neutral,Limited Time Flash Sale,Electronics,Yes
36,Male,Employed,"₹2,000 - ₹5,000",Physical In-Store,6,Bored,Free Shipping Threshold,Clothing,Yes
21,Female,Employed,"₹2,000 - ₹5,000",Social Media Stores,6,Neutral,Social Media Ad,Clothing,Yes
23,Female,Employed,"₹5,000 - ₹15,000",E-commerce Website,4,Stressed,Heavy Discount,Food/Snacks,Yes
18,Female,Employed,"₹5,000 - ₹15,000",Quick Commerce,10,Happy,Social Media Ad,Gaming/Digital,Yes
31,Male,Employed,"₹5,000 - ₹15,000",E-commerce Website,3,Happy,Heavy Discount,Clothing,No
33,Male,Employed,"Under ₹2,000",Social Media Stores,5,Sad,Heavy Discount,Clothing,No
18,Female,Employed,"Under ₹2,000",E-commerce Website,4,Happy,Free Shipping Threshold,Electronics,Yes
24,Female,Employed,"Under ₹2,000",E-commerce Website,8,Stressed,Social Media Ad,Food/Snacks,Yes
18,Male,Self-employed,"Above ₹15,000",Social Media Stores,10,Stressed,Limited Time Flash Sale,Gaming/Digital,Yes
20,Male,Employed,"₹2,000 - ₹5,000",E-commerce Website,5,Stressed,Attractive Packaging,Clothing,Yes
32,Other,Student,"₹2,000 - ₹5,000",E-commerce Website,4,Neutral,Limited Time Flash Sale,Food/Snacks,No
22,Male,Employed,"₹2,000 - ₹5,000",E-commerce Website,6,Bored,Social Media Ad,Beauty/Cosmetics,No
25,Female,Student,"₹5,000 - ₹15,000",Physical In-Store,9,Neutral,Attractive Packaging,Beauty/Cosmetics,Yes
18,Male,Employed,"Under ₹2,000",E-commerce Website,3,Stressed,Social Media Ad,Gaming/Digital,Yes
29,Female,Student,"Under ₹2,000",E-commerce Website,3,Sad,Attractive Packaging,Gaming/Digital,No
27,Female,Self-employed,"₹5,000 - ₹15,000",Social Media Stores,5,Stressed,Social Media Ad,Food/Snacks,Yes
22,Female,Student,"Above ₹15,000",Social Media Stores,5,Bored,Social Media Ad,Electronics,No
26,Male,Employed,"₹5,000 - ₹15,000",Physical In-Store,3,Neutral,Attractive Packaging,Gaming/Digital,No
29,Female,Student,"₹2,000 - ₹5,000",E-commerce Website,3,Bored,Social Media Ad,Electronics,Yes
21,Male,Unemployed,"₹5,000 - ₹15,000",Social Media Stores,7,Neutral,Attractive Packaging,Beauty/Cosmetics,No
18,Female,Employed,"Above ₹15,000",E-commerce Website,1,Happy,Social Media Ad,Electronics,No
42,Female,Self-employed,"₹5,000 - ₹15,000",E-commerce Website,3,Sad,Social Media Ad,Gaming/Digital,No
22,Female,Employed,"₹2,000 - ₹5,000",E-commerce Website,6,Stressed,Social Media Ad,Clothing,No
27,Male,Employed,"₹2,000 - ₹5,000",E-commerce Website,4,Sad,Free Shipping Threshold,Clothing,Yes
36,Female,Self-employed,"Above ₹15,000",Physical In-Store,4,Neutral,Free Shipping Threshold,Beauty/Cosmetics,Yes
56,Male,Student,"₹5,000 - ₹15,000",Social Media Stores,4,Bored,Attractive Packaging,Electronics,Yes
18,Male,Employed,"₹5,000 - ₹15,000",E-commerce Website,1,Neutral,Heavy Discount,Electronics,No
31,Male,Student,"₹2,000 - ₹5,000",Quick Commerce,6,Happy,Heavy Discount,Beauty/Cosmetics,No
22,Male,Employed,"₹5,000 - ₹15,000",Quick Commerce,4,Bored,Free Shipping Threshold,Electronics,No
23,Male,Unemployed,"₹2,000 - ₹5,000",Social Media Stores,2,Neutral,Heavy Discount,Gaming/Digital,No
22,Male,Self-employed,"₹2,000 - ₹5,000",E-commerce Website,7,Bored,Free Shipping Threshold,Food/Snacks,Yes
18,Female,Student,"Above ₹15,000",E-commerce Website,6,Neutral,Limited Time Flash Sale,Electronics,Yes
27,Male,Employed,"₹2,000 - ₹5,000",E-commerce Website,6,Stressed,Attractive Packaging,Clothing,Yes
18,Female,Employed,"₹2,000 - ₹5,000",E-commerce Website,5,Sad,Attractive Packaging,Gaming/Digital,No
35,Male,Student,"Above ₹15,000",Quick Commerce,4,Sad,Free Shipping Threshold,Gaming/Digital,Yes
28,Female,Student,"Under ₹2,000",E-commerce Website,5,Happy,Social Media Ad,Food/Snacks,No
31,Female,Employed,"₹5,000 - ₹15,000",Social Media Stores,8,Neutral,Free Shipping Threshold,Clothing,No
24,Other,Unemployed,"₹5,000 - ₹15,000",Social Media Stores,6,Stressed,Social Media Ad,Beauty/Cosmetics,Yes
25,Female,Employed,"Above ₹15,000",Quick Commerce,6,Neutral,Attractive Packaging,Beauty/Cosmetics,Yes
30,Female,Employed,"₹5,000 - ₹15,000",E-commerce Website,4,Happy,Free Shipping Threshold,Clothing,Yes
18,Female,Employed,"₹5,000 - ₹15,000",Social Media Stores,4,Bored,Attractive Packaging,Food/Snacks,Yes
25,Male,Employed,"₹2,000 - ₹5,000",Quick Commerce,5,Happy,Social Media Ad,Food/Snacks,No
21,Female,Unemployed,"₹2,000 - ₹5,000",Physical In-Store,3,Neutral,Free Shipping Threshold,Electronics,No
20,Male,Employed,"Above ₹15,000",E-commerce Website,6,Stressed,Limited Time Flash Sale,Clothing,Yes
18,Male,Student,"Under ₹2,000",E-commerce Website,7,Sad,Attractive Packaging,Beauty/Cosmetics,No
38,Male,Employed,"₹5,000 - ₹15,000",E-commerce Website,4,Happy,Limited Time Flash Sale,Electronics,No
22,Female,Unemployed,"₹2,000 - ₹5,000",E-commerce Website,6,Stressed,Attractive Packaging,Gaming/Digital,Yes
37,Female,Employed,"Under ₹2,000",Physical In-Store,3,Neutral,Free Shipping Threshold,Food/Snacks,No
36,Female,Employed,"₹2,000 - ₹5,000",Physical In-Store,4,Happy,Free Shipping Threshold,Clothing,Yes
18,Female,Student,"Under ₹2,000",Social Media Stores,7,Neutral,Social Media Ad,Beauty/Cosmetics,No
19,Male,Student,"Above ₹15,000",E-commerce Website,2,Happy,Limited Time Flash Sale,Beauty/Cosmetics,No
48,Female,Self-employed,"Above ₹15,000",Quick Commerce,5,Stressed,Limited Time Flash Sale,Clothing,Yes
42,Female,Employed,"₹5,000 - ₹15,000",E-commerce Website,7,Neutral,Heavy Discount,Beauty/Cosmetics,No
27,Female,Employed,"₹5,000 - ₹15,000",Social Media Stores,1,Bored,Social Media Ad,Beauty/Cosmetics,No
30,Female,Employed,"₹5,000 - ₹15,000",E-commerce Website,4,Happy,Free Shipping Threshold,Gaming/Digital,No
22,Female,Unemployed,"₹5,000 - ₹15,000",Social Media Stores,7,Bored,Heavy Discount,Clothing,No
31,Female,Student,"₹5,000 - ₹15,000",E-commerce Website,6,Bored,Limited Time Flash Sale,Gaming/Digital,Yes
22,Male,Self-employed,"₹2,000 - ₹5,000",Physical In-Store,4,Bored,Free Shipping Threshold,Food/Snacks,Yes
18,Male,Employed,"₹2,000 - ₹5,000",Quick Commerce,7,Neutral,Free Shipping Threshold,Clothing,Yes
18,Male,Self-employed,"₹5,000 - ₹15,000",Quick Commerce,4,Stressed,Attractive Packaging,Beauty/Cosmetics,No
28,Male,Unemployed,"Above ₹15,000",E-commerce Website,3,Happy,Social Media Ad,Electronics,Yes
18,Female,Employed,"₹5,000 - ₹15,000",Quick Commerce,5,Happy,Heavy Discount,Beauty/Cosmetics,Yes
27,Other,Student,"Above ₹15,000",E-commerce Website,6,Neutral,Social Media Ad,Beauty/Cosmetics,Yes
19,Male,Student,"₹5,000 - ₹15,000",E-commerce Website,5,Neutral,Limited Time Flash Sale,Clothing,Yes
21,Female,Employed,"₹5,000 - ₹15,000",Social Media Stores,3,Sad,Attractive Packaging,Beauty/Cosmetics,No
34,Female,Student,"Above ₹15,000",E-commerce Website,4,Neutral,Attractive Packaging,Electronics,Yes
29,Male,Student,"₹2,000 - ₹5,000",E-commerce Website,5,Happy,Attractive Packaging,Clothing,No
27,Male,Student,"₹2,000 - ₹5,000",E-commerce Website,6,Neutral,Heavy Discount,Electronics,Yes
35,Female,Employed,"₹5,000 - ₹15,000",E-commerce Website,1,Neutral,Social Media Ad,Beauty/Cosmetics,No
31,Female,Student,"Under ₹2,000",E-commerce Website,4,Neutral,Limited Time Flash Sale,Food/Snacks,No
39,Other,Self-employed,"₹2,000 - ₹5,000",Physical In-Store,7,Stressed,Attractive Packaging,Clothing,Yes
24,Male,Self-employed,"₹5,000 - ₹15,000",Quick Commerce,7,Neutral,Heavy Discount,Food/Snacks,No
24,Female,Employed,"₹2,000 - ₹5,000",E-commerce Website,9,Happy,Limited Time Flash Sale,Electronics,No
18,Male,Employed,"Above ₹15,000",E-commerce Website,2,Stressed,Free Shipping Threshold,Food/Snacks,Yes
24,Female,Employed,"Above ₹15,000",Social Media Stores,5,Bored,Free Shipping Threshold,Food/Snacks,Yes
35,Female,Employed,"₹5,000 - ₹15,000",E-commerce Website,6,Sad,Attractive Packaging,Gaming/Digital,Yes
38,Male,Employed,"₹5,000 - ₹15,000",E-commerce Website,4,Stressed,Heavy Discount,Gaming/Digital,Yes
35,Male,Employed,"₹5,000 - ₹15,000",Quick Commerce,6,Stressed,Limited Time Flash Sale,Food/Snacks,Yes
18,Male,Employed,"₹2,000 - ₹5,000",Quick Commerce,6,Happy,Social Media Ad,Food/Snacks,Yes
36,Male,Employed,"Under ₹2,000",E-commerce Website,3,Stressed,Social Media Ad,Gaming/Digital,Yes
18,Female,Employed,"₹5,000 - ₹15,000",Quick Commerce,4,Stressed,Limited Time Flash Sale,Clothing,Yes
35,Male,Employed,"₹5,000 - ₹15,000",Quick Commerce,6,Sad,Free Shipping Threshold,Beauty/Cosmetics,Yes
25,Female,Student,"₹2,000 - ₹5,000",Social Media Stores,3,Sad,Attractive Packaging,Food/Snacks,No
33,Male,Employed,"₹5,000 - ₹15,000",E-commerce Website,4,Neutral,Social Media Ad,Clothing,No
18,Female,Employed,"₹5,000 - ₹15,000",E-commerce Website,4,Neutral,Heavy Discount,Beauty/Cosmetics,No
37,Female,Employed,"₹2,000 - ₹5,000",E-commerce Website,5,Stressed,Heavy Discount,Food/Snacks,No
18,Female,Employed,"₹5,000 - ₹15,000",Social Media Stores,6,Happy,Heavy Discount,Food/Snacks,No
22,Female,Self-employed,"₹2,000 - ₹5,000",Quick Commerce,3,Happy,Heavy Discount,Electronics,No
20,Male,Student,"₹2,000 - ₹5,000",Social Media Stores,9,Stressed,Limited Time Flash Sale,Beauty/Cosmetics,Yes
18,Female,Employed,"₹5,000 - ₹15,000",E-commerce Website,4,Neutral,Limited Time Flash Sale,Gaming/Digital,No
28,Male,Employed,"Above ₹15,000",E-commerce Website,2,Bored,Limited Time Flash Sale,Clothing,Yes
42,Male,Employed,"₹2,000 - ₹5,000",E-commerce Website,4,Happy,Limited Time Flash Sale,Beauty/Cosmetics,Yes
49,Male,Employed,"Above ₹15,000",Social Media Stores,2,Happy,Social Media Ad,Clothing,No
28,Female,Self-employed,"₹2,000 - ₹5,000",Physical In-Store,4,Neutral,Attractive Packaging,Gaming/Digital,Yes
36,Female,Student,"Under ₹2,000",Social Media Stores,7,Neutral,Social Media Ad,Electronics,Yes
29,Female,Self-employed,"Under ₹2,000",Social Media Stores,6,Neutral,Attractive Packaging,Electronics,Yes
31,Male,Self-employed,"₹2,000 - ₹5,000",E-commerce Website,7,Neutral,Heavy Discount,Beauty/Cosmetics,No
25,Male,Employed,"₹2,000 - ₹5,000",E-commerce Website,5,Stressed,Social Media Ad,Electronics,No
29,Female,Employed,"Above ₹15,000",E-commerce Website,4,Happy,Social Media Ad,Electronics,No
32,Female,Employed,"₹2,000 - ₹5,000",Quick Commerce,8,Bored,Free Shipping Threshold,Clothing,Yes
23,Male,Employed,"₹2,000 - ₹5,000",E-commerce Website,4,Neutral,Attractive Packaging,Food/Snacks,No
27,Female,Unemployed,"₹5,000 - ₹15,000",E-commerce Website,5,Happy,Heavy Discount,Clothing,No
27,Male,Student,"₹2,000 - ₹5,000",Social Media Stores,7,Sad,Limited Time Flash Sale,Gaming/Digital,No
34,Male,Student,"₹5,000 - ₹15,000",E-commerce Website,1,Bored,Heavy Discount,Beauty/Cosmetics,No
19,Male,Student,"₹2,000 - ₹5,000",E-commerce Website,10,Bored,Attractive Packaging,Beauty/Cosmetics,Yes
27,Male,Employed,"Under ₹2,000",Social Media Stores,6,Bored,Social Media Ad,Electronics,No
43,Male,Student,"₹5,000 - ₹15,000",Social Media Stores,6,Sad,Heavy Discount,Food/Snacks,No
37,Female,Self-employed,"Under ₹2,000",E-commerce Website,7,Stressed,Heavy Discount,Food/Snacks,Yes
38,Female,Employed,"₹2,000 - ₹5,000",Physical In-Store,4,Sad,Limited Time Flash Sale,Electronics,No
28,Female,Self-employed,"₹2,000 - ₹5,000",Social Media Stores,4,Happy,Free Shipping Threshold,Clothing,No
30,Female,Student,"₹2,000 - ₹5,000",Social Media Stores,7,Bored,Heavy Discount,Gaming/Digital,No
36,Other,Employed,"₹5,000 - ₹15,000",Physical In-Store,4,Bored,Social Media Ad,Electronics,Yes
40,Male,Student,"₹2,000 - ₹5,000",Social Media Stores,5,Neutral,Limited Time Flash Sale,Food/Snacks,Yes
18,Female,Student,"₹5,000 - ₹15,000",Quick Commerce,2,Sad,Free Shipping Threshold,Food/Snacks,Yes
18,Female,Employed,"₹5,000 - ₹15,000",E-commerce Website,5,Happy,Limited Time Flash Sale,Electronics,Yes
38,Male,Self-employed,"₹2,000 - ₹5,000",E-commerce Website,5,Happy,Attractive Packaging,Gaming/Digital,No
25,Male,Employed,"Above ₹15,000",Social Media Stores,5,Stressed,Heavy Discount,Food/Snacks,No
22,Female,Employed,"Above ₹15,000",E-commerce Website,2,Bored,Attractive Packaging,Food/Snacks,No
18,Female,Employed,"₹5,000 - ₹15,000",Social Media Stores,7,Neutral,Limited Time Flash Sale,Electronics,Yes
23,Male,Student,"Under ₹2,000",Quick Commerce,3,Neutral,Attractive Packaging,Clothing,Yes
18,Female,Employed,"₹2,000 - ₹5,000",Quick Commerce,4,Happy,Heavy Discount,Electronics,No
44,Female,Student,"Under ₹2,000",E-commerce Website,4,Stressed,Free Shipping Threshold,Electronics,Yes
27,Male,Self-employed,"₹2,000 - ₹5,000",Quick Commerce,9,Bored,Limited Time Flash Sale,Clothing,Yes
27,Female,Employed,"Under ₹2,000",E-commerce Website,9,Bored,Attractive Packaging,Beauty/Cosmetics,Yes
32,Female,Employed,"₹5,000 - ₹15,000",E-commerce Website,3,Sad,Attractive Packaging,Clothing,No
35,Female,Employed,"Under ₹2,000",E-commerce Website,4,Happy,Attractive Packaging,Clothing,Yes
35,Other,Student,"Above ₹15,000",Quick Commerce,6,Neutral,Free Shipping Threshold,Gaming/Digital,Yes
36,Male,Employed,"Under ₹2,000",E-commerce Website,7,Bored,Limited Time Flash Sale,Beauty/Cosmetics,Yes
22,Male,Self-employed,"₹5,000 - ₹15,000",Quick Commerce,7,Stressed,Limited Time Flash Sale,Clothing,Yes
25,Male,Self-employed,"Above ₹15,000",E-commerce Website,8,Neutral,Attractive Packaging,Electronics,No
34,Female,Student,"₹2,000 - ₹5,000",Social Media Stores,4,Happy,Limited Time Flash Sale,Gaming/Digital,Yes
23,Female,Student,"Above ₹15,000",E-commerce Website,5,Stressed,Limited Time Flash Sale,Gaming/Digital,Yes
27,Female,Employed,"₹2,000 - ₹5,000",Physical In-Store,2,Bored,Free Shipping Threshold,Beauty/Cosmetics,No
31,Male,Unemployed,"Above ₹15,000",Quick Commerce,0,Bored,Free Shipping Threshold,Gaming/Digital,Yes
34,Male,Self-employed,"Above ₹15,000",Physical In-Store,5,Neutral,Heavy Discount,Clothing,No
18,Female,Employed,"Under ₹2,000",E-commerce Website,4,Stressed,Free Shipping Threshold,Gaming/Digital,Yes
33,Female,Employed,"₹5,000 - ₹15,000",Quick Commerce,3,Neutral,Free Shipping Threshold,Gaming/Digital,Yes
26,Female,Self-employed,"Under ₹2,000",Quick Commerce,6,Stressed,Limited Time Flash Sale,Gaming/Digital,Yes
33,Female,Student,"₹2,000 - ₹5,000",E-commerce Website,5,Neutral,Heavy Discount,Electronics,No
34,Female,Self-employed,"Under ₹2,000",Social Media Stores,4,Neutral,Free Shipping Threshold,Beauty/Cosmetics,Yes
40,Male,Student,"Under ₹2,000",Social Media Stores,2,Stressed,Attractive Packaging,Clothing,Yes
38,Male,Employed,"₹5,000 - ₹15,000",E-commerce Website,0,Stressed,Attractive Packaging,Gaming/Digital,Yes
38,Female,Student,"₹2,000 - ₹5,000",E-commerce Website,2,Neutral,Limited Time Flash Sale,Food/Snacks,No
39,Female,Employed,"₹5,000 - ₹15,000",E-commerce Website,6,Sad,Attractive Packaging,Clothing,Yes
30,Male,Self-employed,"₹2,000 - ₹5,000",E-commerce Website,3,Neutral,Free Shipping Threshold,Electronics,No
28,Other,Employed,"Above ₹15,000",E-commerce Website,2,Happy,Limited Time Flash Sale,Beauty/Cosmetics,No
34,Female,Student,"Under ₹2,000",E-commerce Website,4,Bored,Heavy Discount,Electronics,Yes
33,Male,Student,"Under ₹2,000",E-commerce Website,5,Neutral,Free Shipping Threshold,Electronics,No
25,Female,Employed,"₹5,000 - ₹15,000",E-commerce Website,5,Neutral,Heavy Discount,Beauty/Cosmetics,Yes
31,Female,Employed,"Above ₹15,000",E-commerce Website,4,Happy,Social Media Ad,Clothing,Yes
27,Male,Employed,"₹5,000 - ₹15,000",E-commerce Website,8,Sad,Social Media Ad,Electronics,No
21,Female,Student,"₹2,000 - ₹5,000",Social Media Stores,2,Bored,Limited Time Flash Sale,Gaming/Digital,Yes
38,Female,Employed,"₹2,000 - ₹5,000",Quick Commerce,5,Neutral,Limited Time Flash Sale,Electronics,No
28,Male,Self-employed,"Under ₹2,000",E-commerce Website,5,Bored,Heavy Discount,Clothing,Yes
44,Female,Employed,"₹5,000 - ₹15,000",E-commerce Website,2,Sad,Free Shipping Threshold,Food/Snacks,No
18,Male,Employed,"₹2,000 - ₹5,000",Social Media Stores,5,Happy,Heavy Discount,Food/Snacks,Yes
23,Male,Self-employed,"₹2,000 - ₹5,000",Quick Commerce,6,Happy,Attractive Packaging,Beauty/Cosmetics,Yes
28,Male,Employed,"₹5,000 - ₹15,000",Physical In-Store,4,Bored,Free Shipping Threshold,Beauty/Cosmetics,No
37,Male,Employed,"₹5,000 - ₹15,000",Physical In-Store,4,Bored,Heavy Discount,Electronics,No
31,Male,Employed,"₹5,000 - ₹15,000",E-commerce Website,2,Stressed,Limited Time Flash Sale,Food/Snacks,Yes
30,Female,Student,"₹2,000 - ₹5,000",Social Media Stores,7,Bored,Attractive Packaging,Beauty/Cosmetics,No
18,Male,Employed,"₹5,000 - ₹15,000",Quick Commerce,5,Bored,Free Shipping Threshold,Food/Snacks,Yes
18,Female,Self-employed,"Under ₹2,000",Social Media Stores,3,Stressed,Free Shipping Threshold,Clothing,Yes
30,Female,Student,"Under ₹2,000",E-commerce Website,6,Happy,Free Shipping Threshold,Gaming/Digital,No
18,Male,Self-employed,"₹5,000 - ₹15,000",Social Media Stores,6,Stressed,Social Media Ad,Food/Snacks,Yes
23,Female,Employed,"₹5,000 - ₹15,000",E-commerce Website,4,Bored,Heavy Discount,Beauty/Cosmetics,Yes
32,Female,Employed,"₹5,000 - ₹15,000",Social Media Stores,0,Neutral,Heavy Discount,Food/Snacks,No
20,Female,Employed,"Under ₹2,000",E-commerce Website,5,Bored,Attractive Packaging,Beauty/Cosmetics,Yes
40,Male,Employed,"Above ₹15,000",E-commerce Website,5,Bored,Free Shipping Threshold,Beauty/Cosmetics,Yes
37,Female,Self-employed,"Under ₹2,000",E-commerce Website,5,Stressed,Social Media Ad,Clothing,Yes
18,Other,Employed,"Above ₹15,000",Social Media Stores,6,Happy,Heavy Discount,Beauty/Cosmetics,Yes
20,Male,Self-employed,"₹2,000 - ₹5,000",Social Media Stores,4,Neutral,Attractive Packaging,Beauty/Cosmetics,No
18,Male,Employed,"Under ₹2,000",E-commerce Website,2,Bored,Free Shipping Threshold,Clothing,Yes
21,Female,Employed,"₹2,000 - ₹5,000",Physical In-Store,3,Happy,Free Shipping Threshold,Gaming/Digital,No
34,Male,Unemployed,"Under ₹2,000",Physical In-Store,7,Stressed,Limited Time Flash Sale,Clothing,Yes
24,Female,Student,"₹2,000 - ₹5,000",E-commerce Website,6,Bored,Free Shipping Threshold,Food/Snacks,No
31,Male,Employed,"Above ₹15,000",E-commerce Website,5,Happy,Attractive Packaging,Electronics,Yes
18,Male,Student,"₹2,000 - ₹5,000",E-commerce Website,5,Sad,Attractive Packaging,Gaming/Digital,Yes
34,Female,Self-employed,"₹5,000 - ₹15,000",Physical In-Store,5,Happy,Attractive Packaging,Clothing,No
23,Male,Employed,"Above ₹15,000",Social Media Stores,4,Stressed,Attractive Packaging,Food/Snacks,Yes
28,Male,Self-employed,"₹5,000 - ₹15,000",Social Media Stores,8,Neutral,Heavy Discount,Electronics,Yes
27,Male,Self-employed,"₹2,000 - ₹5,000",E-commerce Website,5,Bored,Attractive Packaging,Beauty/Cosmetics,Yes
18,Male,Student,"Above ₹15,000",E-commerce Website,5,Happy,Free Shipping Threshold,Gaming/Digital,Yes
18,Female,Student,"Under ₹2,000",E-commerce Website,5,Sad,Social Media Ad,Gaming/Digital,Yes
35,Female,Employed,"₹5,000 - ₹15,000",E-commerce Website,1,Stressed,Social Media Ad,Beauty/Cosmetics,Yes
31,Male,Employed,"₹5,000 - ₹15,000",Quick Commerce,3,Bored,Free Shipping Threshold,Electronics,No
36,Female,Student,"Under ₹2,000",Social Media Stores,4,Bored,Limited Time Flash Sale,Beauty/Cosmetics,No
30,Male,Student,"₹5,000 - ₹15,000",E-commerce Website,7,Neutral,Attractive Packaging,Electronics,No
29,Female,Employed,"₹2,000 - ₹5,000",Quick Commerce,6,Neutral,Limited Time Flash Sale,Gaming/Digital,Yes
18,Male,Student,"Under ₹2,000",Social Media Stores,4,Bored,Heavy Discount,Electronics,Yes
25,Male,Self-employed,"₹2,000 - ₹5,000",E-commerce Website,4,Bored,Attractive Packaging,Clothing,Yes
27,Female,Self-employed,"Above ₹15,000",Social Media Stores,5,Bored,Heavy Discount,Gaming/Digital,Yes
43,Male,Employed,"Above ₹15,000",E-commerce Website,5,Neutral,Limited Time Flash Sale,Electronics,No
33,Male,Student,"₹2,000 - ₹5,000",E-commerce Website,6,Bored,Social Media Ad,Food/Snacks,No
40,Female,Student,"Under ₹2,000",Social Media Stores,5,Bored,Limited Time Flash Sale,Electronics,Yes
32,Female,Employed,"₹2,000 - ₹5,000",Quick Commerce,5,Sad,Attractive Packaging,Electronics,No
22,Female,Unemployed,"₹5,000 - ₹15,000",Physical In-Store,7,Neutral,Social Media Ad,Gaming/Digital,No
28,Female,Employed,"Above ₹15,000",E-commerce Website,4,Happy,Social Media Ad,Electronics,No
29,Female,Employed,"Above ₹15,000",Quick Commerce,4,Bored,Attractive Packaging,Beauty/Cosmetics,No
20,Male,Student,"₹5,000 - ₹15,000",E-commerce Website,7,Neutral,Social Media Ad,Food/Snacks,No
24,Male,Employed,"₹5,000 - ₹15,000",Quick Commerce,4,Stressed,Free Shipping Threshold,Beauty/Cosmetics,No
26,Female,Employed,"Under ₹2,000",Physical In-Store,6,Sad,Social Media Ad,Beauty/Cosmetics,Yes
40,Female,Student,"Under ₹2,000",Physical In-Store,6,Bored,Attractive Packaging,Beauty/Cosmetics,No
18,Female,Employed,"₹5,000 - ₹15,000",E-commerce Website,4,Happy,Social Media Ad,Gaming/Digital,No
37,Female,Employed,"₹5,000 - ₹15,000",Social Media Stores,11,Stressed,Heavy Discount,Clothing,No
20,Male,Employed,"₹5,000 - ₹15,000",E-commerce Website,4,Bored,Heavy Discount,Food/Snacks,No
18,Male,Employed,"₹2,000 - ₹5,000",E-commerce Website,5,Sad,Limited Time Flash Sale,Clothing,Yes
37,Male,Self-employed,"Under ₹2,000",E-commerce Website,4,Neutral,Social Media Ad,Clothing,No
33,Female,Employed,"₹2,000 - ₹5,000",E-commerce Website,8,Neutral,Limited Time Flash Sale,Gaming/Digital,No
38,Female,Employed,"Above ₹15,000",E-commerce Website,3,Stressed,Social Media Ad,Electronics,Yes
34,Female,Self-employed,"₹5,000 - ₹15,000",E-commerce Website,2,Neutral,Limited Time Flash Sale,Electronics,No
44,Female,Self-employed,"Under ₹2,000",E-commerce Website,2,Happy,Social Media Ad,Gaming/Digital,No
32,Female,Employed,"Above ₹15,000",E-commerce Website,2,Stressed,Attractive Packaging,Gaming/Digital,No
26,Female,Student,"₹2,000 - ₹5,000",Social Media Stores,7,Neutral,Free Shipping Threshold,Food/Snacks,No
30,Other,Self-employed,"₹2,000 - ₹5,000",E-commerce Website,6,Stressed,Limited Time Flash Sale,Beauty/Cosmetics,No
37,Female,Student,"₹2,000 - ₹5,000",E-commerce Website,10,Stressed,Free Shipping Threshold,Clothing,Yes
21,Other,Self-employed,"₹5,000 - ₹15,000",E-commerce Website,4,Neutral,Social Media Ad,Electronics,No
22,Male,Student,"₹5,000 - ₹15,000",E-commerce Website,8,Happy,Limited Time Flash Sale,Gaming/Digital,No
25,Male,Self-employed,"₹5,000 - ₹15,000",Quick Commerce,7,Bored,Limited Time Flash Sale,Gaming/Digital,Yes
18,Female,Employed,"₹5,000 - ₹15,000",Quick Commerce,4,Neutral,Free Shipping Threshold,Beauty/Cosmetics,Yes
29,Other,Employed,"Under ₹2,000",E-commerce Website,2,Bored,Attractive Packaging,Gaming/Digital,No
18,Male,Employed,"₹2,000 - ₹5,000",Social Media Stores,6,Bored,Free Shipping Threshold,Clothing,Yes
28,Male,Unemployed,"₹5,000 - ₹15,000",Social Media Stores,4,Neutral,Social Media Ad,Electronics,No
34,Female,Student,"₹5,000 - ₹15,000",Quick Commerce,4,Neutral,Attractive Packaging,Beauty/Cosmetics,Yes
24,Female,Student,"₹2,000 - ₹5,000",Quick Commerce,6,Sad,Free Shipping Threshold,Beauty/Cosmetics,Yes
41,Male,Student,"Under ₹2,000",E-commerce Website,4,Happy,Heavy Discount,Food/Snacks,No
18,Female,Self-employed,"Under ₹2,000",Quick Commerce,6,Neutral,Heavy Discount,Beauty/Cosmetics,No
37,Other,Employed,"₹2,000 - ₹5,000",Quick Commerce,4,Sad,Heavy Discount,Electronics,Yes
33,Female,Employed,"Under ₹2,000",E-commerce Website,5,Neutral,Social Media Ad,Clothing,No
18,Male,Employed,"₹2,000 - ₹5,000",E-commerce Website,5,Happy,Social Media Ad,Gaming/Digital,No
49,Male,Self-employed,"₹5,000 - ₹15,000",Social Media Stores,4,Stressed,Free Shipping Threshold,Clothing,Yes
27,Male,Employed,"₹2,000 - ₹5,000",E-commerce Website,3,Bored,Limited Time Flash Sale,Clothing,No
20,Male,Employed,"₹5,000 - ₹15,000",Social Media Stores,5,Stressed,Attractive Packaging,Electronics,Yes
18,Male,Employed,"₹5,000 - ₹15,000",E-commerce Website,3,Neutral,Free Shipping Threshold,Food/Snacks,Yes
26,Female,Employed,"Under ₹2,000",Physical In-Store,5,Bored,Heavy Discount,Beauty/Cosmetics,Yes
26,Male,Student,"₹5,000 - ₹15,000",Quick Commerce,4,Sad,Social Media Ad,Food/Snacks,Yes
28,Female,Student,"Under ₹2,000",Quick Commerce,1,Bored,Heavy Discount,Food/Snacks,Yes
25,Female,Student,"₹5,000 - ₹15,000",Physical In-Store,9,Happy,Social Media Ad,Food/Snacks,No
33,Male,Employed,"Under ₹2,000",Social Media Stores,5,Stressed,Limited Time Flash Sale,Gaming/Digital,No
24,Other,Employed,"₹2,000 - ₹5,000",E-commerce Website,3,Neutral,Free Shipping Threshold,Clothing,Yes
18,Female,Employed,"₹5,000 - ₹15,000",E-commerce Website,7,Stressed,Free Shipping Threshold,Clothing,Yes
26,Female,Unemployed,"Under ₹2,000",E-commerce Website,5,Happy,Social Media Ad,Food/Snacks,No
18,Male,Employed,"Under ₹2,000",E-commerce Website,3,Happy,Heavy Discount,Food/Snacks,No
30,Female,Employed,"₹2,000 - ₹5,000",E-commerce Website,6,Stressed,Attractive Packaging,Beauty/Cosmetics,Yes
20,Male,Employed,"₹2,000 - ₹5,000",Quick Commerce,4,Bored,Heavy Discount,Gaming/Digital,Yes
29,Female,Student,"Above ₹15,000",Social Media Stores,4,Stressed,Social Media Ad,Beauty/Cosmetics,Yes
38,Male,Employed,"Under ₹2,000",E-commerce Website,5,Bored,Free Shipping Threshold,Gaming/Digital,Yes
20,Female,Unemployed,"₹2,000 - ₹5,000",Social Media Stores,4,Bored,Attractive Packaging,Food/Snacks,Yes
36,Male,Student,"₹2,000 - ₹5,000",Quick Commerce,2,Happy,Free Shipping Threshold,Gaming/Digital,No
24,Male,Employed,"₹2,000 - ₹5,000",Physical In-Store,1,Bored,Free Shipping Threshold,Clothing,Yes
42,Female,Student,"₹5,000 - ₹15,000",E-commerce Website,3,Bored,Social Media Ad,Electronics,Yes
25,Female,Employed,"₹2,000 - ₹5,000",Quick Commerce,2,Bored,Social Media Ad,Clothing,No
21,Male,Employed,"₹5,000 - ₹15,000",Social Media Stores,6,Bored,Social Media Ad,Food/Snacks,No
33,Male,Self-employed,"₹5,000 - ₹15,000",Quick Commerce,3,Bored,Heavy Discount,Clothing,No
24,Female,Employed,"Under ₹2,000",Physical In-Store,2,Neutral,Social Media Ad,Gaming/Digital,No
21,Female,Employed,"₹5,000 - ₹15,000",Quick Commerce,2,Bored,Limited Time Flash Sale,Gaming/Digital,Yes
24,Male,Self-employed,"₹5,000 - ₹15,000",Social Media Stores,5,Bored,Heavy Discount,Food/Snacks,Yes
27,Female,Employed,"₹2,000 - ₹5,000",Quick Commerce,2,Bored,Free Shipping Threshold,Beauty/Cosmetics,Yes
38,Female,Employed,"Under ₹2,000",E-commerce Website,7,Sad,Attractive Packaging,Gaming/Digital,Yes
18,Male,Employed,"₹2,000 - ₹5,000",Physical In-Store,4,Bored,Heavy Discount,Clothing,Yes
28,Female,Self-employed,"₹2,000 - ₹5,000",E-commerce Website,6,Bored,Social Media Ad,Food/Snacks,No
32,Female,Employed,"Under ₹2,000",E-commerce Website,2,Neutral,Limited Time Flash Sale,Clothing,No
29,Female,Self-employed,"₹5,000 - ₹15,000",E-commerce Website,6,Happy,Heavy Discount,Electronics,No
38,Male,Student,"₹5,000 - ₹15,000",Social Media Stores,11,Sad,Attractive Packaging,Food/Snacks,Yes
27,Female,Employed,"Above ₹15,000",E-commerce Website,8,Neutral,Heavy Discount,Clothing,No
26,Male,Employed,"₹5,000 - ₹15,000",E-commerce Website,4,Bored,Free Shipping Threshold,Beauty/Cosmetics,No
32,Female,Employed,"₹5,000 - ₹15,000",E-commerce Website,4,Neutral,Social Media Ad,Beauty/Cosmetics,Yes
28,Male,Employed,"₹5,000 - ₹15,000",Physical In-Store,4,Sad,Heavy Discount,Clothing,No
24,Female,Student,"Above ₹15,000",Physical In-Store,9,Stressed,Limited Time Flash Sale,Gaming/Digital,Yes
32,Female,Student,"₹2,000 - ₹5,000",E-commerce Website,4,Bored,Social Media Ad,Gaming/Digital,No
22,Male,Employed,"₹2,000 - ₹5,000",Social Media Stores,8,Happy,Attractive Packaging,Clothing,No
23,Female,Self-employed,"Under ₹2,000",Quick Commerce,5,Stressed,Social Media Ad,Gaming/Digital,No
23,Female,Self-employed,"₹2,000 - ₹5,000",E-commerce Website,4,Bored,Heavy Discount,Gaming/Digital,Yes
38,Male,Student,"Under ₹2,000",Quick Commerce,3,Neutral,Free Shipping Threshold,Gaming/Digital,Yes
18,Female,Self-employed,"₹2,000 - ₹5,000",E-commerce Website,4,Bored,Social Media Ad,Food/Snacks,Yes
31,Female,Student,"₹2,000 - ₹5,000",Quick Commerce,6,Happy,Heavy Discount,Gaming/Digital,No
28,Male,Employed,"Above ₹15,000",Quick Commerce,4,Sad,Heavy Discount,Gaming/Digital,Yes
18,Other,Student,"Above ₹15,000",E-commerce Website,6,Happy,Free Shipping Threshold,Clothing,No
30,Female,Self-employed,"₹5,000 - ₹15,000",Physical In-Store,6,Neutral,Heavy Discount,Food/Snacks,Yes
31,Male,Employed,"₹2,000 - ₹5,000",E-commerce Website,5,Happy,Attractive Packaging,Electronics,Yes
32,Female,Employed,"Above ₹15,000",E-commerce Website,5,Happy,Free Shipping Threshold,Food/Snacks,Yes
18,Male,Employed,"Above ₹15,000",Social Media Stores,8,Happy,Attractive Packaging,Gaming/Digital,No
38,Female,Student,"Above ₹15,000",E-commerce Website,6,Neutral,Attractive Packaging,Electronics,No
22,Female,Employed,"₹5,000 - ₹15,000",E-commerce Website,6,Stressed,Heavy Discount,Clothing,No
33,Male,Employed,"₹2,000 - ₹5,000",E-commerce Website,4,Neutral,Social Media Ad,Gaming/Digital,No
33,Female,Student,"Under ₹2,000",E-commerce Website,6,Bored,Attractive Packaging,Gaming/Digital,Yes
20,Female,Self-employed,"Above ₹15,000",E-commerce Website,0,Sad,Attractive Packaging,Clothing,No
33,Male,Employed,"Under ₹2,000",Physical In-Store,3,Happy,Social Media Ad,Food/Snacks,No
24,Female,Student,"₹2,000 - ₹5,000",Social Media Stores,5,Happy,Limited Time Flash Sale,Food/Snacks,No
18,Female,Student,"₹2,000 - ₹5,000",E-commerce Website,6,Stressed,Limited Time Flash Sale,Beauty/Cosmetics,Yes
37,Female,Student,"Under ₹2,000",Social Media Stores,7,Sad,Free Shipping Threshold,Beauty/Cosmetics,No
21,Female,Employed,"Above ₹15,000",Social Media Stores,3,Sad,Free Shipping Threshold,Gaming/Digital,No
21,Male,Employed,"₹2,000 - ₹5,000",Physical In-Store,5,Neutral,Attractive Packaging,Electronics,No
24,Male,Student,"Under ₹2,000",E-commerce Website,9,Neutral,Social Media Ad,Electronics,Yes
30,Female,Employed,"Above ₹15,000",E-commerce Website,4,Bored,Social Media Ad,Food/Snacks,No
27,Female,Employed,"₹2,000 - ₹5,000",Quick Commerce,3,Sad,Limited Time Flash Sale,Clothing,No
32,Female,Employed,"Above ₹15,000",E-commerce Website,7,Happy,Heavy Discount,Electronics,No
18,Male,Self-employed,"₹2,000 - ₹5,000",E-commerce Website,5,Stressed,Heavy Discount,Beauty/Cosmetics,No
22,Female,Student,"₹5,000 - ₹15,000",Social Media Stores,3,Bored,Limited Time Flash Sale,Beauty/Cosmetics,No
27,Other,Employed,"₹2,000 - ₹5,000",Quick Commerce,4,Bored,Limited Time Flash Sale,Gaming/Digital,Yes
43,Male,Employed,"₹5,000 - ₹15,000",Quick Commerce,4,Stressed,Free Shipping Threshold,Electronics,Yes
27,Male,Student,"₹2,000 - ₹5,000",E-commerce Website,4,Happy,Heavy Discount,Electronics,No
36,Female,Student,"Above ₹15,000",E-commerce Website,5,Stressed,Free Shipping Threshold,Food/Snacks,Yes
28,Male,Employed,"Under ₹2,000",Social Media Stores,3,Stressed,Limited Time Flash Sale,Beauty/Cosmetics,Yes
24,Male,Self-employed,"₹2,000 - ₹5,000",E-commerce Website,2,Neutral,Limited Time Flash Sale,Clothing,No
26,Female,Employed,"Above ₹15,000",E-commerce Website,5,Bored,Limited Time Flash Sale,Food/Snacks,Yes
26,Other,Employed,"₹2,000 - ₹5,000",Social Media Stores,7,Bored,Social Media Ad,Beauty/Cosmetics,Yes
32,Female,Employed,"₹5,000 - ₹15,000",Social Media Stores,5,Sad,Limited Time Flash Sale,Beauty/Cosmetics,No
38,Female,Employed,"₹5,000 - ₹15,000",Social Media Stores,4,Stressed,Heavy Discount,Clothing,Yes
30,Female,Student,"Under ₹2,000",E-commerce Website,5,Stressed,Heavy Discount,Clothing,Yes
37,Female,Student,"Under ₹2,000",Quick Commerce,6,Neutral,Limited Time Flash Sale,Electronics,Yes
20,Male,Employed,"Above ₹15,000",E-commerce Website,4,Stressed,Free Shipping Threshold,Gaming/Digital,Yes
24,Male,Employed,"₹2,000 - ₹5,000",Physical In-Store,6,Stressed,Free Shipping Threshold,Clothing,No
22,Male,Student,"₹2,000 - ₹5,000",Social Media Stores,2,Happy,Social Media Ad,Electronics,No
30,Male,Student,"₹5,000 - ₹15,000",Quick Commerce,2,Stressed,Limited Time Flash Sale,Gaming/Digital,Yes
25,Male,Student,"₹2,000 - ₹5,000",E-commerce Website,6,Neutral,Attractive Packaging,Clothing,No
33,Male,Employed,"₹5,000 - ₹15,000",E-commerce Website,4,Stressed,Heavy Discount,Beauty/Cosmetics,No
20,Male,Employed,"₹2,000 - ₹5,000",E-commerce Website,6,Stressed,Free Shipping Threshold,Clothing,Yes
28,Male,Student,"Above ₹15,000",Physical In-Store,6,Happy,Free Shipping Threshold,Electronics,Yes
33,Female,Student,"₹2,000 - ₹5,000",Social Media Stores,3,Neutral,Heavy Discount,Gaming/Digital,No
18,Male,Student,"₹2,000 - ₹5,000",E-commerce Website,7,Happy,Free Shipping Threshold,Beauty/Cosmetics,No
44,Female,Student,"₹5,000 - ₹15,000",Quick Commerce,8,Stressed,Attractive Packaging,Beauty/Cosmetics,Yes
25,Male,Employed,"₹2,000 - ₹5,000",E-commerce Website,5,Stressed,Heavy Discount,Gaming/Digital,Yes
18,Female,Student,"₹2,000 - ₹5,000",E-commerce Website,7,Bored,Attractive Packaging,Beauty/Cosmetics,No
29,Other,Employed,"₹5,000 - ₹15,000",E-commerce Website,3,Happy,Heavy Discount,Beauty/Cosmetics,No
28,Female,Employed,"₹5,000 - ₹15,000",E-commerce Website,2,Bored,Limited Time Flash Sale,Electronics,No
27,Female,Employed,"₹2,000 - ₹5,000",E-commerce Website,5,Sad,Free Shipping Threshold,Electronics,Yes
35,Female,Student,"₹2,000 - ₹5,000",E-commerce Website,6,Neutral,Heavy Discount,Food/Snacks,No
33,Male,Student,"₹5,000 - ₹15,000",E-commerce Website,9,Sad,Social Media Ad,Beauty/Cosmetics,No
30,Other,Student,"Under ₹2,000",Quick Commerce,5,Neutral,Heavy Discount,Clothing,Yes
31,Female,Unemployed,"Above ₹15,000",E-commerce Website,4,Bored,Limited Time Flash Sale,Food/Snacks,Yes
27,Female,Self-employed,"Under ₹2,000",E-commerce Website,3,Sad,Heavy Discount,Gaming/Digital,No
42,Male,Student,"₹5,000 - ₹15,000",E-commerce Website,5,Neutral,Heavy Discount,Food/Snacks,Yes
18,Female,Employed,"₹2,000 - ₹5,000",E-commerce Website,4,Stressed,Attractive Packaging,Gaming/Digital,Yes
29,Female,Student,"Under ₹2,000",Social Media Stores,3,Sad,Free Shipping Threshold,Gaming/Digital,No
28,Female,Student,"₹2,000 - ₹5,000",Social Media Stores,5,Stressed,Attractive Packaging,Electronics,No
34,Female,Employed,"₹2,000 - ₹5,000",E-commerce Website,4,Sad,Free Shipping Threshold,Electronics,No
21,Male,Student,"Under ₹2,000",E-commerce Website,2,Sad,Social Media Ad,Electronics,Yes
18,Male,Employed,"₹2,000 - ₹5,000",E-commerce Website,5,Stressed,Social Media Ad,Electronics,No
29,Male,Employed,"Above ₹15,000",E-commerce Website,1,Bored,Attractive Packaging,Food/Snacks,Yes
30,Male,Employed,"Under ₹2,000",E-commerce Website,2,Neutral,Free Shipping Threshold,Beauty/Cosmetics,Yes
39,Male,Unemployed,"Above ₹15,000",Physical In-Store,8,Stressed,Limited Time Flash Sale,Electronics,Yes
18,Male,Employed,"Under ₹2,000",Social Media Stores,3,Happy,Attractive Packaging,Beauty/Cosmetics,No
37,Male,Employed,"₹5,000 - ₹15,000",E-commerce Website,6,Happy,Heavy Discount,Food/Snacks,No
46,Female,Employed,"Above ₹15,000",Quick Commerce,4,Neutral,Attractive Packaging,Food/Snacks,Yes
24,Male,Student,"Above ₹15,000",E-commerce Website,3,Bored,Heavy Discount,Food/Snacks,Yes
18,Female,Employed,"Under ₹2,000",Quick Commerce,4,Happy,Attractive Packaging,Food/Snacks,Yes
24,Female,Unemployed,"₹5,000 - ₹15,000",E-commerce Website,4,Happy,Free Shipping Threshold,Clothing,No
28,Female,Employed,"Under ₹2,000",Physical In-Store,6,Happy,Limited Time Flash Sale,Gaming/Digital,No
32,Male,Unemployed,"₹2,000 - ₹5,000",Physical In-Store,4,Neutral,Limited Time Flash Sale,Clothing,Yes
23,Female,Student,"₹5,000 - ₹15,000",Physical In-Store,4,Bored,Heavy Discount,Clothing,No
40,Female,Student,"₹2,000 - ₹5,000",Physical In-Store,5,Bored,Limited Time Flash Sale,Gaming/Digital,Yes
19,Other,Student,"₹2,000 - ₹5,000",E-commerce Website,2,Happy,Heavy Discount,Food/Snacks,No
18,Female,Employed,"Under ₹2,000",E-commerce Website,6,Stressed,Free Shipping Threshold,Electronics,Yes
36,Female,Employed,"Under ₹2,000",E-commerce Website,5,Stressed,Limited Time Flash Sale,Gaming/Digital,Yes
18,Female,Employed,"Under ₹2,000",E-commerce Website,7,Stressed,Limited Time Flash Sale,Food/Snacks,Yes
26,Male,Self-employed,"Above ₹15,000",E-commerce Website,5,Neutral,Limited Time Flash Sale,Electronics,No
52,Male,Employed,"Under ₹2,000",Social Media Stores,3,Bored,Free Shipping Threshold,Gaming/Digital,Yes
27,Female,Employed,"₹5,000 - ₹15,000",E-commerce Website,3,Neutral,Heavy Discount,Beauty/Cosmetics,Yes
19,Male,Employed,"₹5,000 - ₹15,000",Quick Commerce,5,Stressed,Free Shipping Threshold,Clothing,Yes
27,Male,Student,"₹5,000 - ₹15,000",E-commerce Website,4,Sad,Attractive Packaging,Electronics,No
27,Female,Employed,"₹5,000 - ₹15,000",Social Media Stores,5,Bored,Limited Time Flash Sale,Electronics,No
29,Male,Student,"₹5,000 - ₹15,000",Physical In-Store,4,Bored,Heavy Discount,Gaming/Digital,No
33,Female,Student,"₹2,000 - ₹5,000",E-commerce Website,1,Bored,Heavy Discount,Gaming/Digital,No
19,Female,Employed,"₹2,000 - ₹5,000",E-commerce Website,7,Neutral,Limited Time Flash Sale,Gaming/Digital,No
41,Male,Self-employed,"Above ₹15,000",Quick Commerce,8,Sad,Attractive Packaging,Electronics,No
29,Male,Employed,"Above ₹15,000",Quick Commerce,4,Neutral,Heavy Discount,Beauty/Cosmetics,Yes
33,Male,Employed,"₹5,000 - ₹15,000",Social Media Stores,6,Happy,Attractive Packaging,Electronics,No
22,Male,Employed,"Under ₹2,000",Social Media Stores,6,Happy,Attractive Packaging,Gaming/Digital,Yes
38,Male,Student,"₹2,000 - ₹5,000",Social Media Stores,4,Happy,Social Media Ad,Electronics,No
25,Male,Self-employed,"₹2,000 - ₹5,000",Physical In-Store,3,Bored,Social Media Ad,Beauty/Cosmetics,Yes
30,Male,Employed,"₹5,000 - ₹15,000",Social Media Stores,4,Bored,Social Media Ad,Clothing,No
20,Male,Student,"₹5,000 - ₹15,000",E-commerce Website,5,Happy,Heavy Discount,Electronics,Yes
20,Female,Employed,"₹5,000 - ₹15,000",Social Media Stores,7,Happy,Free Shipping Threshold,Beauty/Cosmetics,Yes
33,Female,Student,"₹5,000 - ₹15,000",Physical In-Store,3,Bored,Heavy Discount,Gaming/Digital,Yes
24,Female,Student,"Under ₹2,000",E-commerce Website,9,Happy,Attractive Packaging,Gaming/Digital,No
21,Female,Student,"₹5,000 - ₹15,000",E-commerce Website,1,Neutral,Free Shipping Threshold,Clothing,Yes
22,Male,Student,"₹2,000 - ₹5,000",E-commerce Website,3,Neutral,Heavy Discount,Clothing,Yes
33,Female,Employed,"₹5,000 - ₹15,000",Social Media Stores,4,Happy,Social Media Ad,Beauty/Cosmetics,Yes
22,Male,Employed,"Under ₹2,000",E-commerce Website,8,Stressed,Social Media Ad,Gaming/Digital,No
27,Male,Employed,"Under ₹2,000",Quick Commerce,9,Bored,Heavy Discount,Food/Snacks,Yes
28,Female,Employed,"Under ₹2,000",E-commerce Website,3,Neutral,Free Shipping Threshold,Clothing,No
18,Male,Employed,"Above ₹15,000",Social Media Stores,4,Stressed,Attractive Packaging,Gaming/Digital,Yes
18,Male,Student,"₹5,000 - ₹15,000",Quick Commerce,6,Happy,Limited Time Flash Sale,Food/Snacks,Yes
30,Female,Employed,"₹2,000 - ₹5,000",E-commerce Website,5,Neutral,Free Shipping Threshold,Gaming/Digital,Yes
22,Female,Student,"₹5,000 - ₹15,000",Social Media Stores,5,Stressed,Attractive Packaging,Beauty/Cosmetics,Yes
36,Male,Employed,"₹5,000 - ₹15,000",E-commerce Website,3,Sad,Attractive Packaging,Gaming/Digital,No
35,Male,Employed,"₹5,000 - ₹15,000",E-commerce Website,4,Neutral,Social Media Ad,Electronics,No
33,Female,Employed,"₹2,000 - ₹5,000",Physical In-Store,7,Bored,Heavy Discount,Food/Snacks,Yes
42,Female,Self-employed,"Under ₹2,000",Social Media Stores,7,Bored,Heavy Discount,Food/Snacks,Yes
27,Male,Employed,"₹2,000 - ₹5,000",E-commerce Website,5,Neutral,Free Shipping Threshold,Gaming/Digital,No
33,Female,Student,"Under ₹2,000",Physical In-Store,6,Neutral,Limited Time Flash Sale,Gaming/Digital,Yes
23,Other,Student,"₹5,000 - ₹15,000",E-commerce Website,5,Stressed,Heavy Discount,Food/Snacks,Yes
47,Male,Self-employed,"₹2,000 - ₹5,000",E-commerce Website,5,Happy,Heavy Discount,Gaming/Digital,Yes
43,Female,Employed,"₹2,000 - ₹5,000",Social Media Stores,6,Sad,Social Media Ad,Food/Snacks,Yes
28,Other,Self-employed,"₹2,000 - ₹5,000",E-commerce Website,9,Bored,Limited Time Flash Sale,Food/Snacks,Yes
31,Male,Employed,"Under ₹2,000",E-commerce Website,4,Bored,Heavy Discount,Beauty/Cosmetics,No
38,Female,Unemployed,"Above ₹15,000",E-commerce Website,6,Neutral,Limited Time Flash Sale,Food/Snacks,Yes
26,Male,Self-employed,"Above ₹15,000",E-commerce Website,8,Sad,Attractive Packaging,Gaming/Digital,Yes
22,Female,Employed,"Under ₹2,000",Quick Commerce,6,Sad,Attractive Packaging,Gaming/Digital,No
34,Female,Student,"₹5,000 - ₹15,000",E-commerce Website,4,Happy,Heavy Discount,Gaming/Digital,Yes
28,Male,Employed,"₹2,000 - ₹5,000",Quick Commerce,5,Happy,Limited Time Flash Sale,Gaming/Digital,Yes
29,Female,Self-employed,"₹5,000 - ₹15,000",E-commerce Website,2,Neutral,Limited Time Flash Sale,Food/Snacks,Yes
21,Female,Self-employed,"Under ₹2,000",E-commerce Website,7,Happy,Heavy Discount,Food/Snacks,Yes
18,Male,Student,"Under ₹2,000",Social Media Stores,3,Bored,Heavy Discount,Electronics,Yes
29,Male,Employed,"Above ₹15,000",Social Media Stores,3,Stressed,Social Media Ad,Electronics,Yes
35,Male,Self-employed,"Above ₹15,000",Quick Commerce,6,Stressed,Free Shipping Threshold,Clothing,Yes
26,Female,Employed,"₹2,000 - ₹5,000",E-commerce Website,8,Bored,Heavy Discount,Electronics,No
39,Other,Self-employed,"Above ₹15,000",E-commerce Website,5,Neutral,Limited Time Flash Sale,Gaming/Digital,No
22,Female,Self-employed,"₹5,000 - ₹15,000",Quick Commerce,6,Happy,Limited Time Flash Sale,Clothing,No
19,Male,Self-employed,"Under ₹2,000",E-commerce Website,7,Happy,Attractive Packaging,Electronics,No
27,Female,Student,"₹2,000 - ₹5,000",Physical In-Store,3,Neutral,Heavy Discount,Gaming/Digital,No
27,Male,Student,"Under ₹2,000",E-commerce Website,9,Bored,Social Media Ad,Clothing,Yes
34,Male,Student,"₹5,000 - ₹15,000",E-commerce Website,6,Stressed,Social Media Ad,Electronics,Yes
21,Female,Self-employed,"Above ₹15,000",E-commerce Website,7,Bored,Free Shipping Threshold,Gaming/Digital,No
38,Female,Employed,"₹5,000 - ₹15,000",Quick Commerce,9,Stressed,Social Media Ad,Beauty/Cosmetics,No
43,Female,Student,"₹5,000 - ₹15,000",E-commerce Website,10,Bored,Free Shipping Threshold,Beauty/Cosmetics,No
27,Other,Employed,"₹5,000 - ₹15,000",Social Media Stores,5,Bored,Heavy Discount,Food/Snacks,Yes
37,Female,Employed,"₹2,000 - ₹5,000",E-commerce Website,6,Stressed,Limited Time Flash Sale,Food/Snacks,Yes
19,Female,Self-employed,"₹2,000 - ₹5,000",E-commerce Website,8,Bored,Heavy Discount,Clothing,Yes
36,Male,Employed,"₹2,000 - ₹5,000",E-commerce Website,3,Neutral,Free Shipping Threshold,Gaming/Digital,No
36,Other,Employed,"₹5,000 - ₹15,000",E-commerce Website,5,Bored,Limited Time Flash Sale,Food/Snacks,Yes
34,Female,Student,"Above ₹15,000",E-commerce Website,3,Happy,Heavy Discount,Electronics,Yes
27,Female,Self-employed,"₹2,000 - ₹5,000",Social Media Stores,6,Neutral,Heavy Discount,Clothing,No
18,Male,Student,"₹2,000 - ₹5,000",Social Media Stores,2,Neutral,Attractive Packaging,Food/Snacks,Yes
22,Female,Employed,"₹5,000 - ₹15,000",E-commerce Website,5,Neutral,Free Shipping Threshold,Gaming/Digital,Yes
22,Female,Student,"Under ₹2,000",Physical In-Store,4,Happy,Limited Time Flash Sale,Electronics,No
20,Male,Student,"₹5,000 - ₹15,000",Physical In-Store,5,Stressed,Social Media Ad,Electronics,Yes
28,Female,Student,"Under ₹2,000",E-commerce Website,9,Happy,Attractive Packaging,Electronics,No
24,Female,Employed,"₹5,000 - ₹15,000",Quick Commerce,6,Happy,Attractive Packaging,Gaming/Digital,No
21,Male,Employed,"₹5,000 - ₹15,000",E-commerce Website,1,Happy,Heavy Discount,Beauty/Cosmetics,No
19,Male,Student,"₹2,000 - ₹5,000",E-commerce Website,8,Stressed,Limited Time Flash Sale,Electronics,Yes
22,Female,Student,"₹5,000 - ₹15,000",Quick Commerce,8,Neutral,Limited Time Flash Sale,Beauty/Cosmetics,Yes
36,Male,Self-employed,"₹2,000 - ₹5,000",E-commerce Website,5,Happy,Attractive Packaging,Clothing,Yes
22,Female,Student,"Under ₹2,000",E-commerce Website,5,Happy,Social Media Ad,Electronics,No
23,Female,Student,"₹2,000 - ₹5,000",E-commerce Website,3,Stressed,Attractive Packaging,Gaming/Digital,Yes
24,Male,Employed,"Above ₹15,000",E-commerce Website,9,Bored,Heavy Discount,Gaming/Digital,Yes
30,Female,Self-employed,"Under ₹2,000",Quick Commerce,4,Bored,Social Media Ad,Electronics,Yes
31,Female,Student,"₹2,000 - ₹5,000",E-commerce Website,5,Happy,Free Shipping Threshold,Food/Snacks,Yes
18,Female,Unemployed,"₹5,000 - ₹15,000",Physical In-Store,5,Bored,Limited Time Flash Sale,Food/Snacks,Yes
36,Female,Employed,"₹2,000 - ₹5,000",E-commerce Website,0,Neutral,Limited Time Flash Sale,Beauty/Cosmetics,No
39,Female,Employed,"Under ₹2,000",E-commerce Website,6,Stressed,Free Shipping Threshold,Electronics,Yes
19,Male,Student,"₹2,000 - ₹5,000",E-commerce Website,10,Neutral,Free Shipping Threshold,Beauty/Cosmetics,Yes
20,Male,Employed,"₹5,000 - ₹15,000",Quick Commerce,5,Stressed,Social Media Ad,Electronics,Yes
24,Male,Student,"Above ₹15,000",E-commerce Website,3,Bored,Limited Time Flash Sale,Beauty/Cosmetics,Yes
21,Male,Employed,"Under ₹2,000",Social Media Stores,6,Bored,Heavy Discount,Clothing,Yes
29,Female,Student,"₹5,000 - ₹15,000",E-commerce Website,8,Bored,Limited Time Flash Sale,Gaming/Digital,Yes
18,Female,Employed,"Under ₹2,000",E-commerce Website,8,Stressed,Social Media Ad,Food/Snacks,Yes
19,Female,Self-employed,"₹5,000 - ₹15,000",Social Media Stores,6,Stressed,Attractive Packaging,Food/Snacks,Yes
40,Male,Employed,"Under ₹2,000",Quick Commerce,4,Bored,Social Media Ad,Clothing,Yes
20,Male,Student,"Under ₹2,000",E-commerce Website,5,Happy,Free Shipping Threshold,Gaming/Digital,No
37,Female,Employed,"₹5,000 - ₹15,000",E-commerce Website,2,Bored,Social Media Ad,Food/Snacks,No
30,Male,Employed,"Under ₹2,000",E-commerce Website,5,Happy,Attractive Packaging,Clothing,No
18,Female,Student,"₹2,000 - ₹5,000",E-commerce Website,9,Happy,Social Media Ad,Food/Snacks,Yes
33,Male,Employed,"Above ₹15,000",E-commerce Website,4,Happy,Heavy Discount,Food/Snacks,No
27,Female,Student,"Above ₹15,000",Social Media Stores,7,Happy,Free Shipping Threshold,Electronics,Yes
24,Female,Employed,"Under ₹2,000",E-commerce Website,3,Bored,Attractive Packaging,Clothing,No
29,Female,Employed,"₹5,000 - ₹15,000",E-commerce Website,6,Happy,Social Media Ad,Gaming/Digital,Yes
31,Male,Student,"₹5,000 - ₹15,000",E-commerce Website,2,Neutral,Heavy Discount,Gaming/Digital,Yes
33,Female,Student,"₹2,000 - ₹5,000",E-commerce Website,3,Neutral,Limited Time Flash Sale,Food/Snacks,Yes
37,Female,Student,"Above ₹15,000",E-commerce Website,4,Stressed,Social Media Ad,Electronics,No
31,Female,Unemployed,"₹5,000 - ₹15,000",Social Media Stores,7,Sad,Social Media Ad,Clothing,Yes
18,Male,Employed,"₹5,000 - ₹15,000",E-commerce Website,3,Stressed,Limited Time Flash Sale,Gaming/Digital,Yes
24,Male,Student,"₹2,000 - ₹5,000",Social Media Stores,1,Bored,Limited Time Flash Sale,Beauty/Cosmetics,Yes
51,Male,Employed,"₹2,000 - ₹5,000",E-commerce Website,8,Sad,Heavy Discount,Beauty/Cosmetics,No
33,Male,Student,"₹2,000 - ₹5,000",Quick Commerce,4,Stressed,Attractive Packaging,Clothing,Yes
46,Female,Employed,"₹2,000 - ₹5,000",Quick Commerce,8,Neutral,Social Media Ad,Electronics,Yes
39,Male,Employed,"Under ₹2,000",E-commerce Website,5,Stressed,Free Shipping Threshold,Beauty/Cosmetics,No
29,Male,Unemployed,"Under ₹2,000",E-commerce Website,1,Bored,Social Media Ad,Beauty/Cosmetics,Yes
30,Female,Student,"Under ₹2,000",Social Media Stores,8,Neutral,Attractive Packaging,Food/Snacks,No
27,Female,Employed,"₹2,000 - ₹5,000",E-commerce Website,4,Bored,Limited Time Flash Sale,Beauty/Cosmetics,Yes
18,Female,Employed,"₹2,000 - ₹5,000",E-commerce Website,4,Stressed,Heavy Discount,Food/Snacks,Yes
28,Other,Self-employed,"₹2,000 - ₹5,000",E-commerce Website,6,Sad,Social Media Ad,Electronics,No
37,Male,Employed,"₹2,000 - ₹5,000",Social Media Stores,7,Neutral,Limited Time Flash Sale,Clothing,No
23,Female,Employed,"₹5,000 - ₹15,000",E-commerce Website,3,Bored,Attractive Packaging,Beauty/Cosmetics,No
31,Male,Employed,"₹2,000 - ₹5,000",E-commerce Website,11,Bored,Free Shipping Threshold,Beauty/Cosmetics,No
34,Male,Employed,"Above ₹15,000",Quick Commerce,11,Stressed,Free Shipping Threshold,Beauty/Cosmetics,No
20,Male,Self-employed,"₹5,000 - ₹15,000",E-commerce Website,8,Stressed,Free Shipping Threshold,Clothing,Yes
24,Male,Self-employed,"₹5,000 - ₹15,000",Social Media Stores,3,Sad,Limited Time Flash Sale,Clothing,Yes
19,Male,Employed,"Above ₹15,000",Social Media Stores,5,Bored,Social Media Ad,Beauty/Cosmetics,No
21,Male,Employed,"Under ₹2,000",E-commerce Website,2,Happy,Limited Time Flash Sale,Food/Snacks,No
18,Female,Self-employed,"₹2,000 - ₹5,000",Social Media Stores,3,Sad,Attractive Packaging,Gaming/Digital,No
20,Female,Student,"₹2,000 - ₹5,000",E-commerce Website,8,Neutral,Attractive Packaging,Clothing,Yes
39,Other,Student,"₹2,000 - ₹5,000",Social Media Stores,5,Happy,Social Media Ad,Gaming/Digital,Yes
20,Female,Employed,"Under ₹2,000",Social Media Stores,4,Neutral,Free Shipping Threshold,Gaming/Digital,Yes
29,Male,Student,"₹5,000 - ₹15,000",E-commerce Website,7,Sad,Attractive Packaging,Food/Snacks,Yes
23,Male,Unemployed,"Under ₹2,000",E-commerce Website,8,Bored,Free Shipping Threshold,Gaming/Digital,No
37,Male,Employed,"Above ₹15,000",Social Media Stores,8,Neutral,Heavy Discount,Food/Snacks,Yes
38,Male,Employed,"₹5,000 - ₹15,000",E-commerce Website,4,Bored,Free Shipping Threshold,Food/Snacks,Yes
34,Female,Employed,"₹5,000 - ₹15,000",Social Media Stores,9,Bored,Limited Time Flash Sale,Gaming/Digital,Yes
30,Female,Employed,"Under ₹2,000",E-commerce Website,3,Sad,Limited Time Flash Sale,Beauty/Cosmetics,No
26,Male,Employed,"₹5,000 - ₹15,000",Social Media Stores,5,Happy,Heavy Discount,Electronics,No
18,Male,Student,"₹2,000 - ₹5,000",E-commerce Website,5,Bored,Social Media Ad,Food/Snacks,Yes
43,Male,Employed,"₹2,000 - ₹5,000",Social Media Stores,5,Bored,Heavy Discount,Electronics,Yes
21,Male,Employed,"₹5,000 - ₹15,000",E-commerce Website,1,Bored,Limited Time Flash Sale,Beauty/Cosmetics,No
33,Male,Student,"₹2,000 - ₹5,000",E-commerce Website,1,Neutral,Limited Time Flash Sale,Beauty/Cosmetics,No
36,Female,Employed,"₹2,000 - ₹5,000",Social Media Stores,1,Happy,Limited Time Flash Sale,Electronics,Yes
23,Male,Student,"₹5,000 - ₹15,000",E-commerce Website,6,Sad,Social Media Ad,Beauty/Cosmetics,Yes
36,Female,Unemployed,"Under ₹2,000",Quick Commerce,3,Bored,Social Media Ad,Gaming/Digital,Yes
34,Male,Employed,"₹5,000 - ₹15,000",Social Media Stores,6,Stressed,Free Shipping Threshold,Beauty/Cosmetics,No
41,Male,Unemployed,"₹5,000 - ₹15,000",Quick Commerce,5,Happy,Attractive Packaging,Electronics,No
24,Female,Employed,"₹2,000 - ₹5,000",E-commerce Website,9,Happy,Attractive Packaging,Gaming/Digital,No
18,Female,Unemployed,"₹5,000 - ₹15,000",Physical In-Store,8,Stressed,Limited Time Flash Sale,Electronics,Yes
23,Male,Student,"Above ₹15,000",E-commerce Website,3,Bored,Attractive Packaging,Electronics,Yes
29,Female,Student,"₹2,000 - ₹5,000",E-commerce Website,4,Sad,Attractive Packaging,Food/Snacks,No
28,Male,Student,"₹2,000 - ₹5,000",E-commerce Website,8,Happy,Heavy Discount,Beauty/Cosmetics,No
24,Male,Employed,"₹5,000 - ₹15,000",Social Media Stores,12,Stressed,Social Media Ad,Clothing,No
18,Female,Student,"₹5,000 - ₹15,000",Social Media Stores,9,Neutral,Attractive Packaging,Beauty/Cosmetics,Yes
31,Female,Employed,"₹5,000 - ₹15,000",Physical In-Store,3,Neutral,Heavy Discount,Clothing,Yes
43,Male,Employed,"₹2,000 - ₹5,000",Social Media Stores,8,Stressed,Free Shipping Threshold,Clothing,Yes
31,Male,Employed,"Under ₹2,000",E-commerce Website,5,Bored,Free Shipping Threshold,Beauty/Cosmetics,Yes
32,Female,Employed,"Above ₹15,000",E-commerce Website,6,Neutral,Free Shipping Threshold,Beauty/Cosmetics,No
32,Male,Student,"₹2,000 - ₹5,000",E-commerce Website,4,Stressed,Free Shipping Threshold,Clothing,No
31,Male,Employed,"₹5,000 - ₹15,000",E-commerce Website,8,Happy,Attractive Packaging,Clothing,No
35,Female,Employed,"₹5,000 - ₹15,000",Social Media Stores,6,Happy,Social Media Ad,Clothing,No
31,Female,Self-employed,"₹2,000 - ₹5,000",Social Media Stores,3,Sad,Limited Time Flash Sale,Beauty/Cosmetics,Yes
25,Male,Employed,"₹5,000 - ₹15,000",E-commerce Website,5,Happy,Limited Time Flash Sale,Beauty/Cosmetics,Yes
21,Female,Unemployed,"Under ₹2,000",Social Media Stores,4,Stressed,Limited Time Flash Sale,Electronics,Yes
26,Female,Employed,"Above ₹15,000",E-commerce Website,6,Bored,Heavy Discount,Clothing,Yes
30,Male,Unemployed,"Under ₹2,000",Quick Commerce,3,Bored,Heavy Discount,Beauty/Cosmetics,Yes
25,Female,Student,"₹2,000 - ₹5,000",Social Media Stores,7,Bored,Free Shipping Threshold,Gaming/Digital,No
30,Other,Employed,"₹5,000 - ₹15,000",Social Media Stores,8,Neutral,Heavy Discount,Electronics,Yes
31,Male,Self-employed,"₹5,000 - ₹15,000",E-commerce Website,3,Neutral,Attractive Packaging,Electronics,No
34,Male,Student,"Under ₹2,000",E-commerce Website,1,Stressed,Social Media Ad,Food/Snacks,No
38,Female,Employed,"₹2,000 - ₹5,000",E-commerce Website,7,Bored,Social Media Ad,Electronics,Yes
28,Female,Self-employed,"₹2,000 - ₹5,000",E-commerce Website,2,Stressed,Heavy Discount,Food/Snacks,No
18,Male,Employed,"₹2,000 - ₹5,000",E-commerce Website,6,Bored,Free Shipping Threshold,Electronics,Yes
25,Female,Student,"₹5,000 - ₹15,000",E-commerce Website,3,Happy,Social Media Ad,Gaming/Digital,No
28,Female,Employed,"Under ₹2,000",Social Media Stores,4,Bored,Limited Time Flash Sale,Beauty/Cosmetics,No
18,Female,Student,"₹5,000 - ₹15,000",Physical In-Store,4,Stressed,Attractive Packaging,Electronics,No
39,Female,Self-employed,"₹5,000 - ₹15,000",Quick Commerce,2,Neutral,Heavy Discount,Electronics,Yes
29,Male,Student,"Above ₹15,000",E-commerce Website,3,Happy,Heavy Discount,Food/Snacks,Yes
31,Male,Student,"₹5,000 - ₹15,000",Quick Commerce,6,Bored,Heavy Discount,Beauty/Cosmetics,No
38,Female,Student,"₹2,000 - ₹5,000",Quick Commerce,1,Bored,Attractive Packaging,Clothing,Yes
22,Male,Employed,"₹2,000 - ₹5,000",E-commerce Website,5,Sad,Attractive Packaging,Gaming/Digital,No
32,Female,Unemployed,"Above ₹15,000",Quick Commerce,5,Bored,Heavy Discount,Clothing,Yes
27,Male,Student,"Above ₹15,000",Quick Commerce,5,Bored,Attractive Packaging,Clothing,No
26,Male,Student,"₹2,000 - ₹5,000",Physical In-Store,4,Happy,Limited Time Flash Sale,Gaming/Digital,Yes
21,Female,Employed,"Above ₹15,000",Quick Commerce,5,Neutral,Social Media Ad,Food/Snacks,No
41,Female,Self-employed,"₹5,000 - ₹15,000",Physical In-Store,4,Happy,Free Shipping Threshold,Beauty/Cosmetics,No
24,Female,Employed,"Above ₹15,000",E-commerce Website,1,Happy,Attractive Packaging,Gaming/Digital,No
33,Female,Employed,"₹5,000 - ₹15,000",E-commerce Website,1,Neutral,Limited Time Flash Sale,Clothing,No
18,Male,Employed,"Above ₹15,000",Physical In-Store,3,Stressed,Limited Time Flash Sale,Food/Snacks,Yes
37,Male,Student,"Above ₹15,000",E-commerce Website,3,Bored,Heavy Discount,Beauty/Cosmetics,Yes
36,Female,Employed,"Under ₹2,000",Quick Commerce,7,Happy,Free Shipping Threshold,Electronics,No
28,Male,Employed,"Above ₹15,000",Quick Commerce,4,Bored,Social Media Ad,Beauty/Cosmetics,Yes
26,Female,Self-employed,"₹2,000 - ₹5,000",Social Media Stores,6,Bored,Attractive Packaging,Food/Snacks,Yes
31,Female,Self-employed,"₹2,000 - ₹5,000",E-commerce Website,6,Bored,Attractive Packaging,Beauty/Cosmetics,Yes
46,Male,Employed,"₹5,000 - ₹15,000",Quick Commerce,7,Bored,Heavy Discount,Clothing,Yes
18,Female,Employed,"₹5,000 - ₹15,000",E-commerce Website,4,Sad,Limited Time Flash Sale,Electronics,No
34,Male,Employed,"Above ₹15,000",Quick Commerce,4,Happy,Free Shipping Threshold,Beauty/Cosmetics,Yes
20,Female,Student,"₹2,000 - ₹5,000",E-commerce Website,5,Stressed,Social Media Ad,Beauty/Cosmetics,Yes
27,Male,Employed,"₹2,000 - ₹5,000",Quick Commerce,2,Bored,Limited Time Flash Sale,Clothing,Yes
26,Male,Employed,"Under ₹2,000",Social Media Stores,2,Bored,Social Media Ad,Food/Snacks,Yes
24,Female,Self-employed,"₹2,000 - ₹5,000",Quick Commerce,3,Bored,Social Media Ad,Electronics,Yes
27,Female,Student,"₹5,000 - ₹15,000",Quick Commerce,2,Happy,Free Shipping Threshold,Electronics,No
18,Female,Employed,"₹2,000 - ₹5,000",Quick Commerce,4,Happy,Limited Time Flash Sale,Electronics,No
36,Female,Employed,"₹2,000 - ₹5,000",Social Media Stores,8,Sad,Free Shipping Threshold,Gaming/Digital,Yes
18,Female,Student,"₹2,000 - ₹5,000",Quick Commerce,8,Bored,Heavy Discount,Gaming/Digital,Yes
32,Male,Employed,"₹5,000 - ₹15,000",Social Media Stores,5,Neutral,Heavy Discount,Electronics,Yes
25,Female,Self-employed,"Under ₹2,000",E-commerce Website,3,Happy,Heavy Discount,Gaming/Digital,No
18,Female,Self-employed,"₹5,000 - ₹15,000",Social Media Stores,5,Stressed,Social Media Ad,Beauty/Cosmetics,Yes
29,Male,Employed,"₹2,000 - ₹5,000",E-commerce Website,3,Stressed,Limited Time Flash Sale,Beauty/Cosmetics,No
18,Female,Student,"Under ₹2,000",Quick Commerce,5,Neutral,Attractive Packaging,Electronics,Yes
28,Female,Self-employed,"Above ₹15,000",Physical In-Store,3,Happy,Attractive Packaging,Electronics,No
18,Male,Employed,"₹2,000 - ₹5,000",Quick Commerce,10,Sad,Heavy Discount,Electronics,Yes
31,Female,Employed,"₹5,000 - ₹15,000",E-commerce Website,5,Stressed,Heavy Discount,Gaming/Digital,Yes
20,Male,Student,"₹5,000 - ₹15,000",E-commerce Website,8,Happy,Attractive Packaging,Electronics,No
24,Male,Student,"₹5,000 - ₹15,000",Quick Commerce,2,Neutral,Heavy Discount,Clothing,Yes
30,Male,Student,"₹5,000 - ₹15,000",Physical In-Store,3,Happy,Heavy Discount,Beauty/Cosmetics,No
21,Female,Employed,"₹5,000 - ₹15,000",E-commerce Website,7,Happy,Heavy Discount,Beauty/Cosmetics,Yes
27,Male,Student,"₹5,000 - ₹15,000",Social Media Stores,6,Stressed,Heavy Discount,Food/Snacks,No
18,Female,Student,"₹2,000 - ₹5,000",E-commerce Website,4,Bored,Social Media Ad,Beauty/Cosmetics,Yes
33,Female,Employed,"₹2,000 - ₹5,000",E-commerce Website,4,Neutral,Heavy Discount,Beauty/Cosmetics,No
42,Female,Employed,"Above ₹15,000",Social Media Stores,8,Bored,Attractive Packaging,Electronics,Yes
50,Female,Student,"Above ₹15,000",Quick Commerce,7,Bored,Limited Time Flash Sale,Food/Snacks,No
28,Female,Student,"₹2,000 - ₹5,000",E-commerce Website,3,Sad,Free Shipping Threshold,Clothing,Yes
34,Female,Student,"Under ₹2,000",E-commerce Website,6,Sad,Attractive Packaging,Clothing,Yes
18,Female,Employed,"₹2,000 - ₹5,000",E-commerce Website,2,Bored,Limited Time Flash Sale,Electronics,Yes
40,Female,Student,"₹5,000 - ₹15,000",E-commerce Website,1,Happy,Attractive Packaging,Electronics,No
34,Female,Employed,"Under ₹2,000",E-commerce Website,9,Neutral,Heavy Discount,Clothing,Yes
24,Female,Student,"₹5,000 - ₹15,000",E-commerce Website,4,Neutral,Attractive Packaging,Clothing,No
37,Male,Student,"Above ₹15,000",E-commerce Website,6,Bored,Heavy Discount,Electronics,Yes
25,Female,Employed,"Above ₹15,000",Quick Commerce,13,Bored,Free Shipping Threshold,Beauty/Cosmetics,Yes
24,Male,Student,"Under ₹2,000",E-commerce Website,5,Happy,Attractive Packaging,Clothing,No
31,Male,Student,"Above ₹15,000",E-commerce Website,6,Stressed,Attractive Packaging,Food/Snacks,Yes
19,Female,Employed,"₹5,000 - ₹15,000",Social Media Stores,6,Bored,Free Shipping Threshold,Clothing,No
36,Other,Employed,"Under ₹2,000",Physical In-Store,5,Bored,Social Media Ad,Gaming/Digital,Yes
19,Other,Employed,"₹2,000 - ₹5,000",Social Media Stores,6,Neutral,Limited Time Flash Sale,Food/Snacks,No
19,Female,Student,"₹5,000 - ₹15,000",E-commerce Website,5,Stressed,Free Shipping Threshold,Beauty/Cosmetics,Yes
20,Female,Self-employed,"Above ₹15,000",E-commerce Website,5,Bored,Attractive Packaging,Clothing,Yes
34,Male,Self-employed,"Under ₹2,000",E-commerce Website,4,Bored,Heavy Discount,Electronics,Yes
23,Female,Employed,"Under ₹2,000",E-commerce Website,4,Happy,Limited Time Flash Sale,Food/Snacks,No
18,Male,Employed,"₹2,000 - ₹5,000",Quick Commerce,1,Happy,Free Shipping Threshold,Electronics,No
23,Male,Self-employed,"Above ₹15,000",Quick Commerce,6,Stressed,Attractive Packaging,Gaming/Digital,Yes
27,Female,Student,"Above ₹15,000",E-commerce Website,4,Stressed,Social Media Ad,Clothing,No
18,Male,Student,"₹2,000 - ₹5,000",E-commerce Website,3,Bored,Limited Time Flash Sale,Clothing,Yes
18,Male,Student,"₹2,000 - ₹5,000",Physical In-Store,5,Sad,Limited Time Flash Sale,Food/Snacks,No
44,Female,Self-employed,"Above ₹15,000",Social Media Stores,1,Sad,Attractive Packaging,Beauty/Cosmetics,Yes
21,Male,Employed,"₹5,000 - ₹15,000",E-commerce Website,9,Bored,Free Shipping Threshold,Electronics,Yes
25,Male,Self-employed,"Above ₹15,000",Physical In-Store,5,Bored,Limited Time Flash Sale,Electronics,Yes
25,Male,Student,"Above ₹15,000",E-commerce Website,5,Bored,Free Shipping Threshold,Electronics,Yes
24,Male,Self-employed,"₹2,000 - ₹5,000",E-commerce Website,4,Bored,Attractive Packaging,Gaming/Digital,Yes
32,Male,Self-employed,"₹5,000 - ₹15,000",E-commerce Website,7,Neutral,Limited Time Flash Sale,Beauty/Cosmetics,No
35,Female,Self-employed,"Under ₹2,000",Social Media Stores,8,Happy,Limited Time Flash Sale,Beauty/Cosmetics,Yes
25,Male,Employed,"₹5,000 - ₹15,000",Quick Commerce,5,Bored,Limited Time Flash Sale,Electronics,Yes
18,Female,Self-employed,"₹5,000 - ₹15,000",Social Media Stores,7,Neutral,Heavy Discount,Electronics,No
38,Male,Unemployed,"Above ₹15,000",E-commerce Website,2,Happy,Social Media Ad,Clothing,No
27,Female,Employed,"Above ₹15,000",E-commerce Website,6,Sad,Attractive Packaging,Food/Snacks,No
41,Female,Employed,"Under ₹2,000",E-commerce Website,3,Neutral,Attractive Packaging,Beauty/Cosmetics,Yes
18,Female,Employed,"Under ₹2,000",Social Media Stores,1,Neutral,Heavy Discount,Beauty/Cosmetics,No
29,Female,Employed,"₹2,000 - ₹5,000",E-commerce Website,1,Neutral,Limited Time Flash Sale,Gaming/Digital,No
43,Female,Employed,"Above ₹15,000",E-commerce Website,1,Neutral,Free Shipping Threshold,Electronics,No
25,Male,Student,"₹5,000 - ₹15,000",Social Media Stores,3,Sad,Heavy Discount,Gaming/Digital,No
26,Female,Employed,"Above ₹15,000",E-commerce Website,1,Bored,Limited Time Flash Sale,Gaming/Digital,Yes
30,Female,Student,"₹5,000 - ₹15,000",Physical In-Store,5,Bored,Heavy Discount,Clothing,Yes
23,Male,Student,"₹2,000 - ₹5,000",Physical In-Store,5,Stressed,Social Media Ad,Clothing,Yes
25,Male,Student,"Under ₹2,000",E-commerce Website,5,Neutral,Heavy Discount,Beauty/Cosmetics,No
25,Male,Self-employed,"₹2,000 - ₹5,000",E-commerce Website,3,Bored,Heavy Discount,Clothing,Yes
22,Female,Student,"₹5,000 - ₹15,000",E-commerce Website,2,Bored,Limited Time Flash Sale,Gaming/Digital,No
37,Male,Self-employed,"Above ₹15,000",Physical In-Store,6,Happy,Limited Time Flash Sale,Clothing,Yes
31,Male,Employed,"₹2,000 - ₹5,000",E-commerce Website,6,Bored,Attractive Packaging,Clothing,No
30,Female,Employed,"Above ₹15,000",Physical In-Store,7,Happy,Social Media Ad,Food/Snacks,Yes
34,Female,Student,"₹2,000 - ₹5,000",Quick Commerce,8,Sad,Social Media Ad,Gaming/Digital,No
25,Male,Student,"₹2,000 - ₹5,000",E-commerce Website,5,Stressed,Attractive Packaging,Electronics,Yes
21,Male,Employed,"₹5,000 - ₹15,000",Physical In-Store,2,Happy,Attractive Packaging,Electronics,No
23,Female,Student,"₹2,000 - ₹5,000",Social Media Stores,3,Happy,Attractive Packaging,Gaming/Digital,No
28,Female,Employed,"Above ₹15,000",E-commerce Website,4,Bored,Limited Time Flash Sale,Beauty/Cosmetics,No
19,Female,Unemployed,"₹2,000 - ₹5,000",E-commerce Website,6,Bored,Social Media Ad,Beauty/Cosmetics,Yes
23,Female,Student,"₹2,000 - ₹5,000",E-commerce Website,4,Bored,Heavy Discount,Electronics,No
23,Male,Employed,"₹5,000 - ₹15,000",Quick Commerce,11,Neutral,Limited Time Flash Sale,Food/Snacks,Yes
44,Male,Unemployed,"Above ₹15,000",Quick Commerce,0,Neutral,Heavy Discount,Beauty/Cosmetics,Yes
18,Female,Self-employed,"₹5,000 - ₹15,000",Social Media Stores,5,Stressed,Free Shipping Threshold,Food/Snacks,No
26,Female,Self-employed,"₹2,000 - ₹5,000",Social Media Stores,6,Bored,Limited Time Flash Sale,Clothing,Yes
41,Female,Self-employed,"₹2,000 - ₹5,000",E-commerce Website,4,Bored,Free Shipping Threshold,Food/Snacks,No
28,Female,Employed,"Under ₹2,000",Quick Commerce,3,Neutral,Heavy Discount,Clothing,No
34,Other,Self-employed,"Under ₹2,000",E-commerce Website,4,Bored,Social Media Ad,Food/Snacks,No
28,Male,Self-employed,"Above ₹15,000",E-commerce Website,1,Bored,Limited Time Flash Sale,Electronics,Yes
22,Male,Employed,"Under ₹2,000",E-commerce Website,6,Bored,Social Media Ad,Electronics,Yes
18,Male,Employed,"₹2,000 - ₹5,000",E-commerce Website,2,Sad,Free Shipping Threshold,Clothing,No
29,Male,Employed,"₹5,000 - ₹15,000",E-commerce Website,4,Sad,Attractive Packaging,Gaming/Digital,No
21,Male,Employed,"Above ₹15,000",E-commerce Website,3,Neutral,Social Media Ad,Electronics,No
21,Female,Student,"Under ₹2,000",Social Media Stores,7,Neutral,Limited Time Flash Sale,Clothing,No
24,Male,Employed,"₹2,000 - ₹5,000",E-commerce Website,4,Bored,Attractive Packaging,Gaming/Digital,Yes
41,Male,Employed,"₹2,000 - ₹5,000",Quick Commerce,4,Neutral,Social Media Ad,Beauty/Cosmetics,No
47,Male,Employed,"₹2,000 - ₹5,000",E-commerce Website,6,Neutral,Limited Time Flash Sale,Beauty/Cosmetics,Yes
29,Female,Student,"₹2,000 - ₹5,000",Social Media Stores,3,Happy,Attractive Packaging,Electronics,Yes
24,Female,Employed,"₹5,000 - ₹15,000",E-commerce Website,6,Bored,Free Shipping Threshold,Electronics,No
18,Female,Student,"Under ₹2,000",Quick Commerce,2,Bored,Free Shipping Threshold,Electronics,No
31,Other,Student,"₹2,000 - ₹5,000",Physical In-Store,4,Neutral,Social Media Ad,Electronics,No
42,Female,Employed,"Under ₹2,000",Physical In-Store,4,Neutral,Heavy Discount,Electronics,Yes
26,Male,Employed,"Above ₹15,000",Social Media Stores,5,Neutral,Limited Time Flash Sale,Beauty/Cosmetics,No
18,Male,Student,"₹5,000 - ₹15,000",Social Media Stores,7,Happy,Social Media Ad,Clothing,No
33,Male,Employed,"Above ₹15,000",E-commerce Website,4,Happy,Social Media Ad,Beauty/Cosmetics,Yes
35,Female,Employed,"Under ₹2,000",E-commerce Website,6,Sad,Heavy Discount,Beauty/Cosmetics,No
18,Male,Employed,"₹5,000 - ₹15,000",E-commerce Website,5,Stressed,Social Media Ad,Gaming/Digital,Yes
29,Male,Employed,"₹2,000 - ₹5,000",E-commerce Website,5,Neutral,Attractive Packaging,Electronics,No
31,Female,Student,"Under ₹2,000",Quick Commerce,3,Neutral,Attractive Packaging,Beauty/Cosmetics,Yes
27,Female,Employed,"₹5,000 - ₹15,000",E-commerce Website,4,Bored,Free Shipping Threshold,Beauty/Cosmetics,Yes
21,Female,Self-employed,"₹5,000 - ₹15,000",Social Media Stores,4,Bored,Heavy Discount,Beauty/Cosmetics,Yes
36,Male,Employed,"Above ₹15,000",Social Media Stores,5,Happy,Free Shipping Threshold,Beauty/Cosmetics,Yes
24,Female,Self-employed,"₹5,000 - ₹15,000",Physical In-Store,6,Happy,Attractive Packaging,Beauty/Cosmetics,No
18,Female,Employed,"Under ₹2,000",Physical In-Store,4,Bored,Attractive Packaging,Beauty/Cosmetics,Yes
18,Male,Employed,"₹2,000 - ₹5,000",E-commerce Website,5,Happy,Free Shipping Threshold,Gaming/Digital,No
38,Female,Self-employed,"₹2,000 - ₹5,000",Social Media Stores,8,Neutral,Social Media Ad,Food/Snacks,No
32,Other,Employed,"Under ₹2,000",E-commerce Website,4,Stressed,Free Shipping Threshold,Clothing,No
28,Male,Self-employed,"₹5,000 - ₹15,000",Physical In-Store,7,Sad,Limited Time Flash Sale,Beauty/Cosmetics,No
24,Male,Employed,"₹5,000 - ₹15,000",E-commerce Website,5,Sad,Free Shipping Threshold,Gaming/Digital,No
23,Female,Self-employed,"Above ₹15,000",Physical In-Store,5,Bored,Attractive Packaging,Beauty/Cosmetics,Yes
19,Male,Employed,"₹5,000 - ₹15,000",E-commerce Website,3,Stressed,Attractive Packaging,Electronics,Yes
24,Female,Self-employed,"₹5,000 - ₹15,000",E-commerce Website,3,Neutral,Attractive Packaging,Food/Snacks,No
18,Male,Student,"Under ₹2,000",E-commerce Website,5,Happy,Limited Time Flash Sale,Electronics,No
22,Female,Employed,"Under ₹2,000",Social Media Stores,8,Neutral,Heavy Discount,Food/Snacks,No
25,Female,Self-employed,"₹5,000 - ₹15,000",E-commerce Website,9,Neutral,Social Media Ad,Food/Snacks,No
32,Female,Student,"Above ₹15,000",Social Media Stores,4,Stressed,Free Shipping Threshold,Electronics,No
27,Male,Employed,"₹2,000 - ₹5,000",E-commerce Website,2,Stressed,Social Media Ad,Beauty/Cosmetics,Yes
34,Male,Self-employed,"₹5,000 - ₹15,000",Quick Commerce,3,Stressed,Limited Time Flash Sale,Food/Snacks,Yes
38,Male,Student,"₹5,000 - ₹15,000",Physical In-Store,3,Happy,Free Shipping Threshold,Gaming/Digital,No
36,Male,Employed,"Above ₹15,000",E-commerce Website,4,Neutral,Heavy Discount,Food/Snacks,No
31,Male,Employed,"₹2,000 - ₹5,000",Quick Commerce,6,Happy,Attractive Packaging,Electronics,Yes
28,Female,Employed,"₹5,000 - ₹15,000",Quick Commerce,6,Neutral,Attractive Packaging,Gaming/Digital,Yes
20,Male,Student,"₹2,000 - ₹5,000",E-commerce Website,8,Happy,Limited Time Flash Sale,Clothing,No
33,Female,Student,"₹5,000 - ₹15,000",E-commerce Website,6,Bored,Free Shipping Threshold,Food/Snacks,No
41,Male,Student,"₹2,000 - ₹5,000",Quick Commerce,7,Stressed,Limited Time Flash Sale,Beauty/Cosmetics,No
30,Female,Student,"₹2,000 - ₹5,000",E-commerce Website,2,Stressed,Attractive Packaging,Food/Snacks,No
43,Other,Student,"₹5,000 - ₹15,000",Quick Commerce,5,Neutral,Heavy Discount,Gaming/Digital,Yes
18,Male,Employed,"Under ₹2,000",Quick Commerce,4,Happy,Free Shipping Threshold,Gaming/Digital,No
18,Female,Employed,"₹5,000 - ₹15,000",E-commerce Website,3,Bored,Social Media Ad,Beauty/Cosmetics,Yes
34,Female,Employed,"₹5,000 - ₹15,000",Quick Commerce,3,Happy,Heavy Discount,Clothing,Yes
30,Female,Student,"Above ₹15,000",E-commerce Website,1,Happy,Heavy Discount,Beauty/Cosmetics,No
38,Female,Employed,"₹2,000 - ₹5,000",Social Media Stores,1,Happy,Limited Time Flash Sale,Food/Snacks,Yes
27,Male,Employed,"Under ₹2,000",E-commerce Website,3,Stressed,Limited Time Flash Sale,Gaming/Digital,Yes
21,Male,Self-employed,"₹2,000 - ₹5,000",Physical In-Store,10,Bored,Social Media Ad,Clothing,Yes
26,Male,Employed,"Under ₹2,000",Social Media Stores,3,Bored,Free Shipping Threshold,Electronics,Yes
18,Female,Self-employed,"₹5,000 - ₹15,000",E-commerce Website,7,Bored,Attractive Packaging,Gaming/Digital,No
18,Other,Student,"Under ₹2,000",Quick Commerce,9,Stressed,Attractive Packaging,Gaming/Digital,Yes
35,Female,Employed,"₹2,000 - ₹5,000",E-commerce Website,5,Sad,Limited Time Flash Sale,Electronics,No
34,Male,Employed,"Under ₹2,000",Physical In-Store,6,Happy,Attractive Packaging,Electronics,No
30,Female,Self-employed,"Under ₹2,000",E-commerce Website,3,Bored,Heavy Discount,Beauty/Cosmetics,Yes
18,Female,Employed,"Above ₹15,000",Quick Commerce,6,Neutral,Heavy Discount,Food/Snacks,Yes
25,Male,Employed,"Above ₹15,000",E-commerce Website,3,Stressed,Free Shipping Threshold,Electronics,Yes
18,Male,Student,"₹5,000 - ₹15,000",Quick Commerce,6,Sad,Free Shipping Threshold,Beauty/Cosmetics,Yes
37,Male,Employed,"₹2,000 - ₹5,000",E-commerce Website,10,Neutral,Heavy Discount,Clothing,No
23,Female,Student,"Above ₹15,000",E-commerce Website,7,Happy,Free Shipping Threshold,Clothing,No
19,Female,Student,"Above ₹15,000",Quick Commerce,6,Neutral,Attractive Packaging,Clothing,Yes
28,Male,Student,"Above ₹15,000",Physical In-Store,7,Happy,Social Media Ad,Gaming/Digital,Yes
22,Male,Unemployed,"₹5,000 - ₹15,000",E-commerce Website,4,Neutral,Heavy Discount,Beauty/Cosmetics,No
39,Female,Employed,"Under ₹2,000",Quick Commerce,9,Sad,Limited Time Flash Sale,Food/Snacks,No
22,Female,Self-employed,"Under ₹2,000",E-commerce Website,9,Bored,Free Shipping Threshold,Electronics,Yes
18,Female,Unemployed,"Above ₹15,000",Social Media Stores,4,Bored,Heavy Discount,Electronics,Yes
18,Female,Self-employed,"Above ₹15,000",Quick Commerce,3,Stressed,Social Media Ad,Gaming/Digital,Yes
27,Male,Self-employed,"₹2,000 - ₹5,000",E-commerce Website,3,Stressed,Limited Time Flash Sale,Beauty/Cosmetics,Yes
23,Female,Self-employed,"₹2,000 - ₹5,000",Quick Commerce,1,Stressed,Attractive Packaging,Clothing,No
18,Male,Student,"₹5,000 - ₹15,000",Social Media Stores,2,Happy,Attractive Packaging,Electronics,Yes
37,Female,Student,"₹5,000 - ₹15,000",Social Media Stores,4,Happy,Attractive Packaging,Clothing,Yes
33,Male,Employed,"₹5,000 - ₹15,000",E-commerce Website,3,Neutral,Attractive Packaging,Clothing,No
27,Female,Employed,"₹5,000 - ₹15,000",Quick Commerce,6,Stressed,Limited Time Flash Sale,Beauty/Cosmetics,Yes
38,Male,Student,"₹2,000 - ₹5,000",Social Media Stores,7,Bored,Social Media Ad,Beauty/Cosmetics,No
33,Female,Employed,"₹2,000 - ₹5,000",E-commerce Website,4,Stressed,Free Shipping Threshold,Gaming/Digital,Yes
21,Male,Employed,"₹5,000 - ₹15,000",E-commerce Website,2,Sad,Social Media Ad,Food/Snacks,No
19,Male,Self-employed,"₹5,000 - ₹15,000",E-commerce Website,4,Stressed,Limited Time Flash Sale,Gaming/Digital,Yes
34,Female,Employed,"Under ₹2,000",Social Media Stores,3,Bored,Limited Time Flash Sale,Electronics,No
31,Male,Employed,"Under ₹2,000",Quick Commerce,3,Stressed,Attractive Packaging,Electronics,No
29,Female,Employed,"₹5,000 - ₹15,000",Physical In-Store,5,Sad,Attractive Packaging,Gaming/Digital,No
21,Female,Employed,"₹2,000 - ₹5,000",Quick Commerce,4,Bored,Free Shipping Threshold,Beauty/Cosmetics,No
32,Female,Unemployed,"₹5,000 - ₹15,000",Physical In-Store,4,Sad,Social Media Ad,Electronics,No
21,Female,Student,"₹5,000 - ₹15,000",E-commerce Website,3,Bored,Free Shipping Threshold,Beauty/Cosmetics,Yes
27,Female,Employed,"₹5,000 - ₹15,000",E-commerce Website,6,Neutral,Free Shipping Threshold,Gaming/Digital,No
39,Female,Employed,"₹5,000 - ₹15,000",E-commerce Website,4,Stressed,Heavy Discount,Gaming/Digital,No
22,Female,Employed,"₹2,000 - ₹5,000",E-commerce Website,4,Stressed,Heavy Discount,Electronics,Yes
18,Male,Student,"₹5,000 - ₹15,000",Quick Commerce,4,Happy,Heavy Discount,Clothing,Yes
19,Male,Student,"Under ₹2,000",E-commerce Website,6,Bored,Social Media Ad,Food/Snacks,Yes
35,Female,Student,"₹5,000 - ₹15,000",Physical In-Store,7,Stressed,Attractive Packaging,Beauty/Cosmetics,Yes
30,Male,Employed,"₹5,000 - ₹15,000",Social Media Stores,7,Happy,Social Media Ad,Food/Snacks,Yes
26,Female,Self-employed,"₹2,000 - ₹5,000",Social Media Stores,9,Bored,Heavy Discount,Food/Snacks,No
23,Male,Employed,"Under ₹2,000",Quick Commerce,1,Stressed,Limited Time Flash Sale,Gaming/Digital,Yes
31,Male,Student,"Under ₹2,000",E-commerce Website,4,Happy,Attractive Packaging,Gaming/Digital,No
21,Female,Employed,"₹5,000 - ₹15,000",Quick Commerce,1,Sad,Social Media Ad,Gaming/Digital,Yes
30,Female,Student,"Under ₹2,000",E-commerce Website,5,Stressed,Heavy Discount,Beauty/Cosmetics,Yes
22,Other,Self-employed,"₹5,000 - ₹15,000",E-commerce Website,4,Happy,Heavy Discount,Food/Snacks,No
20,Female,Employed,"₹5,000 - ₹15,000",Quick Commerce,5,Stressed,Limited Time Flash Sale,Food/Snacks,No
22,Male,Unemployed,"₹5,000 - ₹15,000",E-commerce Website,5,Stressed,Attractive Packaging,Gaming/Digital,Yes
24,Male,Employed,"Above ₹15,000",Social Media Stores,3,Stressed,Heavy Discount,Clothing,Yes
27,Male,Self-employed,"₹2,000 - ₹5,000",Social Media Stores,5,Bored,Limited Time Flash Sale,Gaming/Digital,Yes
29,Female,Student,"Above ₹15,000",E-commerce Website,3,Neutral,Limited Time Flash Sale,Gaming/Digital,Yes
18,Male,Student,"Under ₹2,000",Social Media Stores,8,Neutral,Attractive Packaging,Electronics,No
21,Male,Student,"Under ₹2,000",E-commerce Website,6,Happy,Heavy Discount,Gaming/Digital,No
24,Female,Employed,"₹2,000 - ₹5,000",E-commerce Website,6,Stressed,Heavy Discount,Beauty/Cosmetics,No
40,Female,Employed,"₹5,000 - ₹15,000",Social Media Stores,5,Neutral,Attractive Packaging,Food/Snacks,No
19,Male,Employed,"Under ₹2,000",Quick Commerce,6,Sad,Attractive Packaging,Gaming/Digital,Yes
29,Male,Self-employed,"₹5,000 - ₹15,000",E-commerce Website,5,Bored,Free Shipping Threshold,Clothing,No
39,Female,Student,"₹2,000 - ₹5,000",Quick Commerce,1,Happy,Limited Time Flash Sale,Food/Snacks,Yes
18,Female,Employed,"Above ₹15,000",E-commerce Website,2,Stressed,Attractive Packaging,Food/Snacks,Yes
31,Male,Self-employed,"₹5,000 - ₹15,000",E-commerce Website,5,Sad,Attractive Packaging,Clothing,Yes
21,Male,Employed,"₹5,000 - ₹15,000",Social Media Stores,8,Stressed,Attractive Packaging,Electronics,Yes
23,Female,Self-employed,"Above ₹15,000",E-commerce Website,7,Stressed,Limited Time Flash Sale,Clothing,Yes
21,Female,Employed,"₹5,000 - ₹15,000",Quick Commerce,3,Neutral,Attractive Packaging,Beauty/Cosmetics,No
22,Female,Employed,"₹2,000 - ₹5,000",Quick Commerce,12,Neutral,Limited Time Flash Sale,Clothing,No
49,Female,Student,"₹2,000 - ₹5,000",Quick Commerce,6,Neutral,Limited Time Flash Sale,Electronics,Yes
34,Female,Self-employed,"₹5,000 - ₹15,000",Social Media Stores,6,Bored,Social Media Ad,Gaming/Digital,Yes
36,Male,Self-employed,"₹2,000 - ₹5,000",Quick Commerce,4,Neutral,Free Shipping Threshold,Gaming/Digital,Yes
31,Male,Unemployed,"Under ₹2,000",Social Media Stores,3,Bored,Free Shipping Threshold,Food/Snacks,Yes
18,Female,Employed,"₹2,000 - ₹5,000",E-commerce Website,5,Bored,Free Shipping Threshold,Gaming/Digital,Yes
31,Female,Self-employed,"₹5,000 - ₹15,000",Quick Commerce,4,Bored,Attractive Packaging,Gaming/Digital,Yes
36,Female,Employed,"₹2,000 - ₹5,000",E-commerce Website,4,Sad,Free Shipping Threshold,Clothing,Yes
21,Male,Employed,"Under ₹2,000",E-commerce Website,4,Stressed,Social Media Ad,Food/Snacks,Yes
35,Female,Self-employed,"₹2,000 - ₹5,000",E-commerce Website,8,Neutral,Limited Time Flash Sale,Food/Snacks,Yes
33,Male,Student,"₹5,000 - ₹15,000",Quick Commerce,5,Sad,Attractive Packaging,Clothing,Yes
42,Female,Student,"₹5,000 - ₹15,000",E-commerce Website,5,Neutral,Attractive Packaging,Beauty/Cosmetics,Yes
24,Male,Employed,"₹5,000 - ₹15,000",E-commerce Website,4,Neutral,Social Media Ad,Beauty/Cosmetics,Yes
19,Female,Employed,"₹2,000 - ₹5,000",E-commerce Website,1,Happy,Limited Time Flash Sale,Beauty/Cosmetics,Yes
25,Female,Employed,"Above ₹15,000",E-commerce Website,3,Neutral,Free Shipping Threshold,Clothing,No
39,Male,Employed,"₹2,000 - ₹5,000",E-commerce Website,4,Stressed,Limited Time Flash Sale,Gaming/Digital,Yes
18,Male,Unemployed,"₹5,000 - ₹15,000",Social Media Stores,12,Neutral,Limited Time Flash Sale,Electronics,Yes
18,Female,Employed,"Above ₹15,000",E-commerce Website,4,Neutral,Heavy Discount,Beauty/Cosmetics,Yes
28,Female,Student,"Above ₹15,000",Social Media Stores,7,Stressed,Free Shipping Threshold,Gaming/Digital,Yes
24,Male,Employed,"₹5,000 - ₹15,000",E-commerce Website,4,Stressed,Attractive Packaging,Beauty/Cosmetics,Yes
28,Male,Self-employed,"Above ₹15,000",E-commerce Website,5,Stressed,Social Media Ad,Electronics,Yes
35,Male,Student,"₹5,000 - ₹15,000",Quick Commerce,4,Happy,Limited Time Flash Sale,Gaming/Digital,No
23,Female,Employed,"₹2,000 - ₹5,000",E-commerce Website,1,Sad,Heavy Discount,Beauty/Cosmetics,No
18,Male,Student,"₹2,000 - ₹5,000",E-commerce Website,3,Happy,Attractive Packaging,Clothing,Yes
44,Male,Employed,"₹5,000 - ₹15,000",Quick Commerce,4,Happy,Social Media Ad,Beauty/Cosmetics,No
20,Female,Student,"₹5,000 - ₹15,000",E-commerce Website,8,Bored,Free Shipping Threshold,Food/Snacks,No
19,Female,Employed,"₹2,000 - ₹5,000",E-commerce Website,4,Neutral,Attractive Packaging,Clothing,No
36,Male,Employed,"Above ₹15,000",E-commerce Website,8,Bored,Free Shipping Threshold,Clothing,Yes
24,Other,Self-employed,"₹2,000 - ₹5,000",Physical In-Store,4,Sad,Free Shipping Threshold,Electronics,No
27,Female,Employed,"₹2,000 - ₹5,000",E-commerce Website,8,Stressed,Heavy Discount,Gaming/Digital,Yes
31,Female,Self-employed,"Under ₹2,000",Quick Commerce,5,Happy,Limited Time Flash Sale,Electronics,No
36,Male,Employed,"Above ₹15,000",E-commerce Website,4,Bored,Free Shipping Threshold,Clothing,No
25,Female,Student,"₹5,000 - ₹15,000",E-commerce Website,2,Neutral,Heavy Discount,Electronics,Yes
40,Male,Student,"₹5,000 - ₹15,000",Quick Commerce,6,Neutral,Heavy Discount,Gaming/Digital,Yes
18,Male,Self-employed,"₹5,000 - ₹15,000",E-commerce Website,9,Bored,Social Media Ad,Clothing,Yes
34,Male,Employed,"₹5,000 - ₹15,000",E-commerce Website,3,Bored,Heavy Discount,Beauty/Cosmetics,Yes
21,Female,Unemployed,"Above ₹15,000",E-commerce Website,10,Bored,Attractive Packaging,Electronics,No
38,Female,Student,"₹2,000 - ₹5,000",Physical In-Store,5,Bored,Free Shipping Threshold,Clothing,Yes
29,Female,Student,"₹5,000 - ₹15,000",E-commerce Website,7,Happy,Heavy Discount,Clothing,No
22,Male,Employed,"Under ₹2,000",E-commerce Website,8,Bored,Free Shipping Threshold,Beauty/Cosmetics,No
33,Female,Employed,"Above ₹15,000",Quick Commerce,5,Bored,Free Shipping Threshold,Food/Snacks,Yes
35,Female,Student,"Above ₹15,000",E-commerce Website,2,Happy,Limited Time Flash Sale,Electronics,No
33,Male,Employed,"₹5,000 - ₹15,000",Social Media Stores,4,Happy,Attractive Packaging,Gaming/Digital,No
19,Female,Employed,"₹2,000 - ₹5,000",E-commerce Website,6,Stressed,Heavy Discount,Beauty/Cosmetics,Yes
24,Male,Employed,"₹2,000 - ₹5,000",E-commerce Website,7,Neutral,Free Shipping Threshold,Beauty/Cosmetics,No
27,Female,Student,"₹2,000 - ₹5,000",E-commerce Website,4,Bored,Attractive Packaging,Food/Snacks,No
27,Male,Employed,"₹2,000 - ₹5,000",E-commerce Website,7,Bored,Limited Time Flash Sale,Beauty/Cosmetics,Yes
33,Female,Employed,"₹5,000 - ₹15,000",E-commerce Website,6,Stressed,Social Media Ad,Electronics,Yes
18,Other,Employed,"Under ₹2,000",Quick Commerce,5,Stressed,Limited Time Flash Sale,Gaming/Digital,Yes
30,Other,Employed,"Above ₹15,000",Quick Commerce,3,Neutral,Heavy Discount,Beauty/Cosmetics,Yes
25,Male,Self-employed,"₹2,000 - ₹5,000",E-commerce Website,4,Bored,Heavy Discount,Clothing,Yes
21,Male,Employed,"Above ₹15,000",E-commerce Website,3,Sad,Free Shipping Threshold,Clothing,No
22,Male,Self-employed,"₹5,000 - ₹15,000",E-commerce Website,8,Bored,Attractive Packaging,Beauty/Cosmetics,Yes
26,Female,Employed,"₹2,000 - ₹5,000",Social Media Stores,8,Stressed,Limited Time Flash Sale,Gaming/Digital,Yes
18,Female,Student,"₹2,000 - ₹5,000",Physical In-Store,6,Sad,Attractive Packaging,Food/Snacks,No
22,Male,Employed,"Above ₹15,000",E-commerce Website,8,Bored,Free Shipping Threshold,Food/Snacks,No
20,Male,Employed,"₹5,000 - ₹15,000",Physical In-Store,6,Neutral,Social Media Ad,Clothing,No
32,Female,Employed,"₹2,000 - ₹5,000",E-commerce Website,4,Stressed,Heavy Discount,Electronics,Yes
21,Female,Employed,"Under ₹2,000",Physical In-Store,1,Stressed,Attractive Packaging,Gaming/Digital,Yes
26,Male,Student,"₹5,000 - ₹15,000",Quick Commerce,5,Bored,Heavy Discount,Beauty/Cosmetics,Yes
40,Male,Employed,"₹2,000 - ₹5,000",E-commerce Website,4,Neutral,Free Shipping Threshold,Food/Snacks,No
35,Male,Employed,"₹2,000 - ₹5,000",E-commerce Website,2,Happy,Social Media Ad,Clothing,Yes
35,Female,Employed,"₹5,000 - ₹15,000",Quick Commerce,7,Bored,Limited Time Flash Sale,Electronics,Yes
24,Female,Employed,"₹5,000 - ₹15,000",E-commerce Website,4,Neutral,Attractive Packaging,Food/Snacks,No
32,Female,Unemployed,"₹2,000 - ₹5,000",Social Media Stores,7,Neutral,Heavy Discount,Electronics,No
26,Female,Employed,"Above ₹15,000",E-commerce Website,1,Happy,Social Media Ad,Gaming/Digital,Yes
26,Female,Student,"₹5,000 - ₹15,000",E-commerce Website,4,Stressed,Heavy Discount,Electronics,Yes
31,Male,Self-employed,"Above ₹15,000",Physical In-Store,4,Bored,Heavy Discount,Electronics,Yes
23,Male,Student,"Under ₹2,000",E-commerce Website,2,Stressed,Free Shipping Threshold,Clothing,Yes
39,Other,Employed,"₹2,000 - ₹5,000",E-commerce Website,3,Neutral,Social Media Ad,Electronics,Yes
26,Male,Student,"Under ₹2,000",E-commerce Website,5,Bored,Free Shipping Threshold,Gaming/Digital,Yes
32,Male,Student,"₹2,000 - ₹5,000",E-commerce Website,6,Bored,Free Shipping Threshold,Clothing,No
39,Other,Student,"Above ₹15,000",Social Media Stores,5,Stressed,Attractive Packaging,Electronics,Yes
36,Male,Employed,"Above ₹15,000",E-commerce Website,4,Stressed,Limited Time Flash Sale,Clothing,Yes
18,Female,Student,"₹5,000 - ₹15,000",Social Media Stores,2,Sad,Limited Time Flash Sale,Electronics,Yes
31,Female,Student,"₹5,000 - ₹15,000",E-commerce Website,5,Stressed,Free Shipping Threshold,Beauty/Cosmetics,No
34,Female,Employed,"₹5,000 - ₹15,000",Quick Commerce,5,Bored,Free Shipping Threshold,Food/Snacks,No
35,Male,Employed,"₹5,000 - ₹15,000",E-commerce Website,7,Bored,Heavy Discount,Clothing,Yes
19,Male,Self-employed,"Under ₹2,000",E-commerce Website,6,Happy,Heavy Discount,Food/Snacks,No
22,Male,Self-employed,"₹5,000 - ₹15,000",E-commerce Website,2,Neutral,Social Media Ad,Beauty/Cosmetics,No
35,Male,Employed,"₹5,000 - ₹15,000",Quick Commerce,4,Stressed,Attractive Packaging,Clothing,Yes
21,Female,Self-employed,"₹2,000 - ₹5,000",Quick Commerce,5,Bored,Free Shipping Threshold,Food/Snacks,Yes
25,Male,Employed,"₹2,000 - ₹5,000",E-commerce Website,5,Stressed,Heavy Discount,Gaming/Digital,Yes
40,Male,Employed,"₹2,000 - ₹5,000",Social Media Stores,0,Stressed,Limited Time Flash Sale,Food/Snacks,Yes
27,Female,Employed,"₹5,000 - ₹15,000",E-commerce Website,4,Happy,Free Shipping Threshold,Beauty/Cosmetics,Yes
22,Female,Student,"Under ₹2,000",Physical In-Store,2,Neutral,Attractive Packaging,Beauty/Cosmetics,No
20,Female,Employed,"₹5,000 - ₹15,000",Quick Commerce,5,Neutral,Attractive Packaging,Gaming/Digital,No
30,Male,Employed,"₹2,000 - ₹5,000",E-commerce Website,8,Bored,Free Shipping Threshold,Clothing,No
18,Female,Student,"₹2,000 - ₹5,000",E-commerce Website,8,Neutral,Heavy Discount,Food/Snacks,No
26,Female,Student,"₹5,000 - ₹15,000",Social Media Stores,4,Bored,Limited Time Flash Sale,Beauty/Cosmetics,Yes
30,Male,Student,"₹5,000 - ₹15,000",Quick Commerce,6,Happy,Heavy Discount,Beauty/Cosmetics,Yes
38,Male,Self-employed,"₹2,000 - ₹5,000",E-commerce Website,5,Stressed,Free Shipping Threshold,Beauty/Cosmetics,No
33,Male,Unemployed,"Above ₹15,000",E-commerce Website,5,Bored,Heavy Discount,Clothing,Yes
22,Female,Employed,"₹2,000 - ₹5,000",Physical In-Store,6,Bored,Social Media Ad,Food/Snacks,No
37,Male,Student,"Above ₹15,000",Physical In-Store,2,Stressed,Social Media Ad,Electronics,Yes
25,Female,Student,"₹5,000 - ₹15,000",E-commerce Website,8,Sad,Heavy Discount,Clothing,No
18,Female,Self-employed,"₹2,000 - ₹5,000",Quick Commerce,5,Neutral,Social Media Ad,Electronics,Yes
26,Female,Student,"₹5,000 - ₹15,000",Physical In-Store,10,Bored,Heavy Discount,Beauty/Cosmetics,No
39,Male,Self-employed,"₹2,000 - ₹5,000",E-commerce Website,2,Neutral,Social Media Ad,Food/Snacks,No
29,Male,Employed,"Under ₹2,000",Quick Commerce,3,Happy,Attractive Packaging,Gaming/Digital,No
28,Male,Self-employed,"Under ₹2,000",Social Media Stores,1,Bored,Limited Time Flash Sale,Food/Snacks,No
41,Male,Employed,"₹2,000 - ₹5,000",Physical In-Store,4,Bored,Social Media Ad,Gaming/Digital,Yes
18,Female,Employed,"₹5,000 - ₹15,000",E-commerce Website,4,Stressed,Limited Time Flash Sale,Food/Snacks,Yes
18,Male,Employed,"₹5,000 - ₹15,000",Quick Commerce,4,Sad,Attractive Packaging,Food/Snacks,No
18,Male,Self-employed,"Above ₹15,000",E-commerce Website,5,Bored,Limited Time Flash Sale,Electronics,Yes
30,Male,Self-employed,"₹2,000 - ₹5,000",E-commerce Website,8,Happy,Heavy Discount,Gaming/Digital,No
29,Male,Employed,"₹5,000 - ₹15,000",E-commerce Website,7,Stressed,Attractive Packaging,Gaming/Digital,Yes
40,Female,Employed,"₹2,000 - ₹5,000",E-commerce Website,3,Neutral,Attractive Packaging,Gaming/Digital,Yes
29,Female,Self-employed,"₹5,000 - ₹15,000",E-commerce Website,6,Stressed,Free Shipping Threshold,Food/Snacks,Yes
24,Female,Self-employed,"Above ₹15,000",Social Media Stores,4,Neutral,Heavy Discount,Electronics,Yes
28,Male,Employed,"Under ₹2,000",Social Media Stores,4,Stressed,Heavy Discount,Electronics,Yes
28,Female,Student,"Above ₹15,000",E-commerce Website,7,Happy,Social Media Ad,Food/Snacks,No
18,Female,Student,"₹5,000 - ₹15,000",Social Media Stores,4,Neutral,Limited Time Flash Sale,Clothing,No
49,Male,Self-employed,"₹5,000 - ₹15,000",Physical In-Store,6,Bored,Limited Time Flash Sale,Beauty/Cosmetics,No
32,Male,Student,"₹5,000 - ₹15,000",Social Media Stores,8,Bored,Social Media Ad,Food/Snacks,Yes
29,Female,Student,"₹5,000 - ₹15,000",Social Media Stores,7,Neutral,Limited Time Flash Sale,Clothing,No
32,Female,Student,"Above ₹15,000",Social Media Stores,3,Bored,Social Media Ad,Gaming/Digital,Yes
33,Female,Employed,"₹5,000 - ₹15,000",Physical In-Store,6,Neutral,Attractive Packaging,Food/Snacks,Yes
26,Male,Employed,"₹2,000 - ₹5,000",Social Media Stores,6,Happy,Attractive Packaging,Beauty/Cosmetics,No
22,Male,Student,"₹5,000 - ₹15,000",E-commerce Website,3,Bored,Social Media Ad,Electronics,No
32,Female,Student,"₹2,000 - ₹5,000",E-commerce Website,7,Happy,Free Shipping Threshold,Beauty/Cosmetics,Yes
31,Female,Employed,"Above ₹15,000",E-commerce Website,3,Happy,Heavy Discount,Beauty/Cosmetics,Yes
21,Female,Self-employed,"Above ₹15,000",Physical In-Store,9,Bored,Attractive Packaging,Electronics,Yes
39,Female,Student,"₹5,000 - ₹15,000",E-commerce Website,6,Neutral,Heavy Discount,Food/Snacks,No
30,Male,Student,"₹5,000 - ₹15,000",E-commerce Website,4,Bored,Free Shipping Threshold,Beauty/Cosmetics,Yes
33,Female,Employed,"Above ₹15,000",E-commerce Website,4,Bored,Attractive Packaging,Beauty/Cosmetics,Yes
39,Female,Self-employed,"₹2,000 - ₹5,000",Social Media Stores,4,Happy,Heavy Discount,Electronics,No
28,Female,Employed,"₹5,000 - ₹15,000",E-commerce Website,5,Neutral,Social Media Ad,Food/Snacks,No
30,Male,Employed,"₹2,000 - ₹5,000",E-commerce Website,4,Happy,Social Media Ad,Food/Snacks,No
34,Male,Self-employed,"₹5,000 - ₹15,000",E-commerce Website,3,Bored,Attractive Packaging,Gaming/Digital,Yes
22,Female,Student,"₹2,000 - ₹5,000",E-commerce Website,11,Stressed,Limited Time Flash Sale,Electronics,Yes
28,Female,Student,"₹5,000 - ₹15,000",E-commerce Website,7,Sad,Free Shipping Threshold,Clothing,Yes
29,Female,Employed,"₹2,000 - ₹5,000",Quick Commerce,5,Stressed,Free Shipping Threshold,Food/Snacks,Yes
20,Female,Self-employed,"Under ₹2,000",Social Media Stores,6,Sad,Attractive Packaging,Clothing,Yes
46,Female,Employed,"Under ₹2,000",Physical In-Store,5,Stressed,Limited Time Flash Sale,Gaming/Digital,Yes
18,Female,Unemployed,"Under ₹2,000",E-commerce Website,5,Neutral,Free Shipping Threshold,Beauty/Cosmetics,Yes
18,Male,Employed,"Under ₹2,000",E-commerce Website,6,Happy,Limited Time Flash Sale,Beauty/Cosmetics,Yes
38,Male,Employed,"₹5,000 - ₹15,000",E-commerce Website,7,Neutral,Limited Time Flash Sale,Food/Snacks,Yes
33,Male,Student,"₹5,000 - ₹15,000",Quick Commerce,1,Stressed,Attractive Packaging,Electronics,Yes
19,Female,Student,"Under ₹2,000",E-commerce Website,6,Sad,Heavy Discount,Gaming/Digital,No
32,Male,Employed,"₹5,000 - ₹15,000",Social Media Stores,4,Stressed,Free Shipping Threshold,Gaming/Digital,Yes
39,Female,Student,"₹5,000 - ₹15,000",Quick Commerce,3,Stressed,Limited Time Flash Sale,Clothing,Yes
27,Female,Student,"Under ₹2,000",E-commerce Website,8,Bored,Social Media Ad,Clothing,No
48,Female,Self-employed,"₹2,000 - ₹5,000",Physical In-Store,11,Happy,Free Shipping Threshold,Gaming/Digital,Yes
18,Female,Self-employed,"₹5,000 - ₹15,000",E-commerce Website,8,Happy,Attractive Packaging,Gaming/Digital,No
33,Male,Student,"Under ₹2,000",Physical In-Store,5,Stressed,Free Shipping Threshold,Beauty/Cosmetics,No
37,Female,Employed,"Under ₹2,000",E-commerce Website,5,Bored,Attractive Packaging,Gaming/Digital,Yes
35,Male,Student,"Above ₹15,000",Quick Commerce,6,Sad,Free Shipping Threshold,Beauty/Cosmetics,Yes
26,Male,Student,"₹5,000 - ₹15,000",Quick Commerce,4,Sad,Social Media Ad,Clothing,No
25,Male,Employed,"₹2,000 - ₹5,000",Social Media Stores,4,Stressed,Heavy Discount,Gaming/Digital,No
31,Male,Employed,"₹5,000 - ₹15,000",Social Media Stores,6,Sad,Attractive Packaging,Food/Snacks,No
34,Male,Student,"₹5,000 - ₹15,000",E-commerce Website,6,Neutral,Free Shipping Threshold,Electronics,No
32,Female,Employed,"₹5,000 - ₹15,000",E-commerce Website,7,Stressed,Attractive Packaging,Beauty/Cosmetics,Yes
36,Male,Student,"₹2,000 - ₹5,000",E-commerce Website,6,Sad,Social Media Ad,Gaming/Digital,No
19,Female,Unemployed,"₹2,000 - ₹5,000",E-commerce Website,7,Neutral,Limited Time Flash Sale,Electronics,Yes
26,Male,Employed,"₹5,000 - ₹15,000",E-commerce Website,5,Stressed,Free Shipping Threshold,Clothing,Yes
20,Male,Employed,"Under ₹2,000",Social Media Stores,5,Bored,Limited Time Flash Sale,Food/Snacks,No
24,Female,Student,"Above ₹15,000",Physical In-Store,6,Bored,Attractive Packaging,Gaming/Digital,Yes
36,Female,Employed,"₹2,000 - ₹5,000",E-commerce Website,3,Sad,Heavy Discount,Gaming/Digital,No
28,Female,Employed,"₹2,000 - ₹5,000",Social Media Stores,5,Happy,Heavy Discount,Clothing,Yes
48,Other,Self-employed,"Above ₹15,000",Social Media Stores,3,Bored,Heavy Discount,Clothing,No
29,Female,Student,"Under ₹2,000",E-commerce Website,5,Bored,Attractive Packaging,Beauty/Cosmetics,Yes
28,Female,Unemployed,"Under ₹2,000",E-commerce Website,7,Stressed,Free Shipping Threshold,Gaming/Digital,No
28,Female,Employed,"₹5,000 - ₹15,000",Quick Commerce,6,Stressed,Social Media Ad,Gaming/Digital,Yes
22,Female,Student,"₹2,000 - ₹5,000",Physical In-Store,7,Neutral,Heavy Discount,Food/Snacks,No
27,Male,Employed,"₹5,000 - ₹15,000",Social Media Stores,5,Bored,Free Shipping Threshold,Beauty/Cosmetics,Yes
37,Female,Employed,"Under ₹2,000",E-commerce Website,10,Bored,Social Media Ad,Food/Snacks,No
28,Male,Self-employed,"₹2,000 - ₹5,000",Social Media Stores,8,Neutral,Social Media Ad,Beauty/Cosmetics,Yes
21,Male,Employed,"₹2,000 - ₹5,000",Social Media Stores,9,Bored,Limited Time Flash Sale,Gaming/Digital,Yes
20,Female,Employed,"₹5,000 - ₹15,000",Quick Commerce,5,Neutral,Social Media Ad,Beauty/Cosmetics,No
24,Male,Student,"₹2,000 - ₹5,000",E-commerce Website,5,Neutral,Free Shipping Threshold,Gaming/Digital,No
28,Male,Student,"₹2,000 - ₹5,000",Physical In-Store,6,Bored,Social Media Ad,Electronics,Yes
37,Male,Employed,"₹5,000 - ₹15,000",Quick Commerce,2,Stressed,Attractive Packaging,Electronics,Yes
18,Other,Employed,"Above ₹15,000",E-commerce Website,3,Neutral,Limited Time Flash Sale,Beauty/Cosmetics,No
25,Male,Employed,"₹5,000 - ₹15,000",Quick Commerce,3,Happy,Social Media Ad,Clothing,Yes
29,Male,Student,"₹2,000 - ₹5,000",Social Media Stores,3,Neutral,Social Media Ad,Electronics,No
18,Female,Student,"₹5,000 - ₹15,000",E-commerce Website,4,Neutral,Heavy Discount,Gaming/Digital,Yes
21,Female,Employed,"₹5,000 - ₹15,000",Quick Commerce,5,Happy,Limited Time Flash Sale,Beauty/Cosmetics,Yes
22,Male,Self-employed,"Above ₹15,000",E-commerce Website,6,Bored,Social Media Ad,Gaming/Digital,Yes
21,Male,Employed,"Above ₹15,000",Social Media Stores,8,Happy,Heavy Discount,Electronics,No
29,Male,Employed,"Above ₹15,000",Social Media Stores,3,Bored,Limited Time Flash Sale,Electronics,No
26,Male,Employed,"₹5,000 - ₹15,000",E-commerce Website,8,Stressed,Attractive Packaging,Gaming/Digital,No
23,Male,Student,"Under ₹2,000",E-commerce Website,14,Bored,Social Media Ad,Clothing,Yes
31,Male,Employed,"₹5,000 - ₹15,000",Social Media Stores,3,Stressed,Heavy Discount,Beauty/Cosmetics,Yes
41,Female,Employed,"₹5,000 - ₹15,000",E-commerce Website,6,Bored,Free Shipping Threshold,Food/Snacks,No
41,Female,Unemployed,"Above ₹15,000",E-commerce Website,5,Stressed,Attractive Packaging,Food/Snacks,Yes
18,Female,Employed,"Above ₹15,000",Social Media Stores,4,Bored,Social Media Ad,Gaming/Digital,Yes
32,Male,Student,"₹5,000 - ₹15,000",Physical In-Store,5,Stressed,Limited Time Flash Sale,Electronics,No
26,Male,Employed,"₹5,000 - ₹15,000",E-commerce Website,4,Stressed,Limited Time Flash Sale,Food/Snacks,Yes
29,Female,Employed,"Under ₹2,000",E-commerce Website,6,Bored,Heavy Discount,Gaming/Digital,Yes
24,Male,Student,"₹5,000 - ₹15,000",E-commerce Website,4,Neutral,Limited Time Flash Sale,Beauty/Cosmetics,No
28,Female,Self-employed,"₹2,000 - ₹5,000",Quick Commerce,5,Stressed,Social Media Ad,Beauty/Cosmetics,Yes
29,Female,Self-employed,"Above ₹15,000",Social Media Stores,5,Happy,Heavy Discount,Beauty/Cosmetics,No
23,Female,Employed,"Above ₹15,000",Quick Commerce,3,Stressed,Free Shipping Threshold,Clothing,Yes
20,Male,Employed,"₹5,000 - ₹15,000",Physical In-Store,3,Neutral,Heavy Discount,Beauty/Cosmetics,No
24,Male,Employed,"Under ₹2,000",Social Media Stores,6,Sad,Social Media Ad,Electronics,Yes
29,Female,Employed,"₹2,000 - ₹5,000",E-commerce Website,4,Neutral,Social Media Ad,Beauty/Cosmetics,No
32,Female,Student,"₹5,000 - ₹15,000",Physical In-Store,5,Bored,Limited Time Flash Sale,Clothing,Yes
34,Male,Student,"Under ₹2,000",Quick Commerce,4,Stressed,Attractive Packaging,Gaming/Digital,No
24,Other,Student,"₹2,000 - ₹5,000",E-commerce Website,7,Bored,Heavy Discount,Food/Snacks,Yes
30,Male,Employed,"Above ₹15,000",E-commerce Website,2,Sad,Heavy Discount,Clothing,Yes
35,Male,Employed,"Under ₹2,000",E-commerce Website,9,Sad,Attractive Packaging,Gaming/Digital,No
37,Female,Employed,"Under ₹2,000",Social Media Stores,3,Neutral,Attractive Packaging,Food/Snacks,No
27,Female,Employed,"₹5,000 - ₹15,000",Social Media Stores,2,Neutral,Limited Time Flash Sale,Beauty/Cosmetics,No
26,Other,Employed,"Above ₹15,000",E-commerce Website,5,Neutral,Social Media Ad,Gaming/Digital,No
29,Male,Employed,"₹5,000 - ₹15,000",E-commerce Website,3,Happy,Free Shipping Threshold,Food/Snacks,No
18,Male,Employed,"Above ₹15,000",E-commerce Website,5,Bored,Free Shipping Threshold,Beauty/Cosmetics,No
26,Female,Employed,"₹5,000 - ₹15,000",E-commerce Website,6,Neutral,Free Shipping Threshold,Electronics,No
33,Male,Employed,"₹2,000 - ₹5,000",Quick Commerce,4,Neutral,Social Media Ad,Electronics,Yes
33,Male,Unemployed,"Above ₹15,000",Quick Commerce,2,Stressed,Attractive Packaging,Food/Snacks,Yes
25,Female,Employed,"₹2,000 - ₹5,000",Quick Commerce,2,Happy,Social Media Ad,Electronics,No
29,Male,Student,"₹2,000 - ₹5,000",Quick Commerce,4,Bored,Attractive Packaging,Electronics,No
21,Female,Unemployed,"₹2,000 - ₹5,000",Quick Commerce,4,Stressed,Free Shipping Threshold,Beauty/Cosmetics,Yes
33,Male,Employed,"₹5,000 - ₹15,000",Quick Commerce,4,Neutral,Heavy Discount,Beauty/Cosmetics,Yes
27,Female,Student,"Above ₹15,000",Quick Commerce,4,Neutral,Heavy Discount,Gaming/Digital,No
25,Female,Student,"₹2,000 - ₹5,000",Quick Commerce,4,Happy,Heavy Discount,Electronics,Yes
25,Male,Employed,"₹2,000 - ₹5,000",E-commerce Website,3,Stressed,Heavy Discount,Food/Snacks,Yes
27,Male,Employed,"Above ₹15,000",E-commerce Website,10,Neutral,Heavy Discount,Electronics,No
24,Male,Employed,"Under ₹2,000",E-commerce Website,5,Neutral,Social Media Ad,Clothing,Yes
33,Male,Student,"₹5,000 - ₹15,000",Social Media Stores,1,Happy,Limited Time Flash Sale,Gaming/Digital,No
24,Female,Employed,"₹2,000 - ₹5,000",E-commerce Website,2,Happy,Attractive Packaging,Clothing,No
40,Other,Student,"₹2,000 - ₹5,000",Social Media Stores,4,Neutral,Free Shipping Threshold,Beauty/Cosmetics,No
39,Female,Student,"₹2,000 - ₹5,000",Social Media Stores,4,Sad,Heavy Discount,Beauty/Cosmetics,No
20,Female,Employed,"₹2,000 - ₹5,000",Physical In-Store,4,Bored,Free Shipping Threshold,Electronics,Yes
28,Male,Employed,"₹5,000 - ₹15,000",E-commerce Website,7,Neutral,Heavy Discount,Food/Snacks,Yes
22,Male,Employed,"Above ₹15,000",Quick Commerce,4,Sad,Attractive Packaging,Electronics,No
25,Female,Self-employed,"₹2,000 - ₹5,000",E-commerce Website,5,Happy,Limited Time Flash Sale,Clothing,Yes
44,Other,Student,"₹5,000 - ₹15,000",E-commerce Website,5,Bored,Heavy Discount,Beauty/Cosmetics,Yes
25,Female,Student,"₹5,000 - ₹15,000",Quick Commerce,6,Bored,Attractive Packaging,Clothing,Yes
30,Male,Student,"₹2,000 - ₹5,000",E-commerce Website,5,Neutral,Limited Time Flash Sale,Food/Snacks,No
32,Female,Employed,"₹5,000 - ₹15,000",E-commerce Website,9,Neutral,Attractive Packaging,Electronics,Yes
19,Male,Employed,"₹5,000 - ₹15,000",E-commerce Website,7,Bored,Attractive Packaging,Clothing,Yes
21,Female,Employed,"Under ₹2,000",Quick Commerce,4,Sad,Free Shipping Threshold,Electronics,No
18,Female,Employed,"₹2,000 - ₹5,000",Social Media Stores,0,Bored,Heavy Discount,Clothing,No
20,Male,Employed,"Above ₹15,000",E-commerce Website,4,Stressed,Social Media Ad,Gaming/Digital,Yes
18,Other,Employed,"₹5,000 - ₹15,000",Quick Commerce,2,Happy,Social Media Ad,Gaming/Digital,Yes
32,Other,Employed,"₹2,000 - ₹5,000",Quick Commerce,5,Neutral,Heavy Discount,Gaming/Digital,Yes
44,Female,Employed,"₹2,000 - ₹5,000",Social Media Stores,6,Bored,Attractive Packaging,Electronics,Yes
29,Female,Student,"₹2,000 - ₹5,000",Quick Commerce,3,Bored,Heavy Discount,Clothing,No
18,Male,Employed,"₹2,000 - ₹5,000",Social Media Stores,8,Neutral,Heavy Discount,Food/Snacks,No
22,Female,Employed,"Under ₹2,000",Social Media Stores,4,Neutral,Limited Time Flash Sale,Beauty/Cosmetics,Yes
24,Male,Student,"Under ₹2,000",E-commerce Website,7,Neutral,Limited Time Flash Sale,Beauty/Cosmetics,Yes
19,Male,Employed,"₹2,000 - ₹5,000",E-commerce Website,3,Neutral,Heavy Discount,Food/Snacks,Yes
34,Male,Unemployed,"₹5,000 - ₹15,000",Physical In-Store,3,Happy,Free Shipping Threshold,Beauty/Cosmetics,No
34,Female,Student,"Under ₹2,000",Quick Commerce,4,Stressed,Free Shipping Threshold,Gaming/Digital,No
18,Male,Student,"Under ₹2,000",E-commerce Website,4,Bored,Limited Time Flash Sale,Clothing,Yes
33,Male,Employed,"Under ₹2,000",E-commerce Website,6,Bored,Attractive Packaging,Electronics,Yes
40,Male,Employed,"₹2,000 - ₹5,000",E-commerce Website,3,Stressed,Limited Time Flash Sale,Beauty/Cosmetics,Yes
43,Female,Student,"Under ₹2,000",E-commerce Website,6,Neutral,Free Shipping Threshold,Food/Snacks,No
50,Female,Self-employed,"₹5,000 - ₹15,000",E-commerce Website,4,Happy,Social Media Ad,Electronics,Yes
20,Male,Employed,"₹2,000 - ₹5,000",Quick Commerce,4,Neutral,Free Shipping Threshold,Clothing,No
50,Other,Self-employed,"₹2,000 - ₹5,000",Quick Commerce,5,Bored,Heavy Discount,Electronics,Yes
25,Male,Employed,"₹5,000 - ₹15,000",Quick Commerce,7,Stressed,Heavy Discount,Electronics,Yes
23,Female,Self-employed,"₹5,000 - ₹15,000",Social Media Stores,8,Sad,Attractive Packaging,Clothing,No
30,Female,Employed,"Under ₹2,000",Quick Commerce,3,Bored,Social Media Ad,Gaming/Digital,Yes
23,Female,Student,"₹2,000 - ₹5,000",E-commerce Website,5,Stressed,Heavy Discount,Clothing,Yes
31,Male,Self-employed,"Above ₹15,000",E-commerce Website,4,Happy,Free Shipping Threshold,Electronics,Yes
18,Female,Student,"Above ₹15,000",E-commerce Website,4,Sad,Social Media Ad,Food/Snacks,No
26,Female,Self-employed,"₹2,000 - ₹5,000",Quick Commerce,5,Stressed,Heavy Discount,Clothing,No
38,Female,Employed,"Under ₹2,000",E-commerce Website,6,Neutral,Social Media Ad,Clothing,Yes
27,Female,Unemployed,"₹2,000 - ₹5,000",Social Media Stores,7,Happy,Limited Time Flash Sale,Gaming/Digital,No
29,Male,Employed,"₹2,000 - ₹5,000",Social Media Stores,8,Sad,Social Media Ad,Beauty/Cosmetics,No
31,Female,Employed,"₹2,000 - ₹5,000",E-commerce Website,5,Stressed,Social Media Ad,Food/Snacks,No
37,Male,Student,"₹5,000 - ₹15,000",Physical In-Store,9,Stressed,Free Shipping Threshold,Food/Snacks,Yes
18,Female,Employed,"₹2,000 - ₹5,000",Social Media Stores,6,Bored,Free Shipping Threshold,Beauty/Cosmetics,Yes
32,Male,Employed,"Under ₹2,000",Social Media Stores,5,Bored,Heavy Discount,Electronics,Yes
25,Female,Employed,"₹5,000 - ₹15,000",E-commerce Website,5,Neutral,Limited Time Flash Sale,Food/Snacks,No
29,Male,Student,"Above ₹15,000",Social Media Stores,3,Happy,Limited Time Flash Sale,Beauty/Cosmetics,Yes
36,Male,Employed,"Under ₹2,000",Quick Commerce,8,Bored,Social Media Ad,Electronics,Yes
18,Male,Employed,"₹5,000 - ₹15,000",Quick Commerce,5,Stressed,Social Media Ad,Gaming/Digital,Yes
19,Male,Student,"₹2,000 - ₹5,000",E-commerce Website,5,Happy,Limited Time Flash Sale,Clothing,Yes
18,Female,Employed,"₹2,000 - ₹5,000",Physical In-Store,2,Neutral,Heavy Discount,Food/Snacks,No
23,Female,Self-employed,"Above ₹15,000",E-commerce Website,6,Bored,Social Media Ad,Beauty/Cosmetics,Yes
38,Female,Employed,"₹2,000 - ₹5,000",Social Media Stores,1,Happy,Attractive Packaging,Electronics,No
27,Female,Employed,"₹5,000 - ₹15,000",Quick Commerce,3,Bored,Free Shipping Threshold,Beauty/Cosmetics,Yes
18,Female,Unemployed,"₹2,000 - ₹5,000",Quick Commerce,5,Happy,Free Shipping Threshold,Clothing,Yes
24,Male,Student,"Under ₹2,000",Quick Commerce,4,Sad,Limited Time Flash Sale,Clothing,No
18,Male,Employed,"₹5,000 - ₹15,000",Social Media Stores,8,Neutral,Free Shipping Threshold,Clothing,Yes
18,Male,Employed,"₹2,000 - ₹5,000",Social Media Stores,6,Stressed,Heavy Discount,Electronics,No
31,Female,Employed,"Under ₹2,000",Physical In-Store,7,Stressed,Free Shipping Threshold,Beauty/Cosmetics,Yes
18,Male,Employed,"₹5,000 - ₹15,000",E-commerce Website,2,Neutral,Heavy Discount,Beauty/Cosmetics,Yes
36,Male,Employed,"Under ₹2,000",Quick Commerce,5,Bored,Limited Time Flash Sale,Gaming/Digital,Yes
27,Female,Student,"₹2,000 - ₹5,000",Social Media Stores,3,Happy,Heavy Discount,Food/Snacks,Yes
28,Female,Employed,"₹5,000 - ₹15,000",E-commerce Website,4,Sad,Limited Time Flash Sale,Electronics,No
25,Female,Employed,"Under ₹2,000",E-commerce Website,3,Neutral,Heavy Discount,Gaming/Digital,No
34,Female,Student,"₹5,000 - ₹15,000",E-commerce Website,5,Sad,Attractive Packaging,Clothing,Yes
34,Female,Student,"Above ₹15,000",E-commerce Website,6,Stressed,Limited Time Flash Sale,Electronics,Yes
30,Female,Self-employed,"Under ₹2,000",Quick Commerce,9,Bored,Limited Time Flash Sale,Beauty/Cosmetics,Yes
32,Female,Employed,"₹2,000 - ₹5,000",Physical In-Store,6,Happy,Social Media Ad,Beauty/Cosmetics,No
26,Female,Employed,"₹5,000 - ₹15,000",E-commerce Website,5,Happy,Heavy Discount,Beauty/Cosmetics,No
32,Male,Self-employed,"₹2,000 - ₹5,000",Social Media Stores,6,Sad,Limited Time Flash Sale,Food/Snacks,No
25,Male,Employed,"₹5,000 - ₹15,000",E-commerce Website,3,Neutral,Heavy Discount,Gaming/Digital,No
28,Male,Unemployed,"₹2,000 - ₹5,000",E-commerce Website,6,Stressed,Limited Time Flash Sale,Food/Snacks,No
25,Female,Self-employed,"Under ₹2,000",E-commerce Website,3,Neutral,Heavy Discount,Clothing,Yes
24,Female,Employed,"Under ₹2,000",E-commerce Website,7,Bored,Limited Time Flash Sale,Food/Snacks,Yes
22,Male,Employed,"₹5,000 - ₹15,000",E-commerce Website,10,Stressed,Attractive Packaging,Food/Snacks,Yes
31,Male,Employed,"₹2,000 - ₹5,000",Quick Commerce,6,Bored,Social Media Ad,Electronics,Yes
38,Female,Self-employed,"₹5,000 - ₹15,000",E-commerce Website,3,Bored,Social Media Ad,Gaming/Digital,No
37,Female,Employed,"₹5,000 - ₹15,000",Social Media Stores,4,Happy,Free Shipping Threshold,Gaming/Digital,No
18,Female,Student,"Under ₹2,000",E-commerce Website,5,Happy,Attractive Packaging,Food/Snacks,No
38,Female,Student,"₹2,000 - ₹5,000",Social Media Stores,6,Stressed,Heavy Discount,Beauty/Cosmetics,Yes
25,Female,Student,"₹2,000 - ₹5,000",Social Media Stores,4,Happy,Attractive Packaging,Clothing,Yes
32,Female,Self-employed,"₹5,000 - ₹15,000",E-commerce Website,3,Stressed,Heavy Discount,Beauty/Cosmetics,Yes
20,Male,Self-employed,"₹5,000 - ₹15,000",Social Media Stores,7,Bored,Limited Time Flash Sale,Beauty/Cosmetics,Yes
29,Male,Employed,"Under ₹2,000",E-commerce Website,4,Bored,Social Media Ad,Food/Snacks,Yes
30,Male,Employed,"₹2,000 - ₹5,000",E-commerce Website,3,Stressed,Free Shipping Threshold,Gaming/Digital,Yes
18,Female,Self-employed,"₹2,000 - ₹5,000",Social Media Stores,3,Happy,Attractive Packaging,Electronics,No
32,Other,Employed,"Under ₹2,000",Social Media Stores,7,Neutral,Social Media Ad,Beauty/Cosmetics,Yes
38,Other,Student,"₹5,000 - ₹15,000",Quick Commerce,5,Bored,Attractive Packaging,Food/Snacks,No
26,Female,Employed,"₹2,000 - ₹5,000",Quick Commerce,4,Bored,Social Media Ad,Food/Snacks,Yes
38,Male,Self-employed,"₹2,000 - ₹5,000",Quick Commerce,6,Sad,Social Media Ad,Electronics,Yes
26,Other,Employed,"₹5,000 - ₹15,000",Quick Commerce,3,Neutral,Social Media Ad,Electronics,No
34,Female,Employed,"₹2,000 - ₹5,000",Physical In-Store,5,Stressed,Attractive Packaging,Gaming/Digital,Yes
18,Male,Student,"₹2,000 - ₹5,000",E-commerce Website,4,Stressed,Heavy Discount,Beauty/Cosmetics,Yes
47,Female,Employed,"₹2,000 - ₹5,000",Physical In-Store,9,Stressed,Free Shipping Threshold,Gaming/Digital,No
39,Male,Self-employed,"₹5,000 - ₹15,000",E-commerce Website,10,Bored,Social Media Ad,Gaming/Digital,Yes
25,Male,Employed,"₹2,000 - ₹5,000",E-commerce Website,7,Happy,Attractive Packaging,Clothing,Yes
18,Female,Employed,"Under ₹2,000",Quick Commerce,3,Happy,Heavy Discount,Food/Snacks,Yes
30,Female,Student,"Under ₹2,000",E-commerce Website,6,Bored,Social Media Ad,Electronics,Yes
18,Male,Self-employed,"Under ₹2,000",Social Media Stores,6,Bored,Heavy Discount,Food/Snacks,Yes
31,Female,Student,"Under ₹2,000",E-commerce Website,1,Bored,Heavy Discount,Food/Snacks,No
31,Female,Student,"₹2,000 - ₹5,000",Social Media Stores,6,Happy,Limited Time Flash Sale,Gaming/Digital,No
20,Female,Self-employed,"₹2,000 - ₹5,000",Quick Commerce,8,Sad,Limited Time Flash Sale,Food/Snacks,Yes
36,Male,Unemployed,"₹2,000 - ₹5,000",E-commerce Website,4,Stressed,Free Shipping Threshold,Food/Snacks,Yes
34,Male,Employed,"₹2,000 - ₹5,000",Quick Commerce,7,Neutral,Attractive Packaging,Electronics,Yes
35,Male,Employed,"₹5,000 - ₹15,000",E-commerce Website,4,Neutral,Heavy Discount,Food/Snacks,No
28,Other,Employed,"₹5,000 - ₹15,000",Quick Commerce,2,Happy,Heavy Discount,Beauty/Cosmetics,Yes
18,Male,Student,"₹2,000 - ₹5,000",Physical In-Store,2,Neutral,Attractive Packaging,Clothing,No
35,Female,Student,"Under ₹2,000",E-commerce Website,4,Happy,Social Media Ad,Clothing,No
25,Female,Employed,"Under ₹2,000",Quick Commerce,4,Bored,Attractive Packaging,Beauty/Cosmetics,Yes
18,Female,Student,"₹2,000 - ₹5,000",Social Media Stores,5,Stressed,Free Shipping Threshold,Clothing,Yes
38,Female,Self-employed,"₹2,000 - ₹5,000",E-commerce Website,6,Happy,Free Shipping Threshold,Food/Snacks,No
44,Female,Student,"Under ₹2,000",Social Media Stores,7,Bored,Free Shipping Threshold,Electronics,No
27,Male,Employed,"₹2,000 - ₹5,000",E-commerce Website,3,Bored,Attractive Packaging,Gaming/Digital,No
45,Male,Employed,"Above ₹15,000",Physical In-Store,6,Stressed,Attractive Packaging,Food/Snacks,Yes
28,Female,Employed,"Under ₹2,000",E-commerce Website,9,Bored,Limited Time Flash Sale,Gaming/Digital,Yes
24,Female,Employed,"Above ₹15,000",E-commerce Website,3,Neutral,Social Media Ad,Food/Snacks,Yes
22,Female,Self-employed,"Above ₹15,000",Quick Commerce,4,Sad,Limited Time Flash Sale,Food/Snacks,Yes
41,Female,Employed,"₹5,000 - ₹15,000",Quick Commerce,8,Bored,Free Shipping Threshold,Food/Snacks,Yes
21,Female,Employed,"Above ₹15,000",E-commerce Website,5,Bored,Attractive Packaging,Electronics,Yes
33,Female,Employed,"Under ₹2,000",Quick Commerce,5,Bored,Free Shipping Threshold,Electronics,Yes
23,Female,Student,"Under ₹2,000",E-commerce Website,1,Neutral,Attractive Packaging,Electronics,Yes
24,Female,Employed,"Under ₹2,000",E-commerce Website,5,Neutral,Limited Time Flash Sale,Food/Snacks,No
36,Male,Employed,"Under ₹2,000",Social Media Stores,4,Sad,Social Media Ad,Food/Snacks,No
24,Male,Self-employed,"₹2,000 - ₹5,000",E-commerce Website,11,Bored,Social Media Ad,Beauty/Cosmetics,Yes
24,Other,Self-employed,"₹5,000 - ₹15,000",Physical In-Store,7,Neutral,Social Media Ad,Beauty/Cosmetics,No
37,Male,Student,"₹2,000 - ₹5,000",Social Media Stores,4,Neutral,Limited Time Flash Sale,Gaming/Digital,No
40,Female,Student,"₹2,000 - ₹5,000",Quick Commerce,4,Happy,Limited Time Flash Sale,Electronics,No
33,Male,Student,"₹5,000 - ₹15,000",E-commerce Website,1,Sad,Attractive Packaging,Clothing,No
22,Male,Unemployed,"Under ₹2,000",E-commerce Website,11,Stressed,Free Shipping Threshold,Gaming/Digital,No
23,Male,Student,"₹2,000 - ₹5,000",E-commerce Website,1,Happy,Limited Time Flash Sale,Gaming/Digital,Yes
28,Male,Employed,"₹2,000 - ₹5,000",Social Media Stores,8,Stressed,Free Shipping Threshold,Clothing,No
30,Male,Employed,"₹5,000 - ₹15,000",Social Media Stores,0,Sad,Free Shipping Threshold,Clothing,No
20,Male,Employed,"₹5,000 - ₹15,000",Quick Commerce,4,Stressed,Free Shipping Threshold,Electronics,Yes
33,Female,Student,"₹5,000 - ₹15,000",Quick Commerce,7,Neutral,Free Shipping Threshold,Food/Snacks,No
28,Male,Student,"Under ₹2,000",Quick Commerce,8,Neutral,Heavy Discount,Gaming/Digital,No
18,Male,Employed,"Above ₹15,000",Social Media Stores,5,Stressed,Heavy Discount,Clothing,No
20,Male,Student,"₹2,000 - ₹5,000",E-commerce Website,5,Neutral,Heavy Discount,Electronics,Yes
23,Female,Student,"₹5,000 - ₹15,000",Social Media Stores,4,Bored,Free Shipping Threshold,Gaming/Digital,No
27,Female,Student,"Above ₹15,000",Social Media Stores,4,Stressed,Social Media Ad,Food/Snacks,Yes
43,Female,Employed,"₹5,000 - ₹15,000",E-commerce Website,1,Stressed,Heavy Discount,Gaming/Digital,No
29,Male,Employed,"₹5,000 - ₹15,000",E-commerce Website,7,Happy,Social Media Ad,Clothing,No
21,Male,Student,"Under ₹2,000",E-commerce Website,8,Neutral,Heavy Discount,Clothing,Yes
29,Female,Employed,"₹2,000 - ₹5,000",Quick Commerce,4,Stressed,Heavy Discount,Beauty/Cosmetics,Yes
25,Female,Student,"Above ₹15,000",E-commerce Website,3,Stressed,Free Shipping Threshold,Electronics,Yes
30,Male,Employed,"Under ₹2,000",Quick Commerce,3,Stressed,Heavy Discount,Electronics,Yes
32,Female,Student,"Above ₹15,000",E-commerce Website,3,Stressed,Attractive Packaging,Food/Snacks,Yes
37,Male,Employed,"₹5,000 - ₹15,000",Social Media Stores,4,Happy,Social Media Ad,Gaming/Digital,Yes
27,Male,Student,"₹2,000 - ₹5,000",E-commerce Website,5,Sad,Social Media Ad,Food/Snacks,No
41,Female,Self-employed,"₹5,000 - ₹15,000",Social Media Stores,8,Stressed,Attractive Packaging,Clothing,No
35,Female,Student,"Under ₹2,000",E-commerce Website,8,Neutral,Free Shipping Threshold,Gaming/Digital,No
22,Male,Self-employed,"₹2,000 - ₹5,000",E-commerce Website,5,Happy,Attractive Packaging,Beauty/Cosmetics,Yes
45,Male,Self-employed,"₹2,000 - ₹5,000",E-commerce Website,7,Stressed,Social Media Ad,Beauty/Cosmetics,Yes
30,Other,Employed,"₹2,000 - ₹5,000",E-commerce Website,2,Stressed,Attractive Packaging,Gaming/Digital,Yes
21,Female,Self-employed,"Above ₹15,000",Quick Commerce,2,Neutral,Heavy Discount,Electronics,Yes
41,Female,Student,"₹2,000 - ₹5,000",Social Media Stores,6,Happy,Limited Time Flash Sale,Food/Snacks,No
44,Female,Student,"₹5,000 - ₹15,000",Physical In-Store,8,Happy,Heavy Discount,Beauty/Cosmetics,No
27,Female,Student,"Under ₹2,000",E-commerce Website,4,Bored,Free Shipping Threshold,Beauty/Cosmetics,Yes
23,Male,Student,"₹5,000 - ₹15,000",Quick Commerce,4,Happy,Free Shipping Threshold,Gaming/Digital,No
26,Male,Employed,"₹5,000 - ₹15,000",Social Media Stores,1,Bored,Attractive Packaging,Beauty/Cosmetics,No
33,Male,Employed,"₹2,000 - ₹5,000",Physical In-Store,5,Stressed,Heavy Discount,Clothing,Yes
38,Female,Student,"Above ₹15,000",E-commerce Website,5,Neutral,Attractive Packaging,Gaming/Digital,No
32,Male,Employed,"Above ₹15,000",E-commerce Website,5,Stressed,Limited Time Flash Sale,Clothing,No
28,Female,Student,"₹5,000 - ₹15,000",E-commerce Website,5,Neutral,Heavy Discount,Gaming/Digital,No
39,Male,Employed,"Above ₹15,000",Social Media Stores,5,Bored,Heavy Discount,Clothing,Yes
25,Male,Unemployed,"₹5,000 - ₹15,000",Social Media Stores,6,Bored,Free Shipping Threshold,Food/Snacks,Yes
36,Male,Employed,"₹5,000 - ₹15,000",E-commerce Website,2,Sad,Limited Time Flash Sale,Food/Snacks,No
25,Male,Employed,"₹2,000 - ₹5,000",E-commerce Website,5,Sad,Limited Time Flash Sale,Gaming/Digital,Yes
31,Male,Employed,"Under ₹2,000",Quick Commerce,3,Happy,Free Shipping Threshold,Food/Snacks,No
27,Male,Employed,"Above ₹15,000",E-commerce Website,5,Neutral,Heavy Discount,Food/Snacks,No
27,Male,Student,"Under ₹2,000",E-commerce Website,6,Happy,Limited Time Flash Sale,Beauty/Cosmetics,Yes
24,Female,Unemployed,"₹2,000 - ₹5,000",Social Media Stores,5,Sad,Social Media Ad,Gaming/Digital,No
38,Female,Employed,"Under ₹2,000",Physical In-Store,5,Stressed,Limited Time Flash Sale,Beauty/Cosmetics,Yes
22,Male,Employed,"₹2,000 - ₹5,000",Quick Commerce,4,Happy,Free Shipping Threshold,Clothing,No
22,Female,Unemployed,"₹2,000 - ₹5,000",Quick Commerce,4,Neutral,Limited Time Flash Sale,Beauty/Cosmetics,Yes
44,Female,Self-employed,"₹5,000 - ₹15,000",Quick Commerce,3,Sad,Limited Time Flash Sale,Beauty/Cosmetics,No
35,Male,Employed,"Above ₹15,000",E-commerce Website,7,Neutral,Free Shipping Threshold,Beauty/Cosmetics,Yes
18,Female,Student,"Under ₹2,000",Social Media Stores,4,Stressed,Free Shipping Threshold,Gaming/Digital,Yes
23,Female,Employed,"₹5,000 - ₹15,000",Quick Commerce,3,Stressed,Social Media Ad,Electronics,Yes
18,Male,Employed,"Under ₹2,000",E-commerce Website,7,Stressed,Heavy Discount,Beauty/Cosmetics,No
20,Female,Employed,"Under ₹2,000",Physical In-Store,3,Neutral,Social Media Ad,Electronics,No
18,Female,Student,"₹5,000 - ₹15,000",E-commerce Website,4,Neutral,Social Media Ad,Electronics,Yes
26,Other,Employed,"Above ₹15,000",Quick Commerce,9,Bored,Heavy Discount,Electronics,Yes
18,Female,Employed,"Under ₹2,000",E-commerce Website,7,Stressed,Heavy Discount,Beauty/Cosmetics,Yes
28,Male,Student,"₹2,000 - ₹5,000",E-commerce Website,2,Neutral,Free Shipping Threshold,Clothing,Yes
18,Male,Self-employed,"Under ₹2,000",Social Media Stores,9,Bored,Attractive Packaging,Clothing,No
28,Female,Student,"Above ₹15,000",E-commerce Website,5,Stressed,Limited Time Flash Sale,Beauty/Cosmetics,Yes
24,Other,Student,"₹2,000 - ₹5,000",Physical In-Store,8,Happy,Social Media Ad,Gaming/Digital,No
40,Female,Employed,"₹2,000 - ₹5,000",E-commerce Website,3,Bored,Free Shipping Threshold,Food/Snacks,Yes
39,Female,Self-employed,"Above ₹15,000",Social Media Stores,4,Sad,Limited Time Flash Sale,Gaming/Digital,No
34,Male,Unemployed,"₹5,000 - ₹15,000",Social Media Stores,5,Stressed,Attractive Packaging,Clothing,No
25,Male,Employed,"Above ₹15,000",Social Media Stores,6,Neutral,Attractive Packaging,Clothing,Yes
43,Female,Student,"Above ₹15,000",E-commerce Website,4,Bored,Attractive Packaging,Electronics,No
18,Female,Unemployed,"₹2,000 - ₹5,000",Quick Commerce,5,Neutral,Heavy Discount,Beauty/Cosmetics,Yes
18,Other,Self-employed,"₹5,000 - ₹15,000",E-commerce Website,6,Happy,Free Shipping Threshold,Beauty/Cosmetics,Yes
27,Female,Student,"₹2,000 - ₹5,000",E-commerce Website,9,Happy,Limited Time Flash Sale,Electronics,No
46,Male,Employed,"Above ₹15,000",Social Media Stores,1,Bored,Heavy Discount,Clothing,Yes
26,Female,Employed,"₹2,000 - ₹5,000",Quick Commerce,7,Neutral,Social Media Ad,Clothing,Yes
26,Female,Employed,"₹5,000 - ₹15,000",Social Media Stores,6,Neutral,Social Media Ad,Food/Snacks,No
18,Female,Unemployed,"₹2,000 - ₹5,000",E-commerce Website,3,Stressed,Attractive Packaging,Gaming/Digital,Yes
35,Male,Student,"₹2,000 - ₹5,000",E-commerce Website,6,Happy,Heavy Discount,Gaming/Digital,No
35,Male,Employed,"Under ₹2,000",Physical In-Store,5,Stressed,Heavy Discount,Beauty/Cosmetics,Yes
34,Female,Student,"₹5,000 - ₹15,000",E-commerce Website,6,Stressed,Social Media Ad,Clothing,Yes
22,Male,Employed,"₹2,000 - ₹5,000",E-commerce Website,2,Happy,Attractive Packaging,Clothing,No
22,Female,Employed,"Under ₹2,000",Quick Commerce,6,Bored,Attractive Packaging,Electronics,Yes
18,Male,Student,"₹2,000 - ₹5,000",E-commerce Website,6,Bored,Limited Time Flash Sale,Gaming/Digital,Yes
28,Male,Employed,"₹2,000 - ₹5,000",Physical In-Store,1,Neutral,Free Shipping Threshold,Electronics,No
19,Female,Unemployed,"₹5,000 - ₹15,000",E-commerce Website,8,Stressed,Free Shipping Threshold,Electronics,Yes
18,Female,Employed,"₹2,000 - ₹5,000",E-commerce Website,3,Neutral,Limited Time Flash Sale,Food/Snacks,No
24,Female,Employed,"Under ₹2,000",Social Media Stores,5,Bored,Social Media Ad,Gaming/Digital,No
24,Male,Student,"₹5,000 - ₹15,000",Quick Commerce,2,Neutral,Attractive Packaging,Clothing,No
23,Other,Employed,"₹5,000 - ₹15,000",Quick Commerce,4,Sad,Social Media Ad,Electronics,Yes
31,Male,Employed,"₹5,000 - ₹15,000",Quick Commerce,11,Stressed,Social Media Ad,Gaming/Digital,Yes
28,Male,Self-employed,"Above ₹15,000",E-commerce Website,6,Stressed,Heavy Discount,Clothing,Yes
25,Female,Student,"Under ₹2,000",Social Media Stores,2,Neutral,Attractive Packaging,Gaming/Digital,No
29,Female,Employed,"₹5,000 - ₹15,000",E-commerce Website,4,Stressed,Attractive Packaging,Food/Snacks,No
20,Male,Student,"₹5,000 - ₹15,000",Physical In-Store,4,Happy,Attractive Packaging,Gaming/Digital,No
28,Other,Student,"₹5,000 - ₹15,000",Physical In-Store,4,Neutral,Heavy Discount,Gaming/Digital,No
29,Female,Employed,"₹5,000 - ₹15,000",E-commerce Website,3,Bored,Social Media Ad,Food/Snacks,No
18,Other,Student,"₹2,000 - ₹5,000",Physical In-Store,3,Bored,Limited Time Flash Sale,Electronics,Yes
35,Female,Student,"₹2,000 - ₹5,000",Quick Commerce,2,Bored,Heavy Discount,Electronics,Yes
20,Female,Employed,"₹5,000 - ₹15,000",E-commerce Website,5,Bored,Social Media Ad,Beauty/Cosmetics,No
28,Male,Employed,"Under ₹2,000",Quick Commerce,7,Sad,Free Shipping Threshold,Beauty/Cosmetics,Yes
37,Male,Employed,"₹5,000 - ₹15,000",Quick Commerce,5,Bored,Heavy Discount,Beauty/Cosmetics,No
35,Female,Employed,"₹5,000 - ₹15,000",Quick Commerce,4,Bored,Limited Time Flash Sale,Electronics,Yes
28,Female,Employed,"₹2,000 - ₹5,000",Quick Commerce,5,Sad,Free Shipping Threshold,Clothing,No
25,Male,Employed,"₹2,000 - ₹5,000",Social Media Stores,6,Neutral,Heavy Discount,Electronics,No
35,Male,Student,"₹2,000 - ₹5,000",E-commerce Website,5,Happy,Free Shipping Threshold,Beauty/Cosmetics,Yes
33,Male,Employed,"Under ₹2,000",E-commerce Website,8,Stressed,Social Media Ad,Beauty/Cosmetics,No
23,Female,Student,"Under ₹2,000",Quick Commerce,6,Bored,Social Media Ad,Clothing,Yes
21,Female,Self-employed,"Under ₹2,000",Quick Commerce,3,Happy,Social Media Ad,Clothing,No
18,Female,Employed,"Under ₹2,000",Quick Commerce,3,Stressed,Social Media Ad,Food/Snacks,No
29,Other,Student,"₹2,000 - ₹5,000",Social Media Stores,1,Happy,Social Media Ad,Gaming/Digital,Yes
27,Female,Employed,"₹2,000 - ₹5,000",E-commerce Website,5,Neutral,Limited Time Flash Sale,Gaming/Digital,No
37,Other,Self-employed,"Above ₹15,000",Quick Commerce,2,Bored,Limited Time Flash Sale,Electronics,Yes
30,Male,Student,"Above ₹15,000",Quick Commerce,7,Sad,Attractive Packaging,Electronics,No
38,Male,Student,"Under ₹2,000",E-commerce Website,8,Sad,Heavy Discount,Food/Snacks,No
22,Male,Self-employed,"₹2,000 - ₹5,000",Social Media Stores,6,Happy,Limited Time Flash Sale,Beauty/Cosmetics,Yes
37,Female,Student,"₹2,000 - ₹5,000",Quick Commerce,2,Sad,Free Shipping Threshold,Clothing,Yes
23,Female,Student,"Under ₹2,000",E-commerce Website,5,Stressed,Limited Time Flash Sale,Electronics,Yes
34,Female,Employed,"₹5,000 - ₹15,000",Quick Commerce,3,Bored,Free Shipping Threshold,Food/Snacks,Yes
18,Male,Employed,"₹2,000 - ₹5,000",E-commerce Website,5,Bored,Social Media Ad,Beauty/Cosmetics,No
29,Female,Employed,"₹2,000 - ₹5,000",E-commerce Website,6,Stressed,Heavy Discount,Electronics,No
18,Female,Employed,"₹5,000 - ₹15,000",E-commerce Website,8,Neutral,Heavy Discount,Clothing,No
25,Male,Self-employed,"₹5,000 - ₹15,000",Social Media Stores,1,Happy,Social Media Ad,Food/Snacks,No
31,Female,Employed,"Above ₹15,000",E-commerce Website,5,Bored,Attractive Packaging,Food/Snacks,No
23,Female,Unemployed,"₹2,000 - ₹5,000",E-commerce Website,6,Stressed,Attractive Packaging,Food/Snacks,Yes
19,Female,Employed,"Above ₹15,000",Quick Commerce,7,Sad,Free Shipping Threshold,Clothing,Yes
34,Female,Student,"₹5,000 - ₹15,000",E-commerce Website,8,Neutral,Heavy Discount,Food/Snacks,Yes
27,Male,Unemployed,"₹5,000 - ₹15,000",E-commerce Website,8,Neutral,Limited Time Flash Sale,Clothing,No
24,Male,Student,"Above ₹15,000",Social Media Stores,5,Happy,Attractive Packaging,Beauty/Cosmetics,Yes
28,Female,Employed,"Above ₹15,000",E-commerce Website,3,Bored,Limited Time Flash Sale,Clothing,Yes
49,Female,Student,"₹5,000 - ₹15,000",Quick Commerce,7,Neutral,Attractive Packaging,Electronics,No
37,Male,Employed,"₹2,000 - ₹5,000",E-commerce Website,6,Neutral,Free Shipping Threshold,Clothing,No
37,Male,Self-employed,"₹2,000 - ₹5,000",Social Media Stores,2,Neutral,Heavy Discount,Food/Snacks,No
31,Female,Employed,"₹5,000 - ₹15,000",E-commerce Website,7,Happy,Limited Time Flash Sale,Beauty/Cosmetics,No
29,Female,Student,"₹5,000 - ₹15,000",Quick Commerce,4,Neutral,Free Shipping Threshold,Food/Snacks,Yes
18,Female,Student,"₹5,000 - ₹15,000",E-commerce Website,5,Neutral,Limited Time Flash Sale,Beauty/Cosmetics,Yes
22,Male,Employed,"₹2,000 - ₹5,000",E-commerce Website,7,Happy,Heavy Discount,Clothing,Yes
24,Male,Student,"₹2,000 - ₹5,000",Quick Commerce,6,Neutral,Free Shipping Threshold,Food/Snacks,No
18,Male,Employed,"Under ₹2,000",Social Media Stores,5,Bored,Heavy Discount,Clothing,Yes
18,Female,Employed,"Above ₹15,000",Social Media Stores,10,Happy,Heavy Discount,Gaming/Digital,Yes
18,Male,Employed,"Under ₹2,000",E-commerce Website,4,Bored,Social Media Ad,Food/Snacks,Yes
27,Female,Employed,"₹5,000 - ₹15,000",E-commerce Website,6,Happy,Heavy Discount,Electronics,Yes
34,Other,Employed,"Above ₹15,000",E-commerce Website,7,Neutral,Attractive Packaging,Electronics,Yes
36,Male,Student,"₹2,000 - ₹5,000",E-commerce Website,5,Bored,Attractive Packaging,Food/Snacks,No
31,Female,Employed,"₹5,000 - ₹15,000",E-commerce Website,5,Neutral,Limited Time Flash Sale,Gaming/Digital,No
20,Female,Self-employed,"₹5,000 - ₹15,000",Quick Commerce,2,Neutral,Heavy Discount,Food/Snacks,No
18,Female,Student,"Under ₹2,000",E-commerce Website,5,Happy,Free Shipping Threshold,Gaming/Digital,No
18,Female,Student,"₹2,000 - ₹5,000",E-commerce Website,4,Neutral,Limited Time Flash Sale,Gaming/Digital,No
18,Male,Employed,"₹5,000 - ₹15,000",E-commerce Website,4,Stressed,Social Media Ad,Food/Snacks,No
20,Male,Student,"₹2,000 - ₹5,000",Social Media Stores,5,Bored,Heavy Discount,Food/Snacks,Yes
26,Female,Student,"₹5,000 - ₹15,000",E-commerce Website,4,Sad,Limited Time Flash Sale,Clothing,Yes
19,Female,Employed,"₹5,000 - ₹15,000",E-commerce Website,9,Neutral,Limited Time Flash Sale,Electronics,No
30,Male,Student,"Under ₹2,000",Quick Commerce,2,Happy,Heavy Discount,Electronics,No
26,Female,Student,"₹2,000 - ₹5,000",E-commerce Website,4,Neutral,Heavy Discount,Food/Snacks,No
28,Female,Unemployed,"Under ₹2,000",E-commerce Website,1,Neutral,Free Shipping Threshold,Clothing,No
37,Male,Student,"Under ₹2,000",Physical In-Store,6,Bored,Attractive Packaging,Beauty/Cosmetics,Yes
18,Female,Self-employed,"₹5,000 - ₹15,000",E-commerce Website,6,Bored,Social Media Ad,Clothing,No
31,Male,Student,"₹5,000 - ₹15,000",E-commerce Website,6,Happy,Heavy Discount,Clothing,No
27,Female,Self-employed,"Under ₹2,000",E-commerce Website,7,Neutral,Heavy Discount,Electronics,Yes
25,Female,Employed,"₹5,000 - ₹15,000",E-commerce Website,6,Stressed,Attractive Packaging,Clothing,No
35,Male,Student,"₹2,000 - ₹5,000",Physical In-Store,6,Neutral,Heavy Discount,Clothing,Yes
35,Female,Employed,"Above ₹15,000",E-commerce Website,3,Stressed,Attractive Packaging,Gaming/Digital,Yes
20,Female,Self-employed,"₹2,000 - ₹5,000",E-commerce Website,7,Stressed,Attractive Packaging,Gaming/Digital,Yes
26,Female,Student,"Under ₹2,000",E-commerce Website,1,Stressed,Attractive Packaging,Beauty/Cosmetics,No
30,Male,Employed,"₹5,000 - ₹15,000",E-commerce Website,8,Stressed,Heavy Discount,Clothing,No
25,Female,Employed,"₹5,000 - ₹15,000",E-commerce Website,5,Happy,Free Shipping Threshold,Food/Snacks,No
32,Female,Employed,"₹2,000 - ₹5,000",Quick Commerce,3,Happy,Free Shipping Threshold,Clothing,Yes
30,Female,Employed,"₹2,000 - ₹5,000",E-commerce Website,10,Stressed,Heavy Discount,Gaming/Digital,Yes
42,Female,Student,"Under ₹2,000",Social Media Stores,8,Stressed,Attractive Packaging,Electronics,Yes
18,Male,Student,"₹2,000 - ₹5,000",Quick Commerce,5,Happy,Attractive Packaging,Beauty/Cosmetics,No
27,Male,Employed,"Under ₹2,000",Social Media Stores,7,Bored,Free Shipping Threshold,Beauty/Cosmetics,Yes
20,Female,Self-employed,"₹5,000 - ₹15,000",Social Media Stores,5,Happy,Limited Time Flash Sale,Electronics,Yes
32,Male,Employed,"Above ₹15,000",Social Media Stores,8,Bored,Social Media Ad,Clothing,Yes
18,Female,Employed,"₹5,000 - ₹15,000",Social Media Stores,7,Happy,Attractive Packaging,Beauty/Cosmetics,No
30,Female,Student,"Under ₹2,000",Quick Commerce,7,Stressed,Heavy Discount,Clothing,Yes
22,Female,Employed,"Above ₹15,000",E-commerce Website,10,Happy,Free Shipping Threshold,Food/Snacks,Yes
22,Female,Employed,"₹2,000 - ₹5,000",E-commerce Website,5,Neutral,Limited Time Flash Sale,Electronics,Yes
18,Female,Employed,"Under ₹2,000",Physical In-Store,7,Sad,Social Media Ad,Clothing,Yes
24,Female,Self-employed,"₹5,000 - ₹15,000",Quick Commerce,7,Neutral,Heavy Discount,Food/Snacks,Yes
36,Male,Student,"₹2,000 - ₹5,000",E-commerce Website,6,Bored,Limited Time Flash Sale,Gaming/Digital,Yes
27,Male,Student,"₹2,000 - ₹5,000",Quick Commerce,6,Stressed,Attractive Packaging,Food/Snacks,Yes
33,Male,Unemployed,"Under ₹2,000",E-commerce Website,8,Bored,Heavy Discount,Food/Snacks,Yes
41,Female,Student,"₹2,000 - ₹5,000",E-commerce Website,1,Bored,Free Shipping Threshold,Beauty/Cosmetics,No
30,Female,Employed,"Under ₹2,000",E-commerce Website,1,Sad,Heavy Discount,Clothing,Yes
23,Male,Employed,"₹5,000 - ₹15,000",Social Media Stores,6,Sad,Heavy Discount,Food/Snacks,No
31,Female,Employed,"₹2,000 - ₹5,000",Social Media Stores,1,Happy,Limited Time Flash Sale,Clothing,Yes
23,Male,Student,"₹2,000 - ₹5,000",E-commerce Website,3,Bored,Limited Time Flash Sale,Beauty/Cosmetics,Yes
23,Female,Student,"Under ₹2,000",Social Media Stores,6,Happy,Attractive Packaging,Beauty/Cosmetics,No
18,Male,Employed,"₹5,000 - ₹15,000",E-commerce Website,10,Happy,Free Shipping Threshold,Food/Snacks,Yes
35,Female,Student,"₹2,000 - ₹5,000",E-commerce Website,3,Happy,Free Shipping Threshold,Electronics,No
24,Female,Employed,"₹2,000 - ₹5,000",E-commerce Website,4,Stressed,Free Shipping Threshold,Gaming/Digital,Yes
29,Female,Employed,"₹5,000 - ₹15,000",Quick Commerce,1,Bored,Social Media Ad,Gaming/Digital,Yes
19,Male,Employed,"Under ₹2,000",Quick Commerce,8,Stressed,Free Shipping Threshold,Clothing,Yes
31,Other,Employed,"₹2,000 - ₹5,000",E-commerce Website,3,Stressed,Heavy Discount,Food/Snacks,Yes
21,Male,Self-employed,"₹5,000 - ₹15,000",Physical In-Store,3,Stressed,Heavy Discount,Clothing,No
26,Female,Employed,"₹2,000 - ₹5,000",Quick Commerce,5,Sad,Heavy Discount,Electronics,No
35,Other,Employed,"Under ₹2,000",Physical In-Store,6,Sad,Social Media Ad,Clothing,No
34,Female,Self-employed,"₹2,000 - ₹5,000",E-commerce Website,4,Neutral,Heavy Discount,Gaming/Digital,Yes
27,Female,Employed,"₹2,000 - ₹5,000",Physical In-Store,3,Happy,Limited Time Flash Sale,Beauty/Cosmetics,No
18,Other,Unemployed,"Above ₹15,000",E-commerce Website,8,Stressed,Social Media Ad,Food/Snacks,Yes
51,Female,Student,"₹2,000 - ₹5,000",Social Media Stores,4,Happy,Limited Time Flash Sale,Beauty/Cosmetics,Yes
41,Male,Self-employed,"₹2,000 - ₹5,000",E-commerce Website,3,Happy,Social Media Ad,Electronics,No
33,Male,Employed,"₹5,000 - ₹15,000",Quick Commerce,5,Stressed,Heavy Discount,Gaming/Digital,Yes
21,Male,Self-employed,"₹2,000 - ₹5,000",Social Media Stores,7,Happy,Attractive Packaging,Beauty/Cosmetics,No
27,Male,Self-employed,"₹2,000 - ₹5,000",Social Media Stores,3,Neutral,Free Shipping Threshold,Electronics,Yes
23,Female,Student,"₹5,000 - ₹15,000",E-commerce Website,5,Happy,Free Shipping Threshold,Clothing,No
38,Female,Employed,"₹5,000 - ₹15,000",Physical In-Store,3,Bored,Free Shipping Threshold,Beauty/Cosmetics,No
30,Male,Employed,"₹5,000 - ₹15,000",Social Media Stores,5,Stressed,Free Shipping Threshold,Clothing,No
21,Female,Student,"Under ₹2,000",Social Media Stores,4,Neutral,Limited Time Flash Sale,Food/Snacks,Yes
24,Male,Employed,"₹5,000 - ₹15,000",E-commerce Website,3,Stressed,Free Shipping Threshold,Clothing,Yes
36,Other,Student,"Under ₹2,000",E-commerce Website,4,Neutral,Free Shipping Threshold,Food/Snacks,No
40,Other,Self-employed,"₹2,000 - ₹5,000",E-commerce Website,6,Bored,Attractive Packaging,Clothing,Yes
40,Female,Student,"Under ₹2,000",Social Media Stores,5,Neutral,Limited Time Flash Sale,Beauty/Cosmetics,Yes
34,Female,Employed,"₹5,000 - ₹15,000",Social Media Stores,3,Bored,Free Shipping Threshold,Electronics,Yes
25,Male,Student,"₹5,000 - ₹15,000",Social Media Stores,6,Neutral,Social Media Ad,Clothing,Yes
18,Female,Student,"₹5,000 - ₹15,000",Quick Commerce,4,Bored,Limited Time Flash Sale,Clothing,Yes
30,Male,Employed,"₹5,000 - ₹15,000",Social Media Stores,2,Happy,Social Media Ad,Clothing,No
27,Male,Employed,"Under ₹2,000",Physical In-Store,6,Bored,Limited Time Flash Sale,Beauty/Cosmetics,Yes
29,Female,Student,"₹2,000 - ₹5,000",Social Media Stores,4,Happy,Free Shipping Threshold,Electronics,No
28,Male,Self-employed,"₹5,000 - ₹15,000",Social Media Stores,4,Neutral,Heavy Discount,Electronics,No
18,Other,Student,"₹2,000 - ₹5,000",Physical In-Store,8,Stressed,Limited Time Flash Sale,Gaming/Digital,No
32,Female,Employed,"₹2,000 - ₹5,000",E-commerce Website,3,Stressed,Free Shipping Threshold,Beauty/Cosmetics,Yes
33,Male,Employed,"Above ₹15,000",Social Media Stores,1,Bored,Limited Time Flash Sale,Beauty/Cosmetics,Yes
33,Female,Employed,"₹5,000 - ₹15,000",Social Media Stores,6,Happy,Limited Time Flash Sale,Gaming/Digital,No
35,Female,Student,"₹2,000 - ₹5,000",Quick Commerce,5,Happy,Social Media Ad,Gaming/Digital,No
32,Female,Employed,"₹5,000 - ₹15,000",Quick Commerce,5,Happy,Social Media Ad,Electronics,No
24,Female,Employed,"₹5,000 - ₹15,000",E-commerce Website,7,Neutral,Attractive Packaging,Clothing,Yes
27,Male,Student,"Under ₹2,000",Social Media Stores,3,Bored,Social Media Ad,Gaming/Digital,No
28,Male,Student,"₹2,000 - ₹5,000",E-commerce Website,7,Happy,Limited Time Flash Sale,Clothing,Yes
28,Male,Student,"₹2,000 - ₹5,000",E-commerce Website,3,Stressed,Heavy Discount,Beauty/Cosmetics,No
35,Other,Student,"₹2,000 - ₹5,000",E-commerce Website,4,Bored,Social Media Ad,Beauty/Cosmetics,Yes
33,Male,Student,"₹2,000 - ₹5,000",E-commerce Website,1,Stressed,Social Media Ad,Clothing,Yes
44,Male,Student,"Above ₹15,000",E-commerce Website,1,Neutral,Heavy Discount,Clothing,Yes
45,Female,Employed,"₹2,000 - ₹5,000",Quick Commerce,7,Stressed,Attractive Packaging,Beauty/Cosmetics,Yes
28,Female,Employed,"₹5,000 - ₹15,000",E-commerce Website,2,Bored,Attractive Packaging,Clothing,No
18,Female,Employed,"₹2,000 - ₹5,000",E-commerce Website,8,Stressed,Free Shipping Threshold,Gaming/Digital,No
37,Female,Student,"Under ₹2,000",E-commerce Website,1,Stressed,Social Media Ad,Food/Snacks,Yes
23,Female,Employed,"Above ₹15,000",Social Media Stores,5,Stressed,Attractive Packaging,Food/Snacks,Yes
21,Female,Employed,"₹2,000 - ₹5,000",E-commerce Website,6,Happy,Free Shipping Threshold,Electronics,No
24,Male,Employed,"Above ₹15,000",Physical In-Store,9,Neutral,Attractive Packaging,Clothing,No
24,Female,Employed,"Under ₹2,000",E-commerce Website,6,Neutral,Heavy Discount,Gaming/Digital,No
32,Male,Employed,"Above ₹15,000",E-commerce Website,8,Happy,Limited Time Flash Sale,Clothing,Yes
18,Male,Student,"₹2,000 - ₹5,000",E-commerce Website,7,Neutral,Heavy Discount,Electronics,No
19,Female,Employed,"Under ₹2,000",Social Media Stores,4,Bored,Heavy Discount,Gaming/Digital,Yes
30,Male,Student,"₹5,000 - ₹15,000",Physical In-Store,3,Stressed,Heavy Discount,Beauty/Cosmetics,Yes
32,Female,Self-employed,"₹5,000 - ₹15,000",Physical In-Store,5,Bored,Heavy Discount,Beauty/Cosmetics,Yes
33,Male,Employed,"Under ₹2,000",E-commerce Website,4,Neutral,Limited Time Flash Sale,Food/Snacks,No
21,Male,Employed,"Above ₹15,000",Quick Commerce,6,Neutral,Limited Time Flash Sale,Gaming/Digital,No
20,Female,Unemployed,"₹5,000 - ₹15,000",E-commerce Website,2,Neutral,Free Shipping Threshold,Beauty/Cosmetics,No
23,Female,Employed,"₹2,000 - ₹5,000",Quick Commerce,7,Sad,Attractive Packaging,Clothing,Yes
29,Female,Employed,"Under ₹2,000",Quick Commerce,5,Bored,Social Media Ad,Gaming/Digital,No
39,Female,Student,"₹2,000 - ₹5,000",E-commerce Website,4,Bored,Limited Time Flash Sale,Beauty/Cosmetics,Yes
18,Male,Employed,"₹2,000 - ₹5,000",Social Media Stores,4,Neutral,Attractive Packaging,Electronics,Yes
26,Female,Self-employed,"₹2,000 - ₹5,000",E-commerce Website,3,Happy,Free Shipping Threshold,Food/Snacks,No
18,Male,Self-employed,"₹5,000 - ₹15,000",E-commerce Website,5,Sad,Attractive Packaging,Clothing,No
18,Female,Employed,"₹5,000 - ₹15,000",E-commerce Website,5,Bored,Social Media Ad,Clothing,Yes
35,Male,Employed,"₹2,000 - ₹5,000",Social Media Stores,8,Bored,Heavy Discount,Gaming/Digital,Yes
32,Female,Employed,"Under ₹2,000",Physical In-Store,7,Neutral,Social Media Ad,Gaming/Digital,No
31,Female,Employed,"Above ₹15,000",Social Media Stores,3,Bored,Social Media Ad,Clothing,Yes
35,Male,Employed,"₹2,000 - ₹5,000",Social Media Stores,1,Bored,Limited Time Flash Sale,Beauty/Cosmetics,Yes
24,Female,Employed,"₹2,000 - ₹5,000",E-commerce Website,2,Stressed,Limited Time Flash Sale,Electronics,Yes
24,Male,Employed,"₹5,000 - ₹15,000",Quick Commerce,6,Happy,Social Media Ad,Gaming/Digital,No
45,Male,Self-employed,"₹5,000 - ₹15,000",E-commerce Website,8,Happy,Heavy Discount,Food/Snacks,Yes
26,Female,Employed,"Above ₹15,000",Quick Commerce,7,Neutral,Heavy Discount,Electronics,Yes
33,Male,Student,"Above ₹15,000",Social Media Stores,4,Neutral,Limited Time Flash Sale,Electronics,No
28,Male,Student,"Above ₹15,000",Social Media Stores,8,Happy,Heavy Discount,Food/Snacks,Yes
18,Female,Self-employed,"₹2,000 - ₹5,000",Quick Commerce,3,Bored,Social Media Ad,Gaming/Digital,Yes
18,Female,Self-employed,"Under ₹2,000",Quick Commerce,5,Bored,Social Media Ad,Clothing,Yes
23,Male,Employed,"₹5,000 - ₹15,000",E-commerce Website,6,Bored,Free Shipping Threshold,Clothing,Yes
36,Female,Employed,"Under ₹2,000",Social Media Stores,3,Neutral,Free Shipping Threshold,Electronics,Yes
34,Female,Self-employed,"Under ₹2,000",Physical In-Store,2,Neutral,Social Media Ad,Electronics,No
35,Female,Self-employed,"Under ₹2,000",E-commerce Website,6,Bored,Social Media Ad,Electronics,No
20,Female,Employed,"Under ₹2,000",Quick Commerce,3,Stressed,Limited Time Flash Sale,Electronics,Yes
40,Female,Student,"₹2,000 - ₹5,000",E-commerce Website,4,Stressed,Attractive Packaging,Food/Snacks,Yes
20,Female,Employed,"₹2,000 - ₹5,000",Physical In-Store,3,Stressed,Free Shipping Threshold,Gaming/Digital,No
29,Male,Student,"₹2,000 - ₹5,000",E-commerce Website,6,Bored,Heavy Discount,Clothing,Yes
27,Male,Self-employed,"₹5,000 - ₹15,000",E-commerce Website,4,Stressed,Social Media Ad,Clothing,No
26,Female,Student,"₹5,000 - ₹15,000",E-commerce Website,8,Neutral,Attractive Packaging,Food/Snacks,Yes
38,Other,Employed,"Above ₹15,000",E-commerce Website,5,Bored,Attractive Packaging,Beauty/Cosmetics,Yes
22,Female,Employed,"₹2,000 - ₹5,000",Social Media Stores,3,Bored,Free Shipping Threshold,Clothing,No
18,Male,Employed,"₹2,000 - ₹5,000",E-commerce Website,3,Happy,Limited Time Flash Sale,Food/Snacks,No
28,Female,Employed,"Under ₹2,000",E-commerce Website,6,Neutral,Social Media Ad,Electronics,No
24,Female,Student,"₹5,000 - ₹15,000",Quick Commerce,4,Bored,Social Media Ad,Clothing,Yes
55,Female,Employed,"₹5,000 - ₹15,000",Quick Commerce,4,Neutral,Attractive Packaging,Beauty/Cosmetics,Yes
33,Female,Employed,"Under ₹2,000",Social Media Stores,4,Sad,Limited Time Flash Sale,Food/Snacks,Yes
24,Female,Employed,"Above ₹15,000",E-commerce Website,4,Happy,Attractive Packaging,Food/Snacks,No
19,Male,Unemployed,"₹5,000 - ₹15,000",E-commerce Website,8,Neutral,Heavy Discount,Clothing,Yes
18,Female,Employed,"Under ₹2,000",Quick Commerce,4,Stressed,Heavy Discount,Electronics,Yes
19,Female,Employed,"₹5,000 - ₹15,000",E-commerce Website,1,Stressed,Social Media Ad,Gaming/Digital,Yes
28,Male,Employed,"₹5,000 - ₹15,000",Quick Commerce,8,Stressed,Free Shipping Threshold,Clothing,Yes
39,Male,Employed,"Under ₹2,000",E-commerce Website,8,Bored,Attractive Packaging,Clothing,Yes
36,Female,Employed,"₹2,000 - ₹5,000",Quick Commerce,6,Neutral,Social Media Ad,Beauty/Cosmetics,No
29,Female,Employed,"₹5,000 - ₹15,000",Physical In-Store,4,Stressed,Heavy Discount,Gaming/Digital,No
25,Male,Unemployed,"₹5,000 - ₹15,000",E-commerce Website,4,Neutral,Attractive Packaging,Electronics,No
30,Male,Employed,"₹2,000 - ₹5,000",Social Media Stores,9,Neutral,Social Media Ad,Food/Snacks,No
23,Male,Employed,"Above ₹15,000",Quick Commerce,5,Bored,Free Shipping Threshold,Food/Snacks,Yes
41,Male,Employed,"₹2,000 - ₹5,000",Social Media Stores,7,Bored,Social Media Ad,Food/Snacks,No
26,Female,Employed,"₹2,000 - ₹5,000",E-commerce Website,5,Neutral,Heavy Discount,Clothing,Yes
27,Female,Employed,"₹2,000 - ₹5,000",Quick Commerce,4,Bored,Limited Time Flash Sale,Beauty/Cosmetics,Yes
18,Female,Unemployed,"Above ₹15,000",E-commerce Website,2,Stressed,Social Media Ad,Gaming/Digital,Yes
26,Female,Student,"₹5,000 - ₹15,000",E-commerce Website,5,Bored,Limited Time Flash Sale,Gaming/Digital,Yes
34,Male,Employed,"₹5,000 - ₹15,000",E-commerce Website,3,Neutral,Limited Time Flash Sale,Clothing,Yes
19,Male,Employed,"Above ₹15,000",Social Media Stores,4,Bored,Social Media Ad,Electronics,Yes
21,Male,Student,"₹5,000 - ₹15,000",E-commerce Website,4,Neutral,Heavy Discount,Electronics,Yes
34,Male,Self-employed,"Under ₹2,000",Quick Commerce,4,Neutral,Limited Time Flash Sale,Gaming/Digital,Yes
18,Male,Student,"₹5,000 - ₹15,000",E-commerce Website,3,Neutral,Limited Time Flash Sale,Gaming/Digital,No
36,Female,Student,"₹5,000 - ₹15,000",E-commerce Website,4,Happy,Social Media Ad,Clothing,No
23,Female,Self-employed,"₹2,000 - ₹5,000",E-commerce Website,4,Happy,Heavy Discount,Gaming/Digital,No
24,Female,Student,"₹2,000 - ₹5,000",E-commerce Website,4,Happy,Attractive Packaging,Beauty/Cosmetics,No
19,Female,Employed,"₹5,000 - ₹15,000",E-commerce Website,8,Happy,Attractive Packaging,Electronics,No
31,Female,Self-employed,"₹2,000 - ₹5,000",E-commerce Website,2,Bored,Free Shipping Threshold,Beauty/Cosmetics,Yes
47,Female,Employed,"₹2,000 - ₹5,000",E-commerce Website,4,Happy,Social Media Ad,Clothing,Yes
34,Male,Employed,"₹5,000 - ₹15,000",Physical In-Store,4,Stressed,Limited Time Flash Sale,Food/Snacks,Yes
21,Other,Student,"Above ₹15,000",E-commerce Website,6,Happy,Heavy Discount,Clothing,Yes
37,Male,Student,"Under ₹2,000",E-commerce Website,7,Neutral,Limited Time Flash Sale,Clothing,No
25,Male,Employed,"₹2,000 - ₹5,000",E-commerce Website,4,Bored,Attractive Packaging,Food/Snacks,No
38,Male,Student,"₹5,000 - ₹15,000",E-commerce Website,5,Neutral,Heavy Discount,Gaming/Digital,No
34,Other,Employed,"₹5,000 - ₹15,000",Quick Commerce,6,Stressed,Heavy Discount,Food/Snacks,Yes
18,Other,Employed,"Above ₹15,000",E-commerce Website,8,Happy,Social Media Ad,Gaming/Digital,Yes
19,Female,Employed,"₹5,000 - ₹15,000",E-commerce Website,6,Stressed,Social Media Ad,Electronics,Yes
35,Female,Student,"₹5,000 - ₹15,000",E-commerce Website,3,Neutral,Free Shipping Threshold,Beauty/Cosmetics,Yes
29,Female,Employed,"Above ₹15,000",E-commerce Website,5,Happy,Social Media Ad,Electronics,No
19,Other,Employed,"Under ₹2,000",E-commerce Website,3,Neutral,Limited Time Flash Sale,Electronics,No
22,Female,Student,"Under ₹2,000",E-commerce Website,1,Neutral,Heavy Discount,Electronics,No
18,Female,Employed,"₹5,000 - ₹15,000",E-commerce Website,6,Neutral,Limited Time Flash Sale,Electronics,Yes
27,Male,Employed,"₹2,000 - ₹5,000",Social Media Stores,1,Stressed,Free Shipping Threshold,Electronics,Yes
45,Male,Self-employed,"Under ₹2,000",Quick Commerce,8,Happy,Heavy Discount,Food/Snacks,Yes
34,Female,Self-employed,"₹2,000 - ₹5,000",Quick Commerce,3,Stressed,Free Shipping Threshold,Electronics,No
45,Male,Employed,"₹5,000 - ₹15,000",E-commerce Website,3,Neutral,Heavy Discount,Electronics,Yes
35,Female,Employed,"Above ₹15,000",Social Media Stores,5,Neutral,Social Media Ad,Clothing,No
36,Female,Student,"Under ₹2,000",Physical In-Store,5,Bored,Social Media Ad,Clothing,Yes
43,Female,Student,"₹5,000 - ₹15,000",Social Media Stores,4,Sad,Attractive Packaging,Clothing,No
31,Male,Self-employed,"₹2,000 - ₹5,000",E-commerce Website,2,Sad,Attractive Packaging,Electronics,No
26,Female,Student,"₹5,000 - ₹15,000",E-commerce Website,9,Stressed,Attractive Packaging,Electronics,No
36,Female,Employed,"₹5,000 - ₹15,000",E-commerce Website,8,Bored,Attractive Packaging,Food/Snacks,No
39,Female,Student,"Above ₹15,000",Social Media Stores,6,Stressed,Social Media Ad,Electronics,No
24,Female,Student,"Under ₹2,000",Social Media Stores,6,Bored,Free Shipping Threshold,Gaming/Digital,Yes
22,Other,Employed,"₹2,000 - ₹5,000",Physical In-Store,6,Neutral,Limited Time Flash Sale,Clothing,No
29,Female,Student,"Under ₹2,000",Social Media Stores,3,Neutral,Attractive Packaging,Beauty/Cosmetics,No
34,Male,Employed,"₹5,000 - ₹15,000",Quick Commerce,5,Neutral,Free Shipping Threshold,Clothing,No
34,Female,Student,"Above ₹15,000",Physical In-Store,7,Neutral,Attractive Packaging,Food/Snacks,No
18,Male,Employed,"Above ₹15,000",E-commerce Website,3,Stressed,Attractive Packaging,Food/Snacks,Yes
43,Male,Employed,"₹2,000 - ₹5,000",Social Media Stores,9,Neutral,Social Media Ad,Electronics,No
22,Male,Employed,"₹5,000 - ₹15,000",E-commerce Website,7,Neutral,Free Shipping Threshold,Gaming/Digital,No
25,Female,Employed,"₹2,000 - ₹5,000",Social Media Stores,5,Neutral,Attractive Packaging,Electronics,No
20,Male,Student,"Under ₹2,000",E-commerce Website,8,Happy,Social Media Ad,Clothing,No
49,Male,Employed,"Above ₹15,000",Quick Commerce,3,Stressed,Heavy Discount,Beauty/Cosmetics,Yes
29,Female,Employed,"Under ₹2,000",Quick Commerce,7,Happy,Attractive Packaging,Electronics,No
21,Female,Unemployed,"Under ₹2,000",E-commerce Website,9,Sad,Heavy Discount,Food/Snacks,No
34,Male,Student,"₹2,000 - ₹5,000",E-commerce Website,4,Sad,Limited Time Flash Sale,Beauty/Cosmetics,Yes
34,Female,Student,"₹2,000 - ₹5,000",E-commerce Website,3,Stressed,Social Media Ad,Electronics,Yes
26,Female,Student,"Under ₹2,000",E-commerce Website,5,Happy,Heavy Discount,Beauty/Cosmetics,Yes
34,Male,Student,"₹5,000 - ₹15,000",E-commerce Website,9,Bored,Free Shipping Threshold,Food/Snacks,No
21,Female,Student,"₹2,000 - ₹5,000",Social Media Stores,2,Happy,Free Shipping Threshold,Food/Snacks,No
24,Female,Employed,"₹2,000 - ₹5,000",Quick Commerce,7,Happy,Social Media Ad,Electronics,Yes
18,Female,Employed,"₹2,000 - ₹5,000",Quick Commerce,3,Bored,Limited Time Flash Sale,Electronics,Yes
18,Female,Self-employed,"₹5,000 - ₹15,000",Physical In-Store,4,Happy,Attractive Packaging,Electronics,Yes
42,Female,Student,"₹5,000 - ₹15,000",Social Media Stores,7,Stressed,Heavy Discount,Electronics,Yes
41,Male,Unemployed,"Above ₹15,000",E-commerce Website,1,Sad,Free Shipping Threshold,Clothing,No
28,Female,Self-employed,"Above ₹15,000",E-commerce Website,7,Neutral,Heavy Discount,Gaming/Digital,Yes
41,Male,Self-employed,"₹2,000 - ₹5,000",E-commerce Website,2,Stressed,Free Shipping Threshold,Electronics,Yes
26,Female,Self-employed,"Above ₹15,000",Quick Commerce,2,Neutral,Free Shipping Threshold,Food/Snacks,Yes
26,Male,Employed,"₹2,000 - ₹5,000",E-commerce Website,7,Bored,Heavy Discount,Electronics,No
28,Female,Employed,"Under ₹2,000",Quick Commerce,8,Happy,Social Media Ad,Clothing,No
27,Male,Employed,"₹5,000 - ₹15,000",Social Media Stores,5,Stressed,Social Media Ad,Clothing,Yes
26,Female,Employed,"Under ₹2,000",E-commerce Website,7,Stressed,Heavy Discount,Food/Snacks,No
37,Male,Self-employed,"Under ₹2,000",E-commerce Website,6,Bored,Attractive Packaging,Food/Snacks,Yes
29,Female,Employed,"Above ₹15,000",Physical In-Store,3,Bored,Limited Time Flash Sale,Beauty/Cosmetics,Yes
33,Female,Student,"₹5,000 - ₹15,000",Social Media Stores,4,Happy,Social Media Ad,Electronics,No
36,Female,Employed,"Under ₹2,000",E-commerce Website,5,Neutral,Free Shipping Threshold,Clothing,No
31,Male,Employed,"₹5,000 - ₹15,000",E-commerce Website,6,Happy,Free Shipping Threshold,Beauty/Cosmetics,No
20,Male,Self-employed,"₹5,000 - ₹15,000",E-commerce Website,2,Happy,Attractive Packaging,Electronics,No
18,Female,Student,"Above ₹15,000",Quick Commerce,2,Sad,Heavy Discount,Food/Snacks,Yes
29,Female,Employed,"₹5,000 - ₹15,000",E-commerce Website,2,Stressed,Attractive Packaging,Gaming/Digital,Yes
26,Male,Student,"₹5,000 - ₹15,000",E-commerce Website,3,Stressed,Heavy Discount,Gaming/Digital,No
28,Male,Self-employed,"₹5,000 - ₹15,000",Social Media Stores,5,Neutral,Free Shipping Threshold,Beauty/Cosmetics,No
27,Male,Student,"₹5,000 - ₹15,000",E-commerce Website,5,Bored,Attractive Packaging,Gaming/Digital,No
48,Female,Self-employed,"₹5,000 - ₹15,000",Quick Commerce,6,Happy,Social Media Ad,Beauty/Cosmetics,Yes
18,Male,Student,"₹5,000 - ₹15,000",Social Media Stores,7,Happy,Heavy Discount,Clothing,No
18,Female,Student,"₹2,000 - ₹5,000",Physical In-Store,5,Happy,Heavy Discount,Food/Snacks,Yes
30,Male,Student,"Above ₹15,000",Quick Commerce,3,Neutral,Social Media Ad,Gaming/Digital,Yes
24,Male,Employed,"₹2,000 - ₹5,000",Quick Commerce,1,Happy,Free Shipping Threshold,Food/Snacks,No
30,Male,Employed,"Under ₹2,000",Social Media Stores,5,Neutral,Limited Time Flash Sale,Clothing,Yes
32,Female,Student,"₹5,000 - ₹15,000",E-commerce Website,4,Stressed,Free Shipping Threshold,Clothing,Yes
38,Female,Employed,"₹2,000 - ₹5,000",Quick Commerce,5,Stressed,Social Media Ad,Clothing,No
18,Male,Student,"₹5,000 - ₹15,000",E-commerce Website,3,Neutral,Social Media Ad,Electronics,No
23,Female,Self-employed,"Under ₹2,000",E-commerce Website,4,Stressed,Heavy Discount,Food/Snacks,No
31,Male,Student,"₹5,000 - ₹15,000",E-commerce Website,7,Bored,Attractive Packaging,Clothing,No
34,Female,Employed,"Above ₹15,000",E-commerce Website,3,Happy,Free Shipping Threshold,Clothing,No
45,Female,Employed,"₹5,000 - ₹15,000",Quick Commerce,6,Neutral,Heavy Discount,Electronics,Yes
35,Male,Self-employed,"₹2,000 - ₹5,000",Social Media Stores,5,Neutral,Limited Time Flash Sale,Food/Snacks,No
27,Female,Self-employed,"Above ₹15,000",Social Media Stores,8,Stressed,Social Media Ad,Beauty/Cosmetics,Yes
20,Female,Self-employed,"₹2,000 - ₹5,000",E-commerce Website,5,Happy,Heavy Discount,Electronics,No
23,Male,Student,"₹2,000 - ₹5,000",Quick Commerce,6,Neutral,Free Shipping Threshold,Food/Snacks,Yes
23,Female,Self-employed,"₹2,000 - ₹5,000",E-commerce Website,8,Sad,Attractive Packaging,Gaming/Digital,No
33,Male,Employed,"Above ₹15,000",Physical In-Store,5,Bored,Social Media Ad,Clothing,No
30,Female,Self-employed,"Under ₹2,000",Social Media Stores,5,Happy,Attractive Packaging,Electronics,No
18,Male,Employed,"₹5,000 - ₹15,000",E-commerce Website,6,Neutral,Free Shipping Threshold,Beauty/Cosmetics,Yes
24,Female,Self-employed,"₹2,000 - ₹5,000",E-commerce Website,5,Bored,Social Media Ad,Electronics,Yes
35,Male,Employed,"Under ₹2,000",Quick Commerce,4,Neutral,Attractive Packaging,Food/Snacks,No
30,Male,Employed,"Above ₹15,000",Social Media Stores,5,Stressed,Social Media Ad,Food/Snacks,Yes
32,Male,Employed,"₹5,000 - ₹15,000",Quick Commerce,8,Bored,Limited Time Flash Sale,Electronics,Yes
31,Male,Employed,"₹5,000 - ₹15,000",E-commerce Website,6,Neutral,Social Media Ad,Electronics,No
41,Female,Employed,"₹2,000 - ₹5,000",Physical In-Store,6,Happy,Social Media Ad,Clothing,No
29,Male,Employed,"₹5,000 - ₹15,000",Physical In-Store,4,Bored,Social Media Ad,Gaming/Digital,No
24,Female,Employed,"₹5,000 - ₹15,000",Quick Commerce,4,Neutral,Social Media Ad,Beauty/Cosmetics,No
20,Male,Employed,"₹2,000 - ₹5,000",Physical In-Store,5,Happy,Limited Time Flash Sale,Beauty/Cosmetics,Yes
29,Female,Employed,"₹5,000 - ₹15,000",Social Media Stores,6,Happy,Limited Time Flash Sale,Clothing,Yes
18,Female,Student,"Above ₹15,000",E-commerce Website,7,Happy,Social Media Ad,Food/Snacks,No
26,Other,Unemployed,"₹5,000 - ₹15,000",Social Media Stores,6,Stressed,Social Media Ad,Beauty/Cosmetics,Yes
26,Other,Employed,"₹2,000 - ₹5,000",E-commerce Website,1,Bored,Free Shipping Threshold,Clothing,Yes
18,Female,Student,"₹5,000 - ₹15,000",Physical In-Store,3,Sad,Free Shipping Threshold,Gaming/Digital,No
20,Female,Employed,"₹5,000 - ₹15,000",Social Media Stores,2,Sad,Free Shipping Threshold,Food/Snacks,Yes
34,Male,Student,"Under ₹2,000",E-commerce Website,3,Neutral,Social Media Ad,Electronics,No
29,Female,Student,"₹5,000 - ₹15,000",E-commerce Website,4,Happy,Free Shipping Threshold,Gaming/Digital,Yes
28,Other,Employed,"Above ₹15,000",Social Media Stores,6,Bored,Heavy Discount,Beauty/Cosmetics,Yes
30,Male,Employed,"Above ₹15,000",Social Media Stores,8,Stressed,Limited Time Flash Sale,Clothing,Yes
28,Female,Student,"₹5,000 - ₹15,000",E-commerce Website,8,Bored,Attractive Packaging,Electronics,No
37,Male,Employed,"Under ₹2,000",Social Media Stores,6,Happy,Social Media Ad,Beauty/Cosmetics,No
28,Female,Self-employed,"Above ₹15,000",Quick Commerce,5,Bored,Limited Time Flash Sale,Beauty/Cosmetics,Yes
18,Female,Student,"₹5,000 - ₹15,000",Social Media Stores,10,Neutral,Limited Time Flash Sale,Electronics,No
41,Female,Student,"₹2,000 - ₹5,000",Social Media Stores,3,Bored,Attractive Packaging,Clothing,No
30,Female,Unemployed,"₹5,000 - ₹15,000",Quick Commerce,6,Neutral,Attractive Packaging,Food/Snacks,No
23,Other,Employed,"Above ₹15,000",Quick Commerce,5,Happy,Heavy Discount,Beauty/Cosmetics,Yes
18,Female,Employed,"Under ₹2,000",E-commerce Website,7,Stressed,Heavy Discount,Gaming/Digital,Yes
31,Female,Student,"Above ₹15,000",Quick Commerce,5,Neutral,Heavy Discount,Beauty/Cosmetics,No
27,Male,Employed,"Above ₹15,000",Physical In-Store,5,Neutral,Attractive Packaging,Beauty/Cosmetics,Yes
40,Male,Employed,"Under ₹2,000",Quick Commerce,1,Bored,Free Shipping Threshold,Beauty/Cosmetics,Yes
25,Female,Unemployed,"Above ₹15,000",E-commerce Website,9,Neutral,Social Media Ad,Gaming/Digital,No
21,Male,Employed,"Above ₹15,000",E-commerce Website,7,Neutral,Limited Time Flash Sale,Clothing,Yes
35,Male,Employed,"Under ₹2,000",Quick Commerce,3,Neutral,Heavy Discount,Beauty/Cosmetics,No
35,Female,Self-employed,"₹2,000 - ₹5,000",E-commerce Website,7,Stressed,Free Shipping Threshold,Beauty/Cosmetics,Yes
29,Female,Unemployed,"₹2,000 - ₹5,000",E-commerce Website,4,Neutral,Free Shipping Threshold,Electronics,No
33,Female,Student,"₹2,000 - ₹5,000",Social Media Stores,2,Bored,Attractive Packaging,Beauty/Cosmetics,Yes
27,Male,Self-employed,"₹5,000 - ₹15,000",Social Media Stores,3,Bored,Limited Time Flash Sale,Beauty/Cosmetics,No
29,Male,Employed,"₹2,000 - ₹5,000",Physical In-Store,5,Stressed,Free Shipping Threshold,Food/Snacks,Yes
37,Female,Employed,"Above ₹15,000",E-commerce Website,6,Stressed,Social Media Ad,Food/Snacks,No
33,Male,Employed,"Above ₹15,000",E-commerce Website,5,Happy,Heavy Discount,Electronics,No
26,Male,Employed,"₹2,000 - ₹5,000",E-commerce Website,6,Happy,Heavy Discount,Clothing,Yes
38,Male,Student,"₹5,000 - ₹15,000",E-commerce Website,6,Stressed,Attractive Packaging,Beauty/Cosmetics,Yes
18,Male,Employed,"₹5,000 - ₹15,000",E-commerce Website,8,Sad,Free Shipping Threshold,Clothing,Yes
44,Male,Employed,"₹5,000 - ₹15,000",E-commerce Website,6,Bored,Social Media Ad,Beauty/Cosmetics,Yes
18,Male,Student,"₹2,000 - ₹5,000",Social Media Stores,3,Bored,Free Shipping Threshold,Clothing,No
22,Male,Employed,"Under ₹2,000",Quick Commerce,4,Stressed,Attractive Packaging,Gaming/Digital,No
27,Female,Unemployed,"Under ₹2,000",E-commerce Website,6,Stressed,Attractive Packaging,Beauty/Cosmetics,No
26,Male,Employed,"Under ₹2,000",Physical In-Store,5,Stressed,Heavy Discount,Food/Snacks,Yes
36,Male,Employed,"Above ₹15,000",Social Media Stores,5,Bored,Attractive Packaging,Clothing,Yes
19,Female,Self-employed,"₹2,000 - ₹5,000",Quick Commerce,6,Neutral,Heavy Discount,Electronics,No
30,Female,Employed,"Under ₹2,000",E-commerce Website,5,Neutral,Limited Time Flash Sale,Gaming/Digital,Yes
23,Male,Student,"₹5,000 - ₹15,000",E-commerce Website,5,Bored,Heavy Discount,Food/Snacks,No
30,Female,Employed,"Under ₹2,000",Quick Commerce,6,Stressed,Attractive Packaging,Gaming/Digital,No
27,Male,Student,"Under ₹2,000",Social Media Stores,9,Stressed,Attractive Packaging,Gaming/Digital,No
28,Male,Employed,"₹5,000 - ₹15,000",Quick Commerce,1,Bored,Attractive Packaging,Clothing,No
23,Other,Unemployed,"₹5,000 - ₹15,000",Social Media Stores,6,Neutral,Free Shipping Threshold,Clothing,Yes
23,Female,Employed,"Under ₹2,000",E-commerce Website,8,Sad,Heavy Discount,Beauty/Cosmetics,No
30,Female,Employed,"₹2,000 - ₹5,000",E-commerce Website,2,Neutral,Social Media Ad,Gaming/Digital,No
35,Female,Employed,"₹2,000 - ₹5,000",Social Media Stores,5,Sad,Limited Time Flash Sale,Beauty/Cosmetics,No
23,Female,Student,"₹5,000 - ₹15,000",E-commerce Website,4,Stressed,Social Media Ad,Gaming/Digital,No
21,Male,Employed,"₹5,000 - ₹15,000",E-commerce Website,7,Happy,Social Media Ad,Gaming/Digital,No
32,Male,Employed,"₹2,000 - ₹5,000",Physical In-Store,3,Bored,Free Shipping Threshold,Beauty/Cosmetics,No
27,Female,Student,"₹2,000 - ₹5,000",Quick Commerce,5,Stressed,Social Media Ad,Food/Snacks,Yes
34,Female,Self-employed,"₹5,000 - ₹15,000",Quick Commerce,6,Neutral,Limited Time Flash Sale,Beauty/Cosmetics,Yes
20,Male,Student,"Above ₹15,000",E-commerce Website,5,Sad,Limited Time Flash Sale,Electronics,No
18,Female,Unemployed,"Above ₹15,000",Social Media Stores,5,Neutral,Free Shipping Threshold,Electronics,No
23,Male,Employed,"₹2,000 - ₹5,000",E-commerce Website,1,Stressed,Social Media Ad,Electronics,Yes
21,Female,Employed,"₹5,000 - ₹15,000",E-commerce Website,1,Bored,Heavy Discount,Electronics,Yes
27,Female,Student,"₹5,000 - ₹15,000",E-commerce Website,3,Happy,Heavy Discount,Food/Snacks,No
22,Female,Employed,"Above ₹15,000",Social Media Stores,2,Happy,Attractive Packaging,Electronics,Yes
33,Male,Self-employed,"₹5,000 - ₹15,000",E-commerce Website,6,Happy,Attractive Packaging,Food/Snacks,No
25,Male,Employed,"₹2,000 - ₹5,000",E-commerce Website,4,Bored,Social Media Ad,Food/Snacks,Yes
29,Female,Self-employed,"Under ₹2,000",E-commerce Website,4,Bored,Limited Time Flash Sale,Beauty/Cosmetics,Yes
29,Male,Employed,"₹2,000 - ₹5,000",Physical In-Store,5,Sad,Attractive Packaging,Clothing,Yes
29,Male,Self-employed,"₹2,000 - ₹5,000",Quick Commerce,2,Happy,Attractive Packaging,Electronics,Yes
27,Female,Unemployed,"Above ₹15,000",Physical In-Store,7,Bored,Heavy Discount,Clothing,Yes
32,Female,Employed,"₹2,000 - ₹5,000",E-commerce Website,5,Neutral,Attractive Packaging,Electronics,Yes
21,Male,Employed,"Under ₹2,000",E-commerce Website,5,Stressed,Heavy Discount,Clothing,No
39,Female,Self-employed,"Above ₹15,000",E-commerce Website,3,Happy,Heavy Discount,Clothing,No
26,Female,Student,"Under ₹2,000",E-commerce Website,9,Bored,Heavy Discount,Food/Snacks,No
18,Male,Self-employed,"₹2,000 - ₹5,000",E-commerce Website,2,Neutral,Social Media Ad,Electronics,Yes
29,Female,Employed,"₹2,000 - ₹5,000",E-commerce Website,5,Sad,Heavy Discount,Electronics,No
21,Male,Employed,"₹5,000 - ₹15,000",Physical In-Store,8,Bored,Heavy Discount,Electronics,No
33,Male,Student,"₹2,000 - ₹5,000",E-commerce Website,8,Neutral,Social Media Ad,Clothing,No
45,Male,Employed,"₹2,000 - ₹5,000",E-commerce Website,4,Stressed,Attractive Packaging,Beauty/Cosmetics,Yes
21,Male,Employed,"Under ₹2,000",Quick Commerce,10,Stressed,Heavy Discount,Electronics,Yes
30,Female,Self-employed,"₹5,000 - ₹15,000",E-commerce Website,3,Bored,Heavy Discount,Food/Snacks,Yes
18,Male,Employed,"₹2,000 - ₹5,000",Social Media Stores,2,Stressed,Heavy Discount,Clothing,Yes
31,Female,Student,"₹5,000 - ₹15,000",Social Media Stores,5,Neutral,Social Media Ad,Clothing,No
20,Male,Unemployed,"₹2,000 - ₹5,000",E-commerce Website,12,Stressed,Heavy Discount,Food/Snacks,No
23,Male,Employed,"₹2,000 - ₹5,000",Social Media Stores,5,Sad,Free Shipping Threshold,Gaming/Digital,No
19,Female,Unemployed,"₹5,000 - ₹15,000",Social Media Stores,3,Neutral,Heavy Discount,Gaming/Digital,Yes
33,Female,Employed,"Under ₹2,000",Social Media Stores,9,Happy,Heavy Discount,Beauty/Cosmetics,No
36,Female,Employed,"Under ₹2,000",Quick Commerce,8,Stressed,Attractive Packaging,Beauty/Cosmetics,Yes
28,Female,Employed,"₹5,000 - ₹15,000",E-commerce Website,8,Stressed,Attractive Packaging,Gaming/Digital,No
21,Male,Employed,"₹2,000 - ₹5,000",E-commerce Website,2,Bored,Attractive Packaging,Gaming/Digital,Yes
40,Female,Student,"₹5,000 - ₹15,000",E-commerce Website,4,Neutral,Limited Time Flash Sale,Clothing,No
21,Male,Student,"Under ₹2,000",Physical In-Store,5,Neutral,Attractive Packaging,Gaming/Digital,No
18,Female,Self-employed,"₹5,000 - ₹15,000",E-commerce Website,7,Happy,Attractive Packaging,Beauty/Cosmetics,No
31,Female,Employed,"Above ₹15,000",Quick Commerce,2,Bored,Attractive Packaging,Gaming/Digital,No
19,Male,Unemployed,"₹2,000 - ₹5,000",E-commerce Website,1,Neutral,Attractive Packaging,Food/Snacks,No
35,Male,Student,"₹5,000 - ₹15,000",E-commerce Website,2,Neutral,Attractive Packaging,Gaming/Digital,No
24,Female,Unemployed,"₹2,000 - ₹5,000",E-commerce Website,5,Neutral,Attractive Packaging,Beauty/Cosmetics,No
32,Female,Employed,"Above ₹15,000",E-commerce Website,8,Bored,Limited Time Flash Sale,Electronics,No
39,Male,Employed,"Under ₹2,000",E-commerce Website,5,Stressed,Heavy Discount,Beauty/Cosmetics,Yes
18,Other,Employed,"₹5,000 - ₹15,000",Quick Commerce,5,Neutral,Limited Time Flash Sale,Gaming/Digital,Yes
23,Female,Self-employed,"₹5,000 - ₹15,000",Quick Commerce,3,Stressed,Limited Time Flash Sale,Clothing,Yes
27,Male,Employed,"₹2,000 - ₹5,000",E-commerce Website,4,Bored,Free Shipping Threshold,Clothing,Yes
40,Male,Employed,"₹2,000 - ₹5,000",Physical In-Store,6,Happy,Free Shipping Threshold,Food/Snacks,No
22,Female,Student,"₹2,000 - ₹5,000",Social Media Stores,5,Happy,Social Media Ad,Clothing,No
23,Male,Employed,"₹5,000 - ₹15,000",Quick Commerce,5,Happy,Heavy Discount,Gaming/Digital,Yes
31,Male,Self-employed,"Under ₹2,000",Quick Commerce,6,Stressed,Attractive Packaging,Electronics,Yes
23,Female,Student,"₹5,000 - ₹15,000",Social Media Stores,4,Neutral,Attractive Packaging,Electronics,Yes
29,Female,Employed,"₹2,000 - ₹5,000",E-commerce Website,6,Happy,Social Media Ad,Clothing,No
18,Female,Student,"₹2,000 - ₹5,000",Social Media Stores,2,Neutral,Attractive Packaging,Gaming/Digital,No
45,Male,Self-employed,"₹5,000 - ₹15,000",Physical In-Store,3,Neutral,Social Media Ad,Clothing,No
18,Female,Unemployed,"Above ₹15,000",Social Media Stores,3,Neutral,Heavy Discount,Beauty/Cosmetics,No
25,Other,Employed,"₹5,000 - ₹15,000",Social Media Stores,7,Sad,Attractive Packaging,Food/Snacks,No
27,Male,Student,"₹5,000 - ₹15,000",Social Media Stores,3,Bored,Limited Time Flash Sale,Beauty/Cosmetics,Yes
43,Female,Employed,"₹5,000 - ₹15,000",E-commerce Website,3,Stressed,Social Media Ad,Electronics,Yes
18,Female,Student,"₹5,000 - ₹15,000",Social Media Stores,6,Neutral,Attractive Packaging,Beauty/Cosmetics,No
43,Female,Employed,"₹2,000 - ₹5,000",Social Media Stores,6,Bored,Heavy Discount,Electronics,Yes
34,Female,Student,"Above ₹15,000",E-commerce Website,4,Sad,Limited Time Flash Sale,Food/Snacks,Yes
31,Male,Employed,"₹5,000 - ₹15,000",Quick Commerce,1,Stressed,Social Media Ad,Food/Snacks,Yes
20,Female,Student,"₹5,000 - ₹15,000",Social Media Stores,3,Bored,Free Shipping Threshold,Electronics,Yes
32,Female,Student,"₹5,000 - ₹15,000",Social Media Stores,7,Happy,Free Shipping Threshold,Gaming/Digital,Yes
22,Female,Student,"₹2,000 - ₹5,000",E-commerce Website,4,Bored,Free Shipping Threshold,Clothing,No
38,Other,Employed,"₹2,000 - ₹5,000",Quick Commerce,5,Sad,Limited Time Flash Sale,Food/Snacks,Yes
20,Male,Employed,"Under ₹2,000",E-commerce Website,7,Stressed,Attractive Packaging,Food/Snacks,Yes
27,Male,Student,"₹5,000 - ₹15,000",Social Media Stores,9,Happy,Attractive Packaging,Clothing,Yes
23,Male,Employed,"₹2,000 - ₹5,000",Quick Commerce,11,Bored,Attractive Packaging,Food/Snacks,Yes
20,Female,Self-employed,"₹2,000 - ₹5,000",Quick Commerce,4,Stressed,Heavy Discount,Food/Snacks,Yes
33,Male,Student,"Above ₹15,000",Social Media Stores,4,Neutral,Social Media Ad,Gaming/Digital,Yes
32,Female,Self-employed,"₹5,000 - ₹15,000",E-commerce Website,8,Sad,Heavy Discount,Beauty/Cosmetics,No
37,Male,Employed,"Under ₹2,000",Quick Commerce,5,Happy,Limited Time Flash Sale,Beauty/Cosmetics,Yes
18,Female,Student,"₹5,000 - ₹15,000",Quick Commerce,11,Bored,Heavy Discount,Clothing,Yes
36,Male,Employed,"₹2,000 - ₹5,000",E-commerce Website,5,Happy,Social Media Ad,Electronics,No
48,Female,Employed,"₹5,000 - ₹15,000",E-commerce Website,4,Sad,Attractive Packaging,Clothing,No
24,Female,Employed,"₹5,000 - ₹15,000",E-commerce Website,5,Happy,Limited Time Flash Sale,Food/Snacks,No
43,Female,Student,"₹2,000 - ₹5,000",Physical In-Store,4,Neutral,Limited Time Flash Sale,Beauty/Cosmetics,Yes
25,Female,Unemployed,"Under ₹2,000",E-commerce Website,6,Stressed,Free Shipping Threshold,Beauty/Cosmetics,Yes
18,Male,Employed,"₹2,000 - ₹5,000",E-commerce Website,3,Stressed,Limited Time Flash Sale,Electronics,Yes
25,Male,Employed,"Under ₹2,000",Quick Commerce,5,Neutral,Heavy Discount,Beauty/Cosmetics,Yes
36,Other,Student,"₹2,000 - ₹5,000",Physical In-Store,6,Neutral,Limited Time Flash Sale,Clothing,No
21,Female,Student,"Above ₹15,000",Quick Commerce,4,Bored,Limited Time Flash Sale,Electronics,Yes
23,Male,Employed,"₹2,000 - ₹5,000",Quick Commerce,3,Bored,Social Media Ad,Gaming/Digital,Yes
32,Female,Employed,"Above ₹15,000",Quick Commerce,5,Happy,Attractive Packaging,Clothing,No
28,Male,Employed,"₹5,000 - ₹15,000",E-commerce Website,5,Happy,Limited Time Flash Sale,Food/Snacks,No
32,Male,Employed,"₹5,000 - ₹15,000",E-commerce Website,2,Bored,Limited Time Flash Sale,Gaming/Digital,Yes
29,Male,Student,"Under ₹2,000",E-commerce Website,4,Neutral,Heavy Discount,Beauty/Cosmetics,No
31,Female,Employed,"₹2,000 - ₹5,000",Quick Commerce,7,Neutral,Heavy Discount,Beauty/Cosmetics,Yes
24,Male,Student,"₹5,000 - ₹15,000",E-commerce Website,5,Neutral,Free Shipping Threshold,Electronics,No
29,Male,Employed,"Above ₹15,000",Physical In-Store,0,Sad,Heavy Discount,Gaming/Digital,Yes
20,Male,Employed,"Under ₹2,000",E-commerce Website,5,Bored,Limited Time Flash Sale,Food/Snacks,Yes
38,Male,Employed,"₹5,000 - ₹15,000",E-commerce Website,2,Stressed,Heavy Discount,Beauty/Cosmetics,No
22,Female,Self-employed,"Under ₹2,000",Quick Commerce,5,Stressed,Attractive Packaging,Clothing,Yes
37,Male,Unemployed,"₹2,000 - ₹5,000",E-commerce Website,4,Neutral,Social Media Ad,Beauty/Cosmetics,No
26,Male,Employed,"₹5,000 - ₹15,000",Social Media Stores,8,Bored,Social Media Ad,Electronics,No
29,Female,Student,"₹5,000 - ₹15,000",Physical In-Store,9,Happy,Free Shipping Threshold,Food/Snacks,No
24,Male,Employed,"Under ₹2,000",Quick Commerce,5,Neutral,Free Shipping Threshold,Food/Snacks,Yes
19,Male,Student,"Under ₹2,000",E-commerce Website,5,Stressed,Free Shipping Threshold,Beauty/Cosmetics,No
18,Female,Employed,"₹2,000 - ₹5,000",Quick Commerce,6,Happy,Social Media Ad,Gaming/Digital,Yes
19,Female,Self-employed,"Above ₹15,000",E-commerce Website,2,Bored,Attractive Packaging,Gaming/Digital,Yes
25,Female,Employed,"₹2,000 - ₹5,000",Social Media Stores,8,Bored,Limited Time Flash Sale,Gaming/Digital,Yes
29,Male,Employed,"₹2,000 - ₹5,000",E-commerce Website,4,Sad,Attractive Packaging,Food/Snacks,No
36,Female,Employed,"₹2,000 - ₹5,000",E-commerce Website,7,Sad,Limited Time Flash Sale,Clothing,Yes
24,Female,Self-employed,"Under ₹2,000",E-commerce Website,3,Happy,Heavy Discount,Food/Snacks,No
20,Female,Student,"₹5,000 - ₹15,000",Physical In-Store,5,Neutral,Social Media Ad,Food/Snacks,No
18,Male,Self-employed,"₹2,000 - ₹5,000",E-commerce Website,4,Stressed,Social Media Ad,Beauty/Cosmetics,No
31,Male,Employed,"₹5,000 - ₹15,000",Social Media Stores,4,Sad,Free Shipping Threshold,Beauty/Cosmetics,No
39,Female,Student,"₹2,000 - ₹5,000",E-commerce Website,5,Sad,Social Media Ad,Gaming/Digital,No
38,Female,Unemployed,"₹5,000 - ₹15,000",E-commerce Website,6,Happy,Heavy Discount,Food/Snacks,No
33,Female,Unemployed,"Under ₹2,000",E-commerce Website,6,Neutral,Attractive Packaging,Food/Snacks,Yes
33,Male,Employed,"Above ₹15,000",E-commerce Website,3,Happy,Heavy Discount,Electronics,No
41,Male,Self-employed,"₹2,000 - ₹5,000",E-commerce Website,1,Happy,Attractive Packaging,Beauty/Cosmetics,No
30,Female,Student,"₹5,000 - ₹15,000",E-commerce Website,8,Bored,Free Shipping Threshold,Electronics,Yes
33,Female,Employed,"₹5,000 - ₹15,000",E-commerce Website,8,Sad,Attractive Packaging,Food/Snacks,Yes
25,Male,Student,"₹5,000 - ₹15,000",E-commerce Website,12,Sad,Attractive Packaging,Clothing,No
18,Male,Employed,"₹2,000 - ₹5,000",E-commerce Website,5,Neutral,Attractive Packaging,Electronics,Yes
22,Male,Employed,"Above ₹15,000",E-commerce Website,1,Bored,Free Shipping Threshold,Beauty/Cosmetics,No
27,Female,Student,"₹2,000 - ₹5,000",Quick Commerce,2,Bored,Social Media Ad,Food/Snacks,Yes
28,Female,Employed,"Above ₹15,000",Quick Commerce,5,Happy,Social Media Ad,Electronics,No
43,Female,Student,"Under ₹2,000",Social Media Stores,6,Stressed,Social Media Ad,Beauty/Cosmetics,Yes
28,Female,Student,"₹2,000 - ₹5,000",E-commerce Website,3,Bored,Limited Time Flash Sale,Food/Snacks,Yes
37,Male,Employed,"Under ₹2,000",Social Media Stores,3,Bored,Limited Time Flash Sale,Food/Snacks,Yes
24,Female,Employed,"Under ₹2,000",Social Media Stores,8,Sad,Limited Time Flash Sale,Electronics,No
25,Other,Employed,"₹2,000 - ₹5,000",E-commerce Website,8,Sad,Heavy Discount,Electronics,Yes
18,Female,Student,"Under ₹2,000",E-commerce Website,5,Neutral,Social Media Ad,Beauty/Cosmetics,No
22,Female,Employed,"Above ₹15,000",E-commerce Website,7,Stressed,Attractive Packaging,Clothing,Yes
32,Male,Student,"₹5,000 - ₹15,000",E-commerce Website,6,Happy,Free Shipping Threshold,Electronics,No
28,Female,Employed,"Under ₹2,000",Social Media Stores,9,Bored,Free Shipping Threshold,Beauty/Cosmetics,No
35,Female,Self-employed,"₹2,000 - ₹5,000",Quick Commerce,3,Bored,Limited Time Flash Sale,Food/Snacks,Yes
29,Female,Student,"₹5,000 - ₹15,000",E-commerce Website,3,Bored,Heavy Discount,Beauty/Cosmetics,No
25,Male,Employed,"₹2,000 - ₹5,000",E-commerce Website,4,Bored,Limited Time Flash Sale,Electronics,Yes
45,Other,Student,"₹5,000 - ₹15,000",Physical In-Store,3,Stressed,Limited Time Flash Sale,Gaming/Digital,Yes
27,Female,Employed,"₹5,000 - ₹15,000",E-commerce Website,3,Happy,Attractive Packaging,Electronics,No
37,Male,Employed,"₹5,000 - ₹15,000",E-commerce Website,7,Happy,Social Media Ad,Beauty/Cosmetics,Yes
24,Male,Self-employed,"₹5,000 - ₹15,000",E-commerce Website,8,Happy,Limited Time Flash Sale,Gaming/Digital,Yes
33,Female,Employed,"₹5,000 - ₹15,000",E-commerce Website,5,Bored,Free Shipping Threshold,Electronics,Yes
35,Male,Employed,"₹2,000 - ₹5,000",Social Media Stores,7,Happy,Social Media Ad,Clothing,No
29,Male,Employed,"₹2,000 - ₹5,000",Social Media Stores,4,Happy,Heavy Discount,Gaming/Digital,No
18,Female,Student,"Under ₹2,000",Quick Commerce,6,Neutral,Social Media Ad,Beauty/Cosmetics,Yes
28,Female,Self-employed,"₹5,000 - ₹15,000",Social Media Stores,2,Neutral,Heavy Discount,Gaming/Digital,Yes
37,Female,Employed,"₹2,000 - ₹5,000",E-commerce Website,4,Sad,Limited Time Flash Sale,Gaming/Digital,No
32,Male,Student,"₹5,000 - ₹15,000",Social Media Stores,4,Sad,Limited Time Flash Sale,Beauty/Cosmetics,No
31,Female,Employed,"₹2,000 - ₹5,000",E-commerce Website,8,Stressed,Social Media Ad,Clothing,Yes
18,Male,Employed,"₹2,000 - ₹5,000",E-commerce Website,4,Happy,Heavy Discount,Beauty/Cosmetics,No
22,Male,Student,"Under ₹2,000",Physical In-Store,3,Happy,Limited Time Flash Sale,Gaming/Digital,Yes
31,Male,Employed,"₹5,000 - ₹15,000",Physical In-Store,6,Neutral,Social Media Ad,Beauty/Cosmetics,No
31,Female,Employed,"₹5,000 - ₹15,000",E-commerce Website,3,Sad,Heavy Discount,Food/Snacks,No
37,Male,Employed,"₹5,000 - ₹15,000",E-commerce Website,5,Stressed,Attractive Packaging,Beauty/Cosmetics,Yes
26,Male,Student,"Above ₹15,000",E-commerce Website,6,Neutral,Limited Time Flash Sale,Clothing,Yes
31,Male,Unemployed,"Above ₹15,000",E-commerce Website,4,Happy,Free Shipping Threshold,Beauty/Cosmetics,Yes
28,Female,Student,"₹5,000 - ₹15,000",Social Media Stores,6,Bored,Free Shipping Threshold,Food/Snacks,Yes
20,Female,Employed,"₹2,000 - ₹5,000",E-commerce Website,8,Neutral,Limited Time Flash Sale,Food/Snacks,No
18,Female,Employed,"₹2,000 - ₹5,000",E-commerce Website,4,Happy,Social Media Ad,Gaming/Digital,No
31,Male,Student,"₹2,000 - ₹5,000",Social Media Stores,2,Bored,Social Media Ad,Beauty/Cosmetics,No
29,Male,Student,"Above ₹15,000",E-commerce Website,5,Stressed,Attractive Packaging,Beauty/Cosmetics,Yes
23,Male,Student,"₹2,000 - ₹5,000",Quick Commerce,10,Happy,Attractive Packaging,Clothing,Yes
18,Female,Student,"Under ₹2,000",Quick Commerce,7,Stressed,Free Shipping Threshold,Beauty/Cosmetics,Yes
33,Male,Student,"Above ₹15,000",Quick Commerce,2,Stressed,Social Media Ad,Electronics,Yes
25,Male,Employed,"₹2,000 - ₹5,000",E-commerce Website,1,Bored,Free Shipping Threshold,Food/Snacks,Yes
32,Female,Employed,"₹5,000 - ₹15,000",E-commerce Website,5,Sad,Free Shipping Threshold,Clothing,No
42,Male,Employed,"₹5,000 - ₹15,000",Social Media Stores,3,Bored,Social Media Ad,Clothing,No
18,Male,Student,"₹5,000 - ₹15,000",Physical In-Store,8,Stressed,Free Shipping Threshold,Gaming/Digital,Yes
22,Male,Self-employed,"₹5,000 - ₹15,000",Physical In-Store,7,Bored,Social Media Ad,Beauty/Cosmetics,Yes
26,Male,Student,"₹5,000 - ₹15,000",E-commerce Website,2,Stressed,Limited Time Flash Sale,Beauty/Cosmetics,Yes
39,Female,Employed,"₹5,000 - ₹15,000",Social Media Stores,6,Neutral,Heavy Discount,Beauty/Cosmetics,No
18,Other,Student,"₹2,000 - ₹5,000",E-commerce Website,4,Stressed,Social Media Ad,Gaming/Digital,Yes
43,Male,Student,"₹5,000 - ₹15,000",Social Media Stores,1,Neutral,Limited Time Flash Sale,Beauty/Cosmetics,No
29,Male,Employed,"₹5,000 - ₹15,000",E-commerce Website,7,Neutral,Limited Time Flash Sale,Beauty/Cosmetics,Yes
27,Female,Employed,"₹2,000 - ₹5,000",Social Media Stores,6,Stressed,Limited Time Flash Sale,Food/Snacks,Yes
26,Female,Employed,"₹2,000 - ₹5,000",E-commerce Website,5,Neutral,Attractive Packaging,Beauty/Cosmetics,Yes
24,Male,Employed,"₹2,000 - ₹5,000",E-commerce Website,3,Stressed,Free Shipping Threshold,Clothing,Yes
36,Female,Unemployed,"₹5,000 - ₹15,000",E-commerce Website,6,Stressed,Limited Time Flash Sale,Beauty/Cosmetics,Yes
19,Male,Employed,"Under ₹2,000",E-commerce Website,4,Neutral,Attractive Packaging,Electronics,No
30,Female,Employed,"₹5,000 - ₹15,000",E-commerce Website,8,Sad,Attractive Packaging,Electronics,No
24,Other,Student,"Under ₹2,000",E-commerce Website,11,Bored,Free Shipping Threshold,Electronics,No
21,Female,Student,"Under ₹2,000",Quick Commerce,7,Bored,Limited Time Flash Sale,Food/Snacks,Yes
48,Female,Employed,"Under ₹2,000",Social Media Stores,7,Sad,Heavy Discount,Electronics,No
31,Male,Employed,"₹5,000 - ₹15,000",Quick Commerce,7,Stressed,Social Media Ad,Electronics,Yes
32,Female,Employed,"₹2,000 - ₹5,000",Quick Commerce,5,Bored,Heavy Discount,Gaming/Digital,Yes
37,Female,Student,"₹2,000 - ₹5,000",E-commerce Website,9,Stressed,Limited Time Flash Sale,Electronics,Yes
18,Female,Self-employed,"Above ₹15,000",E-commerce Website,2,Stressed,Social Media Ad,Electronics,Yes
42,Male,Unemployed,"₹5,000 - ₹15,000",Quick Commerce,8,Bored,Social Media Ad,Beauty/Cosmetics,Yes
18,Female,Employed,"Above ₹15,000",Social Media Stores,4,Bored,Social Media Ad,Clothing,No
21,Female,Self-employed,"₹5,000 - ₹15,000",Quick Commerce,8,Stressed,Attractive Packaging,Clothing,Yes
24,Male,Self-employed,"Above ₹15,000",Social Media Stores,6,Happy,Attractive Packaging,Electronics,No
32,Male,Unemployed,"₹5,000 - ₹15,000",Social Media Stores,6,Neutral,Heavy Discount,Beauty/Cosmetics,No
29,Male,Employed,"Above ₹15,000",Quick Commerce,4,Neutral,Free Shipping Threshold,Electronics,Yes
26,Female,Employed,"Under ₹2,000",Social Media Stores,5,Bored,Free Shipping Threshold,Clothing,Yes
27,Female,Student,"Under ₹2,000",E-commerce Website,2,Happy,Attractive Packaging,Electronics,Yes
20,Female,Employed,"Under ₹2,000",E-commerce Website,4,Neutral,Heavy Discount,Electronics,Yes
18,Male,Employed,"Above ₹15,000",Quick Commerce,7,Bored,Social Media Ad,Clothing,Yes
33,Female,Employed,"₹5,000 - ₹15,000",Social Media Stores,1,Happy,Limited Time Flash Sale,Electronics,Yes
33,Female,Student,"₹2,000 - ₹5,000",E-commerce Website,4,Happy,Limited Time Flash Sale,Gaming/Digital,No
40,Male,Self-employed,"₹5,000 - ₹15,000",E-commerce Website,5,Neutral,Free Shipping Threshold,Gaming/Digital,Yes
21,Male,Employed,"₹5,000 - ₹15,000",Social Media Stores,3,Happy,Social Media Ad,Gaming/Digital,No
33,Male,Student,"Above ₹15,000",Physical In-Store,7,Bored,Free Shipping Threshold,Beauty/Cosmetics,Yes
25,Other,Employed,"₹5,000 - ₹15,000",E-commerce Website,4,Sad,Heavy Discount,Clothing,Yes
37,Male,Self-employed,"₹5,000 - ₹15,000",E-commerce Website,4,Happy,Free Shipping Threshold,Gaming/Digital,No
36,Male,Unemployed,"₹2,000 - ₹5,000",Quick Commerce,3,Happy,Limited Time Flash Sale,Beauty/Cosmetics,Yes
29,Male,Employed,"₹2,000 - ₹5,000",E-commerce Website,11,Stressed,Heavy Discount,Electronics,Yes
25,Female,Student,"Above ₹15,000",E-commerce Website,5,Bored,Heavy Discount,Beauty/Cosmetics,Yes
35,Male,Student,"₹5,000 - ₹15,000",Quick Commerce,6,Neutral,Limited Time Flash Sale,Gaming/Digital,No
33,Male,Student,"₹5,000 - ₹15,000",E-commerce Website,1,Neutral,Free Shipping Threshold,Clothing,Yes
22,Male,Student,"Under ₹2,000",E-commerce Website,9,Neutral,Heavy Discount,Gaming/Digital,Yes
18,Male,Employed,"Under ₹2,000",Quick Commerce,5,Neutral,Free Shipping Threshold,Gaming/Digital,No
25,Male,Employed,"Under ₹2,000",Social Media Stores,5,Bored,Social Media Ad,Electronics,Yes
40,Female,Student,"₹5,000 - ₹15,000",E-commerce Website,6,Stressed,Heavy Discount,Gaming/Digital,Yes
37,Female,Self-employed,"₹5,000 - ₹15,000",Quick Commerce,6,Happy,Limited Time Flash Sale,Food/Snacks,Yes
19,Female,Employed,"Above ₹15,000",Social Media Stores,5,Stressed,Limited Time Flash Sale,Beauty/Cosmetics,Yes
18,Female,Employed,"₹5,000 - ₹15,000",Quick Commerce,7,Neutral,Free Shipping Threshold,Clothing,Yes
38,Male,Employed,"₹2,000 - ₹5,000",E-commerce Website,3,Stressed,Attractive Packaging,Gaming/Digital,No
18,Female,Employed,"Under ₹2,000",E-commerce Website,7,Bored,Social Media Ad,Beauty/Cosmetics,Yes
32,Male,Employed,"₹5,000 - ₹15,000",Social Media Stores,7,Happy,Attractive Packaging,Electronics,No
23,Male,Employed,"₹2,000 - ₹5,000",E-commerce Website,4,Happy,Free Shipping Threshold,Beauty/Cosmetics,No
40,Female,Employed,"₹5,000 - ₹15,000",Physical In-Store,3,Stressed,Attractive Packaging,Clothing,No
21,Female,Employed,"₹5,000 - ₹15,000",E-commerce Website,3,Neutral,Free Shipping Threshold,Electronics,No
37,Female,Self-employed,"Under ₹2,000",E-commerce Website,6,Happy,Social Media Ad,Clothing,No
29,Female,Self-employed,"Under ₹2,000",E-commerce Website,11,Stressed,Free Shipping Threshold,Beauty/Cosmetics,No
30,Other,Employed,"₹2,000 - ₹5,000",Physical In-Store,2,Happy,Free Shipping Threshold,Food/Snacks,Yes
18,Female,Student,"₹2,000 - ₹5,000",Social Media Stores,3,Neutral,Free Shipping Threshold,Food/Snacks,No
18,Female,Self-employed,"₹5,000 - ₹15,000",E-commerce Website,8,Neutral,Social Media Ad,Electronics,No
26,Female,Employed,"₹5,000 - ₹15,000",E-commerce Website,5,Sad,Attractive Packaging,Beauty/Cosmetics,No
29,Male,Employed,"Above ₹15,000",Social Media Stores,4,Sad,Free Shipping Threshold,Electronics,Yes
18,Male,Employed,"Above ₹15,000",E-commerce Website,5,Happy,Attractive Packaging,Beauty/Cosmetics,No
19,Female,Student,"₹2,000 - ₹5,000",Social Media Stores,7,Bored,Limited Time Flash Sale,Gaming/Digital,Yes
32,Male,Student,"₹5,000 - ₹15,000",Physical In-Store,4,Happy,Limited Time Flash Sale,Gaming/Digital,No
32,Male,Student,"₹5,000 - ₹15,000",Physical In-Store,4,Happy,Limited Time Flash Sale,Clothing,Yes
26,Male,Student,"Under ₹2,000",E-commerce Website,6,Happy,Social Media Ad,Clothing,No
34,Male,Employed,"Above ₹15,000",Quick Commerce,9,Neutral,Free Shipping Threshold,Beauty/Cosmetics,Yes
18,Other,Student,"₹5,000 - ₹15,000",E-commerce Website,9,Bored,Free Shipping Threshold,Food/Snacks,Yes
25,Female,Self-employed,"Above ₹15,000",Social Media Stores,2,Happy,Free Shipping Threshold,Clothing,Yes
41,Female,Employed,"Above ₹15,000",E-commerce Website,5,Bored,Heavy Discount,Food/Snacks,Yes
28,Other,Employed,"₹5,000 - ₹15,000",E-commerce Website,6,Neutral,Limited Time Flash Sale,Clothing,No
29,Female,Student,"Under ₹2,000",Physical In-Store,7,Bored,Social Media Ad,Clothing,Yes
46,Female,Employed,"₹5,000 - ₹15,000",Quick Commerce,7,Stressed,Attractive Packaging,Clothing,Yes
18,Female,Student,"₹5,000 - ₹15,000",E-commerce Website,1,Stressed,Free Shipping Threshold,Clothing,No
34,Male,Employed,"₹5,000 - ₹15,000",E-commerce Website,5,Neutral,Attractive Packaging,Beauty/Cosmetics,No
41,Male,Self-employed,"Under ₹2,000",Social Media Stores,5,Stressed,Free Shipping Threshold,Electronics,No
25,Male,Employed,"₹2,000 - ₹5,000",E-commerce Website,9,Bored,Limited Time Flash Sale,Clothing,Yes
34,Female,Student,"Above ₹15,000",E-commerce Website,3,Bored,Limited Time Flash Sale,Beauty/Cosmetics,Yes
20,Female,Employed,"Above ₹15,000",E-commerce Website,3,Bored,Heavy Discount,Clothing,No
22,Female,Employed,"Under ₹2,000",Quick Commerce,5,Bored,Heavy Discount,Gaming/Digital,Yes
31,Female,Student,"Above ₹15,000",E-commerce Website,2,Neutral,Free Shipping Threshold,Food/Snacks,No
34,Male,Employed,"Under ₹2,000",Quick Commerce,4,Sad,Attractive Packaging,Gaming/Digital,Yes
36,Male,Self-employed,"₹5,000 - ₹15,000",E-commerce Website,6,Neutral,Heavy Discount,Food/Snacks,No
40,Female,Student,"₹2,000 - ₹5,000",Physical In-Store,4,Happy,Social Media Ad,Gaming/Digital,No
27,Male,Self-employed,"Above ₹15,000",Quick Commerce,7,Happy,Limited Time Flash Sale,Clothing,No
37,Female,Student,"₹5,000 - ₹15,000",E-commerce Website,1,Stressed,Attractive Packaging,Electronics,Yes
25,Female,Student,"₹2,000 - ₹5,000",E-commerce Website,1,Neutral,Free Shipping Threshold,Food/Snacks,Yes
35,Female,Employed,"₹2,000 - ₹5,000",E-commerce Website,1,Bored,Free Shipping Threshold,Gaming/Digital,No
29,Male,Student,"₹2,000 - ₹5,000",E-commerce Website,4,Happy,Limited Time Flash Sale,Electronics,Yes
31,Female,Employed,"₹5,000 - ₹15,000",Social Media Stores,4,Stressed,Attractive Packaging,Clothing,No
31,Female,Student,"Above ₹15,000",Social Media Stores,2,Bored,Social Media Ad,Electronics,No
18,Other,Employed,"₹5,000 - ₹15,000",Physical In-Store,6,Sad,Free Shipping Threshold,Clothing,Yes
19,Female,Student,"₹5,000 - ₹15,000",Quick Commerce,5,Stressed,Limited Time Flash Sale,Food/Snacks,Yes
28,Female,Employed,"₹5,000 - ₹15,000",E-commerce Website,6,Stressed,Heavy Discount,Electronics,Yes
18,Male,Employed,"Above ₹15,000",E-commerce Website,5,Stressed,Limited Time Flash Sale,Gaming/Digital,Yes
34,Female,Unemployed,"₹5,000 - ₹15,000",E-commerce Website,5,Happy,Limited Time Flash Sale,Beauty/Cosmetics,No
34,Female,Employed,"₹2,000 - ₹5,000",Quick Commerce,4,Bored,Heavy Discount,Food/Snacks,Yes
30,Male,Employed,"₹5,000 - ₹15,000",E-commerce Website,5,Sad,Social Media Ad,Beauty/Cosmetics,No
19,Male,Employed,"₹2,000 - ₹5,000",E-commerce Website,4,Stressed,Limited Time Flash Sale,Gaming/Digital,No
39,Male,Self-employed,"Above ₹15,000",Quick Commerce,6,Sad,Limited Time Flash Sale,Clothing,Yes
44,Female,Student,"₹2,000 - ₹5,000",Social Media Stores,6,Neutral,Limited Time Flash Sale,Clothing,Yes
29,Male,Employed,"₹2,000 - ₹5,000",Social Media Stores,3,Happy,Attractive Packaging,Food/Snacks,No
32,Male,Employed,"₹2,000 - ₹5,000",E-commerce Website,8,Neutral,Free Shipping Threshold,Gaming/Digital,Yes
29,Female,Student,"₹5,000 - ₹15,000",Social Media Stores,7,Bored,Attractive Packaging,Food/Snacks,No
32,Female,Self-employed,"Under ₹2,000",E-commerce Website,3,Bored,Limited Time Flash Sale,Clothing,No
27,Male,Employed,"Above ₹15,000",Quick Commerce,4,Neutral,Limited Time Flash Sale,Gaming/Digital,Yes
27,Male,Employed,"₹2,000 - ₹5,000",E-commerce Website,3,Bored,Heavy Discount,Electronics,No
35,Male,Employed,"₹2,000 - ₹5,000",E-commerce Website,5,Bored,Heavy Discount,Beauty/Cosmetics,Yes
46,Female,Employed,"Under ₹2,000",Physical In-Store,4,Bored,Attractive Packaging,Food/Snacks,No
18,Male,Unemployed,"₹2,000 - ₹5,000",E-commerce Website,6,Bored,Limited Time Flash Sale,Beauty/Cosmetics,Yes
27,Female,Unemployed,"₹2,000 - ₹5,000",E-commerce Website,5,Neutral,Heavy Discount,Electronics,Yes
18,Female,Employed,"₹2,000 - ₹5,000",Quick Commerce,8,Neutral,Heavy Discount,Clothing,No
40,Female,Student,"₹2,000 - ₹5,000",Quick Commerce,3,Stressed,Social Media Ad,Gaming/Digital,Yes
23,Male,Student,"Under ₹2,000",Social Media Stores,2,Sad,Social Media Ad,Electronics,No
18,Female,Employed,"₹2,000 - ₹5,000",E-commerce Website,5,Neutral,Limited Time Flash Sale,Beauty/Cosmetics,Yes
33,Female,Self-employed,"₹5,000 - ₹15,000",E-commerce Website,10,Bored,Heavy Discount,Electronics,No
41,Male,Student,"₹2,000 - ₹5,000",Quick Commerce,8,Bored,Attractive Packaging,Clothing,Yes
33,Male,Student,"₹2,000 - ₹5,000",E-commerce Website,10,Happy,Free Shipping Threshold,Electronics,No
29,Female,Student,"₹2,000 - ₹5,000",E-commerce Website,7,Happy,Attractive Packaging,Electronics,Yes
31,Female,Employed,"₹5,000 - ₹15,000",E-commerce Website,7,Stressed,Limited Time Flash Sale,Food/Snacks,Yes
39,Male,Self-employed,"₹2,000 - ₹5,000",Quick Commerce,6,Neutral,Free Shipping Threshold,Gaming/Digital,Yes
21,Female,Student,"₹5,000 - ₹15,000",E-commerce Website,7,Neutral,Attractive Packaging,Gaming/Digital,No
27,Female,Student,"Above ₹15,000",Physical In-Store,9,Neutral,Attractive Packaging,Food/Snacks,No
24,Female,Employed,"Under ₹2,000",Social Media Stores,8,Neutral,Free Shipping Threshold,Gaming/Digital,No
18,Male,Self-employed,"Under ₹2,000",E-commerce Website,3,Bored,Social Media Ad,Clothing,Yes
25,Female,Self-employed,"Under ₹2,000",Social Media Stores,5,Neutral,Attractive Packaging,Beauty/Cosmetics,No
36,Male,Employed,"₹2,000 - ₹5,000",E-commerce Website,6,Neutral,Limited Time Flash Sale,Beauty/Cosmetics,Yes
32,Female,Student,"Under ₹2,000",E-commerce Website,6,Happy,Attractive Packaging,Electronics,No
33,Female,Employed,"₹2,000 - ₹5,000",E-commerce Website,6,Neutral,Heavy Discount,Gaming/Digital,No
29,Male,Unemployed,"Above ₹15,000",E-commerce Website,5,Happy,Attractive Packaging,Food/Snacks,No
32,Female,Unemployed,"Under ₹2,000",Quick Commerce,3,Neutral,Attractive Packaging,Beauty/Cosmetics,Yes
21,Male,Employed,"₹2,000 - ₹5,000",Quick Commerce,7,Happy,Attractive Packaging,Beauty/Cosmetics,No
25,Female,Employed,"₹5,000 - ₹15,000",Social Media Stores,7,Happy,Limited Time Flash Sale,Gaming/Digital,No
29,Male,Unemployed,"Under ₹2,000",Social Media Stores,3,Bored,Attractive Packaging,Electronics,Yes
30,Female,Employed,"Under ₹2,000",E-commerce Website,5,Neutral,Limited Time Flash Sale,Clothing,Yes
30,Male,Student,"₹5,000 - ₹15,000",Physical In-Store,4,Bored,Limited Time Flash Sale,Food/Snacks,No
26,Female,Employed,"Under ₹2,000",Social Media Stores,5,Sad,Attractive Packaging,Clothing,No
24,Female,Unemployed,"₹5,000 - ₹15,000",E-commerce Website,3,Bored,Attractive Packaging,Clothing,Yes
53,Female,Employed,"Under ₹2,000",E-commerce Website,4,Sad,Attractive Packaging,Beauty/Cosmetics,No
35,Male,Self-employed,"₹5,000 - ₹15,000",Social Media Stores,3,Bored,Attractive Packaging,Clothing,Yes
31,Female,Employed,"₹5,000 - ₹15,000",Social Media Stores,7,Bored,Limited Time Flash Sale,Food/Snacks,Yes
26,Male,Student,"₹2,000 - ₹5,000",E-commerce Website,3,Sad,Limited Time Flash Sale,Beauty/Cosmetics,No
24,Female,Student,"Under ₹2,000",Social Media Stores,8,Happy,Attractive Packaging,Food/Snacks,No
26,Female,Unemployed,"Under ₹2,000",Quick Commerce,6,Happy,Limited Time Flash Sale,Electronics,No
30,Female,Employed,"Above ₹15,000",E-commerce Website,4,Bored,Heavy Discount,Clothing,Yes
18,Female,Student,"₹5,000 - ₹15,000",Social Media Stores,10,Neutral,Social Media Ad,Beauty/Cosmetics,No
18,Male,Unemployed,"Under ₹2,000",E-commerce Website,3,Happy,Free Shipping Threshold,Beauty/Cosmetics,No
22,Female,Employed,"₹5,000 - ₹15,000",Quick Commerce,6,Happy,Social Media Ad,Food/Snacks,No
29,Male,Self-employed,"₹5,000 - ₹15,000",E-commerce Website,11,Neutral,Social Media Ad,Beauty/Cosmetics,No
26,Other,Employed,"Above ₹15,000",Quick Commerce,5,Happy,Free Shipping Threshold,Gaming/Digital,No
39,Female,Student,"₹2,000 - ₹5,000",Quick Commerce,8,Neutral,Attractive Packaging,Food/Snacks,Yes
18,Female,Employed,"Above ₹15,000",Social Media Stores,3,Bored,Social Media Ad,Food/Snacks,No
21,Female,Unemployed,"₹2,000 - ₹5,000",Quick Commerce,6,Stressed,Attractive Packaging,Electronics,No
40,Male,Student,"Above ₹15,000",E-commerce Website,4,Sad,Attractive Packaging,Gaming/Digital,No
29,Female,Self-employed,"Under ₹2,000",Quick Commerce,4,Happy,Heavy Discount,Clothing,Yes
35,Male,Student,"Under ₹2,000",Social Media Stores,3,Bored,Limited Time Flash Sale,Electronics,Yes
44,Female,Employed,"₹5,000 - ₹15,000",E-commerce Website,2,Bored,Free Shipping Threshold,Clothing,Yes
22,Female,Employed,"₹5,000 - ₹15,000",Physical In-Store,9,Bored,Free Shipping Threshold,Electronics,Yes
27,Male,Self-employed,"₹2,000 - ₹5,000",E-commerce Website,6,Happy,Free Shipping Threshold,Clothing,Yes
25,Male,Employed,"₹5,000 - ₹15,000",Quick Commerce,4,Neutral,Limited Time Flash Sale,Gaming/Digital,No
18,Male,Employed,"₹2,000 - ₹5,000",Quick Commerce,5,Stressed,Free Shipping Threshold,Beauty/Cosmetics,Yes
25,Other,Self-employed,"Under ₹2,000",Quick Commerce,5,Stressed,Social Media Ad,Clothing,Yes
35,Male,Student,"Under ₹2,000",E-commerce Website,5,Happy,Free Shipping Threshold,Food/Snacks,No
32,Female,Student,"Under ₹2,000",E-commerce Website,3,Bored,Heavy Discount,Food/Snacks,Yes
32,Female,Student,"₹5,000 - ₹15,000",Social Media Stores,5,Bored,Attractive Packaging,Clothing,Yes
24,Male,Employed,"₹2,000 - ₹5,000",Social Media Stores,4,Happy,Attractive Packaging,Clothing,No
22,Female,Employed,"Under ₹2,000",E-commerce Website,2,Neutral,Heavy Discount,Beauty/Cosmetics,No
38,Female,Self-employed,"Above ₹15,000",Social Media Stores,6,Stressed,Limited Time Flash Sale,Gaming/Digital,Yes
24,Male,Employed,"Under ₹2,000",E-commerce Website,6,Neutral,Limited Time Flash Sale,Food/Snacks,No
30,Female,Student,"₹5,000 - ₹15,000",E-commerce Website,3,Neutral,Free Shipping Threshold,Gaming/Digital,No
29,Male,Self-employed,"Above ₹15,000",Social Media Stores,8,Neutral,Free Shipping Threshold,Food/Snacks,No
39,Male,Student,"Under ₹2,000",Social Media Stores,4,Stressed,Social Media Ad,Clothing,Yes
35,Female,Self-employed,"₹2,000 - ₹5,000",E-commerce Website,6,Neutral,Attractive Packaging,Beauty/Cosmetics,No
18,Male,Student,"₹5,000 - ₹15,000",Quick Commerce,9,Bored,Free Shipping Threshold,Beauty/Cosmetics,Yes
18,Female,Student,"₹5,000 - ₹15,000",E-commerce Website,2,Neutral,Heavy Discount,Electronics,No
32,Female,Employed,"₹5,000 - ₹15,000",Social Media Stores,6,Happy,Limited Time Flash Sale,Gaming/Digital,Yes
27,Female,Student,"₹5,000 - ₹15,000",E-commerce Website,5,Happy,Free Shipping Threshold,Clothing,No
24,Male,Student,"Above ₹15,000",Social Media Stores,6,Sad,Limited Time Flash Sale,Gaming/Digital,No
36,Male,Employed,"Under ₹2,000",Quick Commerce,4,Neutral,Attractive Packaging,Electronics,No
29,Male,Student,"₹5,000 - ₹15,000",Physical In-Store,6,Stressed,Social Media Ad,Clothing,No
28,Female,Student,"₹2,000 - ₹5,000",Quick Commerce,5,Stressed,Limited Time Flash Sale,Electronics,Yes
34,Female,Student,"₹2,000 - ₹5,000",Physical In-Store,7,Sad,Limited Time Flash Sale,Food/Snacks,No
24,Male,Employed,"Under ₹2,000",Physical In-Store,7,Happy,Free Shipping Threshold,Gaming/Digital,Yes
40,Male,Employed,"₹2,000 - ₹5,000",Quick Commerce,2,Bored,Free Shipping Threshold,Electronics,Yes
21,Female,Student,"₹5,000 - ₹15,000",Social Media Stores,7,Bored,Attractive Packaging,Food/Snacks,Yes
33,Male,Employed,"Under ₹2,000",E-commerce Website,6,Bored,Social Media Ad,Electronics,Yes
39,Female,Employed,"₹2,000 - ₹5,000",Quick Commerce,4,Bored,Free Shipping Threshold,Gaming/Digital,Yes
18,Female,Employed,"₹2,000 - ₹5,000",Social Media Stores,3,Bored,Social Media Ad,Gaming/Digital,Yes
25,Female,Employed,"Under ₹2,000",E-commerce Website,3,Bored,Social Media Ad,Electronics,Yes
37,Male,Student,"₹5,000 - ₹15,000",Quick Commerce,2,Sad,Free Shipping Threshold,Beauty/Cosmetics,No
37,Female,Employed,"₹5,000 - ₹15,000",E-commerce Website,0,Stressed,Limited Time Flash Sale,Gaming/Digital,Yes
26,Male,Self-employed,"₹5,000 - ₹15,000",E-commerce Website,4,Bored,Heavy Discount,Food/Snacks,No
22,Female,Employed,"₹5,000 - ₹15,000",Quick Commerce,5,Happy,Attractive Packaging,Electronics,No
35,Male,Student,"₹5,000 - ₹15,000",Social Media Stores,5,Happy,Social Media Ad,Food/Snacks,Yes
37,Female,Student,"₹2,000 - ₹5,000",Social Media Stores,6,Happy,Limited Time Flash Sale,Food/Snacks,No
18,Female,Self-employed,"₹5,000 - ₹15,000",Quick Commerce,5,Happy,Social Media Ad,Food/Snacks,No
18,Male,Employed,"₹2,000 - ₹5,000",Quick Commerce,12,Stressed,Free Shipping Threshold,Gaming/Digital,Yes
29,Female,Employed,"Above ₹15,000",E-commerce Website,3,Bored,Attractive Packaging,Electronics,Yes
33,Female,Student,"Above ₹15,000",Quick Commerce,6,Stressed,Attractive Packaging,Gaming/Digital,Yes
25,Male,Self-employed,"Above ₹15,000",E-commerce Website,7,Stressed,Limited Time Flash Sale,Electronics,No
33,Male,Student,"₹2,000 - ₹5,000",E-commerce Website,5,Neutral,Social Media Ad,Electronics,No
22,Female,Employed,"₹2,000 - ₹5,000",Quick Commerce,5,Bored,Limited Time Flash Sale,Food/Snacks,Yes
18,Female,Employed,"Above ₹15,000",Social Media Stores,7,Neutral,Free Shipping Threshold,Beauty/Cosmetics,No
24,Female,Employed,"₹5,000 - ₹15,000",E-commerce Website,3,Sad,Heavy Discount,Beauty/Cosmetics,No
28,Female,Student,"₹5,000 - ₹15,000",Social Media Stores,4,Stressed,Free Shipping Threshold,Clothing,Yes
25,Female,Student,"₹2,000 - ₹5,000",E-commerce Website,3,Happy,Social Media Ad,Clothing,Yes
18,Female,Self-employed,"₹5,000 - ₹15,000",E-commerce Website,0,Happy,Heavy Discount,Gaming/Digital,No
18,Female,Employed,"₹5,000 - ₹15,000",Quick Commerce,6,Bored,Heavy Discount,Beauty/Cosmetics,Yes
23,Male,Self-employed,"₹2,000 - ₹5,000",Quick Commerce,4,Neutral,Heavy Discount,Food/Snacks,No
35,Female,Employed,"Above ₹15,000",Social Media Stores,4,Bored,Free Shipping Threshold,Clothing,Yes
38,Male,Self-employed,"₹2,000 - ₹5,000",E-commerce Website,6,Bored,Social Media Ad,Gaming/Digital,Yes
37,Male,Self-employed,"₹5,000 - ₹15,000",E-commerce Website,4,Stressed,Heavy Discount,Beauty/Cosmetics,No
21,Female,Employed,"₹2,000 - ₹5,000",Quick Commerce,3,Sad,Limited Time Flash Sale,Food/Snacks,Yes
18,Male,Employed,"₹5,000 - ₹15,000",E-commerce Website,4,Bored,Heavy Discount,Food/Snacks,Yes
31,Male,Employed,"Under ₹2,000",Physical In-Store,3,Neutral,Free Shipping Threshold,Food/Snacks,Yes
33,Male,Employed,"₹2,000 - ₹5,000",Quick Commerce,2,Happy,Limited Time Flash Sale,Beauty/Cosmetics,Yes
31,Female,Employed,"₹5,000 - ₹15,000",Quick Commerce,5,Bored,Social Media Ad,Clothing,No
18,Other,Self-employed,"₹2,000 - ₹5,000",Social Media Stores,3,Happy,Social Media Ad,Beauty/Cosmetics,Yes
21,Female,Student,"₹5,000 - ₹15,000",Physical In-Store,4,Bored,Free Shipping Threshold,Clothing,No
27,Female,Employed,"₹2,000 - ₹5,000",E-commerce Website,3,Bored,Heavy Discount,Clothing,No
31,Male,Employed,"Above ₹15,000",E-commerce Website,9,Bored,Social Media Ad,Beauty/Cosmetics,Yes
34,Male,Student,"₹2,000 - ₹5,000",Social Media Stores,3,Happy,Attractive Packaging,Electronics,Yes
29,Male,Employed,"₹5,000 - ₹15,000",Social Media Stores,7,Bored,Heavy Discount,Beauty/Cosmetics,Yes
30,Male,Unemployed,"Under ₹2,000",Social Media Stores,5,Neutral,Limited Time Flash Sale,Clothing,Yes
28,Male,Employed,"₹2,000 - ₹5,000",E-commerce Website,9,Bored,Free Shipping Threshold,Gaming/Digital,Yes
33,Male,Self-employed,"₹5,000 - ₹15,000",Social Media Stores,3,Neutral,Free Shipping Threshold,Gaming/Digital,No
30,Male,Employed,"Under ₹2,000",Quick Commerce,3,Stressed,Limited Time Flash Sale,Gaming/Digital,Yes
28,Female,Employed,"Above ₹15,000",Social Media Stores,5,Happy,Heavy Discount,Beauty/Cosmetics,Yes
25,Female,Employed,"Under ₹2,000",Quick Commerce,0,Happy,Limited Time Flash Sale,Clothing,Yes
28,Female,Student,"Above ₹15,000",Quick Commerce,10,Stressed,Limited Time Flash Sale,Electronics,Yes
31,Female,Employed,"₹5,000 - ₹15,000",E-commerce Website,5,Stressed,Attractive Packaging,Clothing,No
30,Male,Student,"₹5,000 - ₹15,000",Quick Commerce,2,Bored,Limited Time Flash Sale,Beauty/Cosmetics,Yes
31,Female,Unemployed,"Under ₹2,000",E-commerce Website,4,Stressed,Free Shipping Threshold,Electronics,Yes
38,Male,Student,"₹2,000 - ₹5,000",Quick Commerce,4,Happy,Social Media Ad,Beauty/Cosmetics,Yes
30,Female,Student,"Under ₹2,000",Social Media Stores,5,Happy,Heavy Discount,Gaming/Digital,Yes
22,Female,Employed,"₹5,000 - ₹15,000",Social Media Stores,4,Neutral,Social Media Ad,Electronics,No
35,Female,Employed,"₹5,000 - ₹15,000",E-commerce Website,7,Bored,Limited Time Flash Sale,Electronics,Yes
18,Other,Student,"₹5,000 - ₹15,000",E-commerce Website,2,Bored,Limited Time Flash Sale,Electronics,Yes
19,Female,Student,"Above ₹15,000",E-commerce Website,20,Neutral,Attractive Packaging,Gaming/Digital,No
30,Female,Self-employed,"₹2,000 - ₹5,000",Quick Commerce,7,Neutral,Free Shipping Threshold,Electronics,No
32,Male,Employed,"₹2,000 - ₹5,000",E-commerce Website,4,Sad,Heavy Discount,Beauty/Cosmetics,No
18,Female,Student,"₹2,000 - ₹5,000",E-commerce Website,6,Bored,Limited Time Flash Sale,Beauty/Cosmetics,Yes
24,Male,Employed,"₹5,000 - ₹15,000",Quick Commerce,4,Neutral,Free Shipping Threshold,Clothing,No
23,Female,Student,"Under ₹2,000",E-commerce Website,6,Stressed,Social Media Ad,Food/Snacks,Yes
24,Male,Student,"₹5,000 - ₹15,000",Social Media Stores,2,Stressed,Heavy Discount,Gaming/Digital,Yes
35,Male,Unemployed,"Under ₹2,000",E-commerce Website,2,Bored,Heavy Discount,Electronics,Yes
33,Female,Employed,"₹2,000 - ₹5,000",E-commerce Website,7,Bored,Attractive Packaging,Gaming/Digital,No
27,Male,Student,"₹5,000 - ₹15,000",Quick Commerce,7,Bored,Free Shipping Threshold,Gaming/Digital,No
23,Female,Unemployed,"₹2,000 - ₹5,000",Social Media Stores,2,Happy,Heavy Discount,Electronics,No
18,Male,Employed,"₹2,000 - ₹5,000",Physical In-Store,5,Stressed,Social Media Ad,Food/Snacks,Yes
39,Female,Student,"₹5,000 - ₹15,000",E-commerce Website,5,Bored,Social Media Ad,Beauty/Cosmetics,No
32,Female,Employed,"₹2,000 - ₹5,000",Quick Commerce,4,Sad,Limited Time Flash Sale,Gaming/Digital,Yes
22,Female,Self-employed,"₹2,000 - ₹5,000",Physical In-Store,4,Stressed,Limited Time Flash Sale,Electronics,No
33,Male,Employed,"₹5,000 - ₹15,000",E-commerce Website,4,Sad,Social Media Ad,Electronics,No
27,Male,Employed,"₹5,000 - ₹15,000",Quick Commerce,6,Neutral,Free Shipping Threshold,Gaming/Digital,No
25,Female,Employed,"Under ₹2,000",Quick Commerce,13,Happy,Free Shipping Threshold,Beauty/Cosmetics,Yes
31,Male,Employed,"₹5,000 - ₹15,000",Social Media Stores,4,Bored,Social Media Ad,Beauty/Cosmetics,No
22,Male,Employed,"₹5,000 - ₹15,000",E-commerce Website,3,Stressed,Social Media Ad,Food/Snacks,No
25,Female,Employed,"Under ₹2,000",E-commerce Website,4,Bored,Limited Time Flash Sale,Gaming/Digital,Yes
28,Female,Student,"₹5,000 - ₹15,000",Social Media Stores,6,Stressed,Social Media Ad,Electronics,No
24,Male,Self-employed,"₹5,000 - ₹15,000",E-commerce Website,0,Neutral,Limited Time Flash Sale,Beauty/Cosmetics,No
33,Male,Student,"₹2,000 - ₹5,000",E-commerce Website,4,Neutral,Limited Time Flash Sale,Gaming/Digital,Yes
42,Male,Employed,"₹5,000 - ₹15,000",Social Media Stores,13,Bored,Limited Time Flash Sale,Food/Snacks,No
21,Female,Employed,"₹5,000 - ₹15,000",Quick Commerce,4,Sad,Attractive Packaging,Beauty/Cosmetics,No
18,Male,Employed,"Above ₹15,000",E-commerce Website,6,Neutral,Free Shipping Threshold,Electronics,No
18,Other,Employed,"₹5,000 - ₹15,000",E-commerce Website,6,Neutral,Social Media Ad,Electronics,No
26,Male,Employed,"₹2,000 - ₹5,000",E-commerce Website,3,Neutral,Attractive Packaging,Beauty/Cosmetics,No
22,Male,Student,"Under ₹2,000",Social Media Stores,5,Bored,Limited Time Flash Sale,Clothing,Yes
29,Female,Employed,"Above ₹15,000",Social Media Stores,3,Neutral,Attractive Packaging,Beauty/Cosmetics,Yes
29,Male,Self-employed,"₹5,000 - ₹15,000",E-commerce Website,6,Sad,Attractive Packaging,Food/Snacks,No
18,Female,Self-employed,"Under ₹2,000",Physical In-Store,2,Sad,Free Shipping Threshold,Gaming/Digital,No
18,Female,Employed,"Under ₹2,000",Social Media Stores,8,Neutral,Heavy Discount,Gaming/Digital,Yes
30,Male,Employed,"₹5,000 - ₹15,000",Quick Commerce,6,Stressed,Limited Time Flash Sale,Electronics,Yes
29,Female,Student,"₹5,000 - ₹15,000",Social Media Stores,6,Stressed,Attractive Packaging,Beauty/Cosmetics,No
24,Male,Employed,"Under ₹2,000",Social Media Stores,8,Stressed,Social Media Ad,Food/Snacks,Yes
18,Male,Employed,"₹5,000 - ₹15,000",Quick Commerce,5,Bored,Heavy Discount,Beauty/Cosmetics,Yes
31,Male,Student,"₹2,000 - ₹5,000",E-commerce Website,9,Stressed,Heavy Discount,Beauty/Cosmetics,No
38,Female,Unemployed,"₹2,000 - ₹5,000",E-commerce Website,3,Sad,Attractive Packaging,Clothing,Yes
30,Male,Self-employed,"₹2,000 - ₹5,000",Physical In-Store,6,Bored,Heavy Discount,Beauty/Cosmetics,Yes
21,Female,Student,"₹5,000 - ₹15,000",Quick Commerce,9,Happy,Heavy Discount,Beauty/Cosmetics,No
28,Female,Employed,"₹5,000 - ₹15,000",E-commerce Website,2,Sad,Attractive Packaging,Food/Snacks,Yes
18,Male,Employed,"₹2,000 - ₹5,000",E-commerce Website,6,Sad,Free Shipping Threshold,Electronics,No
36,Female,Student,"₹2,000 - ₹5,000",Physical In-Store,7,Neutral,Social Media Ad,Gaming/Digital,No
28,Female,Employed,"Above ₹15,000",E-commerce Website,2,Happy,Limited Time Flash Sale,Gaming/Digital,Yes
18,Female,Employed,"Under ₹2,000",Physical In-Store,4,Bored,Free Shipping Threshold,Clothing,Yes
25,Female,Student,"₹5,000 - ₹15,000",E-commerce Website,7,Neutral,Limited Time Flash Sale,Gaming/Digital,No
31,Female,Employed,"₹5,000 - ₹15,000",Quick Commerce,5,Happy,Attractive Packaging,Beauty/Cosmetics,Yes
25,Male,Unemployed,"₹2,000 - ₹5,000",E-commerce Website,7,Neutral,Limited Time Flash Sale,Food/Snacks,Yes
25,Female,Employed,"Under ₹2,000",E-commerce Website,2,Bored,Free Shipping Threshold,Beauty/Cosmetics,Yes
18,Female,Employed,"Above ₹15,000",E-commerce Website,7,Bored,Social Media Ad,Beauty/Cosmetics,Yes
32,Female,Employed,"₹5,000 - ₹15,000",Social Media Stores,4,Stressed,Free Shipping Threshold,Beauty/Cosmetics,Yes
22,Female,Self-employed,"Under ₹2,000",E-commerce Website,4,Bored,Heavy Discount,Food/Snacks,Yes
18,Female,Self-employed,"Above ₹15,000",E-commerce Website,4,Sad,Heavy Discount,Clothing,No
25,Female,Student,"₹2,000 - ₹5,000",Quick Commerce,7,Happy,Free Shipping Threshold,Electronics,No
35,Female,Self-employed,"₹2,000 - ₹5,000",Social Media Stores,6,Stressed,Heavy Discount,Electronics,Yes
24,Male,Student,"₹5,000 - ₹15,000",Quick Commerce,6,Bored,Free Shipping Threshold,Electronics,No
41,Female,Student,"₹5,000 - ₹15,000",Physical In-Store,4,Bored,Free Shipping Threshold,Gaming/Digital,No
31,Male,Employed,"₹2,000 - ₹5,000",E-commerce Website,7,Neutral,Social Media Ad,Food/Snacks,No
30,Male,Employed,"Under ₹2,000",Quick Commerce,5,Bored,Social Media Ad,Food/Snacks,Yes
26,Male,Employed,"₹5,000 - ₹15,000",Quick Commerce,1,Happy,Social Media Ad,Food/Snacks,No
27,Male,Employed,"₹5,000 - ₹15,000",Quick Commerce,6,Neutral,Heavy Discount,Electronics,No
25,Male,Student,"Above ₹15,000",Social Media Stores,6,Stressed,Heavy Discount,Beauty/Cosmetics,Yes
25,Female,Student,"₹2,000 - ₹5,000",Social Media Stores,3,Neutral,Limited Time Flash Sale,Beauty/Cosmetics,Yes
32,Male,Employed,"₹5,000 - ₹15,000",Quick Commerce,9,Stressed,Free Shipping Threshold,Food/Snacks,Yes
20,Female,Student,"Under ₹2,000",Physical In-Store,5,Happy,Free Shipping Threshold,Electronics,Yes
19,Male,Student,"Above ₹15,000",Social Media Stores,4,Stressed,Social Media Ad,Food/Snacks,Yes
19,Male,Student,"₹2,000 - ₹5,000",Quick Commerce,5,Happy,Heavy Discount,Electronics,No
44,Male,Self-employed,"₹5,000 - ₹15,000",Physical In-Store,3,Bored,Social Media Ad,Beauty/Cosmetics,Yes
32,Male,Self-employed,"Above ₹15,000",E-commerce Website,5,Neutral,Heavy Discount,Gaming/Digital,No
30,Female,Student,"₹5,000 - ₹15,000",E-commerce Website,2,Happy,Heavy Discount,Beauty/Cosmetics,Yes
19,Female,Student,"₹5,000 - ₹15,000",Quick Commerce,3,Neutral,Free Shipping Threshold,Gaming/Digital,Yes
32,Male,Employed,"₹5,000 - ₹15,000",Social Media Stores,5,Happy,Heavy Discount,Clothing,Yes
27,Female,Unemployed,"Above ₹15,000",Social Media Stores,7,Neutral,Heavy Discount,Electronics,No
29,Female,Student,"₹5,000 - ₹15,000",Quick Commerce,5,Neutral,Free Shipping Threshold,Clothing,No
20,Male,Self-employed,"₹5,000 - ₹15,000",E-commerce Website,5,Happy,Limited Time Flash Sale,Electronics,Yes
29,Male,Employed,"₹5,000 - ₹15,000",Quick Commerce,3,Sad,Free Shipping Threshold,Food/Snacks,No
24,Female,Unemployed,"Under ₹2,000",E-commerce Website,8,Happy,Heavy Discount,Electronics,No
21,Male,Student,"₹2,000 - ₹5,000",Social Media Stores,11,Bored,Heavy Discount,Gaming/Digital,Yes
33,Other,Unemployed,"₹2,000 - ₹5,000",E-commerce Website,0,Sad,Heavy Discount,Clothing,No
18,Female,Employed,"₹2,000 - ₹5,000",Physical In-Store,5,Neutral,Heavy Discount,Electronics,No
32,Female,Unemployed,"₹5,000 - ₹15,000",E-commerce Website,7,Neutral,Heavy Discount,Food/Snacks,No
33,Male,Employed,"Under ₹2,000",E-commerce Website,7,Bored,Free Shipping Threshold,Beauty/Cosmetics,No
20,Female,Employed,"Under ₹2,000",Quick Commerce,6,Neutral,Limited Time Flash Sale,Electronics,No
21,Male,Self-employed,"₹2,000 - ₹5,000",E-commerce Website,6,Bored,Free Shipping Threshold,Beauty/Cosmetics,No
26,Female,Employed,"₹2,000 - ₹5,000",E-commerce Website,5,Bored,Free Shipping Threshold,Clothing,Yes
30,Female,Employed,"₹2,000 - ₹5,000",Quick Commerce,2,Bored,Social Media Ad,Clothing,Yes
26,Male,Employed,"Above ₹15,000",E-commerce Website,4,Stressed,Heavy Discount,Clothing,Yes
31,Female,Employed,"₹5,000 - ₹15,000",Quick Commerce,2,Stressed,Heavy Discount,Beauty/Cosmetics,Yes
42,Male,Self-employed,"₹2,000 - ₹5,000",Quick Commerce,6,Bored,Attractive Packaging,Gaming/Digital,Yes
23,Male,Student,"Under ₹2,000",E-commerce Website,12,Bored,Heavy Discount,Clothing,Yes
18,Female,Employed,"₹5,000 - ₹15,000",Physical In-Store,2,Stressed,Limited Time Flash Sale,Food/Snacks,Yes
34,Female,Self-employed,"₹5,000 - ₹15,000",Social Media Stores,11,Bored,Free Shipping Threshold,Clothing,Yes
41,Female,Employed,"₹2,000 - ₹5,000",Quick Commerce,9,Happy,Limited Time Flash Sale,Food/Snacks,Yes
31,Male,Self-employed,"₹2,000 - ₹5,000",E-commerce Website,4,Stressed,Attractive Packaging,Gaming/Digital,Yes
19,Female,Self-employed,"Under ₹2,000",E-commerce Website,1,Stressed,Heavy Discount,Food/Snacks,No
27,Male,Employed,"₹2,000 - ₹5,000",Quick Commerce,2,Neutral,Attractive Packaging,Electronics,No
19,Female,Employed,"₹2,000 - ₹5,000",E-commerce Website,4,Stressed,Social Media Ad,Beauty/Cosmetics,No
33,Female,Unemployed,"₹5,000 - ₹15,000",E-commerce Website,4,Bored,Social Media Ad,Gaming/Digital,No
18,Female,Self-employed,"Above ₹15,000",Quick Commerce,6,Stressed,Attractive Packaging,Clothing,No
25,Female,Self-employed,"₹2,000 - ₹5,000",Quick Commerce,6,Sad,Attractive Packaging,Electronics,No
19,Female,Student,"₹5,000 - ₹15,000",E-commerce Website,6,Bored,Heavy Discount,Food/Snacks,Yes
29,Other,Student,"Above ₹15,000",Physical In-Store,6,Sad,Limited Time Flash Sale,Electronics,Yes
25,Other,Employed,"₹5,000 - ₹15,000",Social Media Stores,7,Sad,Heavy Discount,Electronics,No
29,Female,Employed,"₹5,000 - ₹15,000",E-commerce Website,4,Happy,Attractive Packaging,Gaming/Digital,No
28,Other,Employed,"Above ₹15,000",Physical In-Store,7,Stressed,Free Shipping Threshold,Electronics,No
20,Female,Student,"₹2,000 - ₹5,000",Quick Commerce,5,Sad,Attractive Packaging,Gaming/Digital,No
33,Female,Employed,"Under ₹2,000",Quick Commerce,2,Neutral,Social Media Ad,Clothing,Yes
27,Male,Employed,"Above ₹15,000",E-commerce Website,8,Stressed,Social Media Ad,Electronics,Yes
20,Male,Self-employed,"₹2,000 - ₹5,000",Social Media Stores,9,Stressed,Free Shipping Threshold,Clothing,No
45,Female,Self-employed,"₹5,000 - ₹15,000",Physical In-Store,8,Neutral,Heavy Discount,Gaming/Digital,No
31,Female,Employed,"₹5,000 - ₹15,000",E-commerce Website,5,Neutral,Social Media Ad,Beauty/Cosmetics,No
26,Female,Employed,"₹2,000 - ₹5,000",E-commerce Website,6,Stressed,Social Media Ad,Clothing,Yes
39,Male,Employed,"₹5,000 - ₹15,000",Physical In-Store,3,Bored,Limited Time Flash Sale,Gaming/Digital,No
42,Male,Employed,"₹5,000 - ₹15,000",E-commerce Website,2,Stressed,Free Shipping Threshold,Food/Snacks,Yes
26,Female,Employed,"₹2,000 - ₹5,000",Quick Commerce,5,Happy,Social Media Ad,Electronics,Yes
30,Female,Employed,"Under ₹2,000",E-commerce Website,8,Bored,Social Media Ad,Beauty/Cosmetics,Yes
20,Male,Student,"₹5,000 - ₹15,000",E-commerce Website,4,Bored,Social Media Ad,Food/Snacks,No
26,Female,Employed,"Under ₹2,000",E-commerce Website,7,Neutral,Heavy Discount,Electronics,No
26,Female,Student,"₹2,000 - ₹5,000",Social Media Stores,5,Neutral,Free Shipping Threshold,Clothing,Yes
29,Male,Student,"Under ₹2,000",E-commerce Website,7,Bored,Limited Time Flash Sale,Gaming/Digital,Yes
30,Male,Employed,"₹5,000 - ₹15,000",Physical In-Store,4,Neutral,Social Media Ad,Gaming/Digital,No
32,Male,Student,"Above ₹15,000",E-commerce Website,5,Stressed,Limited Time Flash Sale,Food/Snacks,Yes
29,Male,Employed,"₹5,000 - ₹15,000",E-commerce Website,5,Bored,Limited Time Flash Sale,Beauty/Cosmetics,Yes
18,Female,Student,"₹2,000 - ₹5,000",E-commerce Website,2,Stressed,Limited Time Flash Sale,Beauty/Cosmetics,No
20,Male,Employed,"Above ₹15,000",Physical In-Store,2,Neutral,Free Shipping Threshold,Gaming/Digital,Yes
23,Male,Unemployed,"Under ₹2,000",Quick Commerce,3,Bored,Free Shipping Threshold,Clothing,Yes
25,Female,Employed,"₹2,000 - ₹5,000",Quick Commerce,0,Bored,Free Shipping Threshold,Food/Snacks,No
36,Female,Employed,"₹2,000 - ₹5,000",E-commerce Website,7,Neutral,Attractive Packaging,Food/Snacks,No
18,Female,Self-employed,"₹2,000 - ₹5,000",E-commerce Website,6,Stressed,Limited Time Flash Sale,Gaming/Digital,Yes
25,Male,Employed,"₹2,000 - ₹5,000",E-commerce Website,3,Neutral,Attractive Packaging,Gaming/Digital,No
35,Female,Student,"₹2,000 - ₹5,000",Quick Commerce,5,Happy,Heavy Discount,Clothing,No
25,Female,Student,"₹2,000 - ₹5,000",Physical In-Store,5,Bored,Limited Time Flash Sale,Food/Snacks,Yes
31,Female,Employed,"₹5,000 - ₹15,000",Social Media Stores,8,Stressed,Social Media Ad,Food/Snacks,Yes
26,Female,Employed,"₹2,000 - ₹5,000",E-commerce Website,7,Stressed,Limited Time Flash Sale,Beauty/Cosmetics,No
30,Female,Student,"₹5,000 - ₹15,000",E-commerce Website,3,Bored,Free Shipping Threshold,Beauty/Cosmetics,No
26,Female,Self-employed,"₹5,000 - ₹15,000",E-commerce Website,4,Sad,Limited Time Flash Sale,Clothing,Yes
33,Female,Student,"Under ₹2,000",E-commerce Website,5,Stressed,Heavy Discount,Food/Snacks,No
18,Male,Self-employed,"₹5,000 - ₹15,000",E-commerce Website,4,Neutral,Free Shipping Threshold,Clothing,Yes
25,Male,Self-employed,"₹2,000 - ₹5,000",Physical In-Store,5,Neutral,Free Shipping Threshold,Gaming/Digital,No
30,Male,Unemployed,"Under ₹2,000",E-commerce Website,5,Neutral,Free Shipping Threshold,Electronics,No
32,Male,Self-employed,"Under ₹2,000",Social Media Stores,2,Happy,Social Media Ad,Beauty/Cosmetics,No
39,Male,Student,"₹5,000 - ₹15,000",Social Media Stores,6,Happy,Heavy Discount,Food/Snacks,No
24,Female,Employed,"₹5,000 - ₹15,000",E-commerce Website,3,Bored,Attractive Packaging,Beauty/Cosmetics,Yes
39,Male,Student,"₹5,000 - ₹15,000",Physical In-Store,2,Neutral,Social Media Ad,Gaming/Digital,No
22,Other,Self-employed,"₹2,000 - ₹5,000",E-commerce Website,5,Bored,Attractive Packaging,Electronics,No
38,Female,Employed,"₹2,000 - ₹5,000",Quick Commerce,4,Bored,Free Shipping Threshold,Gaming/Digital,No
34,Male,Employed,"₹5,000 - ₹15,000",E-commerce Website,8,Neutral,Free Shipping Threshold,Beauty/Cosmetics,No
20,Female,Self-employed,"Above ₹15,000",Quick Commerce,3,Neutral,Attractive Packaging,Food/Snacks,No
30,Male,Student,"₹5,000 - ₹15,000",Quick Commerce,6,Stressed,Limited Time Flash Sale,Gaming/Digital,Yes
27,Other,Student,"₹2,000 - ₹5,000",E-commerce Website,9,Sad,Heavy Discount,Food/Snacks,No
33,Female,Employed,"Under ₹2,000",Quick Commerce,5,Bored,Limited Time Flash Sale,Gaming/Digital,Yes
26,Male,Employed,"Under ₹2,000",Social Media Stores,6,Neutral,Free Shipping Threshold,Food/Snacks,Yes
25,Female,Employed,"₹5,000 - ₹15,000",Social Media Stores,9,Sad,Attractive Packaging,Clothing,No
38,Female,Employed,"Under ₹2,000",Quick Commerce,1,Neutral,Social Media Ad,Food/Snacks,No
27,Male,Self-employed,"₹2,000 - ₹5,000",E-commerce Website,9,Stressed,Free Shipping Threshold,Electronics,No
34,Female,Student,"₹5,000 - ₹15,000",Social Media Stores,8,Bored,Free Shipping Threshold,Beauty/Cosmetics,Yes
26,Female,Employed,"₹2,000 - ₹5,000",Social Media Stores,4,Neutral,Social Media Ad,Clothing,No
41,Male,Employed,"₹5,000 - ₹15,000",Social Media Stores,4,Neutral,Limited Time Flash Sale,Gaming/Digital,Yes
22,Female,Employed,"₹5,000 - ₹15,000",Social Media Stores,6,Bored,Limited Time Flash Sale,Gaming/Digital,Yes
23,Male,Employed,"₹2,000 - ₹5,000",Physical In-Store,3,Happy,Limited Time Flash Sale,Beauty/Cosmetics,Yes
40,Female,Student,"Above ₹15,000",E-commerce Website,6,Neutral,Free Shipping Threshold,Beauty/Cosmetics,Yes
24,Male,Student,"₹5,000 - ₹15,000",Quick Commerce,1,Neutral,Heavy Discount,Clothing,No
40,Other,Student,"₹2,000 - ₹5,000",E-commerce Website,4,Neutral,Attractive Packaging,Clothing,No
35,Female,Employed,"₹5,000 - ₹15,000",E-commerce Website,5,Bored,Attractive Packaging,Electronics,Yes
26,Male,Student,"₹5,000 - ₹15,000",E-commerce Website,1,Neutral,Heavy Discount,Clothing,No
18,Male,Employed,"₹5,000 - ₹15,000",Physical In-Store,8,Neutral,Limited Time Flash Sale,Gaming/Digital,Yes
27,Male,Student,"₹5,000 - ₹15,000",E-commerce Website,4,Bored,Attractive Packaging,Electronics,Yes
28,Female,Employed,"₹2,000 - ₹5,000",E-commerce Website,1,Sad,Limited Time Flash Sale,Beauty/Cosmetics,No
37,Male,Self-employed,"₹2,000 - ₹5,000",E-commerce Website,1,Sad,Free Shipping Threshold,Food/Snacks,No
40,Female,Employed,"₹5,000 - ₹15,000",Quick Commerce,4,Sad,Heavy Discount,Clothing,No
22,Female,Employed,"Under ₹2,000",E-commerce Website,8,Happy,Attractive Packaging,Food/Snacks,No
34,Female,Unemployed,"₹5,000 - ₹15,000",Social Media Stores,6,Bored,Free Shipping Threshold,Electronics,Yes
34,Male,Employed,"₹2,000 - ₹5,000",E-commerce Website,6,Bored,Heavy Discount,Beauty/Cosmetics,Yes
36,Male,Unemployed,"₹5,000 - ₹15,000",Quick Commerce,5,Bored,Free Shipping Threshold,Beauty/Cosmetics,No
31,Female,Student,"₹2,000 - ₹5,000",Social Media Stores,4,Neutral,Free Shipping Threshold,Clothing,No
18,Female,Self-employed,"₹5,000 - ₹15,000",Physical In-Store,7,Bored,Social Media Ad,Gaming/Digital,Yes
26,Female,Employed,"₹5,000 - ₹15,000",E-commerce Website,5,Stressed,Limited Time Flash Sale,Clothing,Yes
18,Female,Student,"₹5,000 - ₹15,000",Quick Commerce,3,Stressed,Attractive Packaging,Clothing,Yes
26,Male,Unemployed,"₹2,000 - ₹5,000",Social Media Stores,7,Neutral,Free Shipping Threshold,Food/Snacks,No
35,Female,Unemployed,"Under ₹2,000",Quick Commerce,6,Bored,Free Shipping Threshold,Food/Snacks,Yes
30,Male,Employed,"₹5,000 - ₹15,000",E-commerce Website,5,Happy,Free Shipping Threshold,Beauty/Cosmetics,No
37,Female,Unemployed,"Above ₹15,000",Quick Commerce,7,Neutral,Heavy Discount,Beauty/Cosmetics,No
30,Female,Student,"Under ₹2,000",E-commerce Website,7,Bored,Social Media Ad,Gaming/Digital,No
18,Male,Employed,"₹2,000 - ₹5,000",Physical In-Store,2,Sad,Attractive Packaging,Electronics,No
18,Female,Student,"₹2,000 - ₹5,000",E-commerce Website,5,Bored,Limited Time Flash Sale,Food/Snacks,Yes
29,Female,Student,"Above ₹15,000",E-commerce Website,6,Happy,Social Media Ad,Electronics,Yes
26,Female,Employed,"₹2,000 - ₹5,000",Social Media Stores,5,Bored,Heavy Discount,Clothing,Yes
20,Male,Employed,"Under ₹2,000",Quick Commerce,4,Stressed,Social Media Ad,Clothing,Yes
18,Male,Student,"Under ₹2,000",Quick Commerce,2,Bored,Heavy Discount,Beauty/Cosmetics,Yes
22,Male,Employed,"₹5,000 - ₹15,000",Social Media Stores,1,Neutral,Heavy Discount,Beauty/Cosmetics,Yes
26,Male,Student,"Above ₹15,000",E-commerce Website,5,Bored,Social Media Ad,Gaming/Digital,Yes
33,Other,Employed,"₹2,000 - ₹5,000",Quick Commerce,9,Bored,Attractive Packaging,Electronics,Yes
29,Female,Student,"Under ₹2,000",E-commerce Website,2,Happy,Heavy Discount,Food/Snacks,No
40,Male,Self-employed,"₹5,000 - ₹15,000",Quick Commerce,7,Bored,Limited Time Flash Sale,Gaming/Digital,Yes
19,Female,Student,"₹2,000 - ₹5,000",Quick Commerce,6,Neutral,Attractive Packaging,Clothing,Yes
35,Female,Employed,"Under ₹2,000",E-commerce Website,5,Stressed,Free Shipping Threshold,Beauty/Cosmetics,No
28,Male,Student,"Above ₹15,000",Physical In-Store,8,Happy,Attractive Packaging,Clothing,Yes
33,Male,Employed,"Above ₹15,000",E-commerce Website,5,Neutral,Free Shipping Threshold,Clothing,No
24,Male,Student,"Above ₹15,000",Quick Commerce,6,Happy,Attractive Packaging,Clothing,Yes
36,Other,Employed,"₹2,000 - ₹5,000",Quick Commerce,3,Bored,Attractive Packaging,Gaming/Digital,Yes
30,Female,Employed,"₹2,000 - ₹5,000",Social Media Stores,8,Neutral,Social Media Ad,Gaming/Digital,No
22,Female,Self-employed,"₹5,000 - ₹15,000",E-commerce Website,2,Neutral,Attractive Packaging,Food/Snacks,No
27,Male,Student,"Under ₹2,000",E-commerce Website,3,Neutral,Attractive Packaging,Beauty/Cosmetics,Yes
26,Female,Self-employed,"₹2,000 - ₹5,000",Quick Commerce,5,Bored,Social Media Ad,Beauty/Cosmetics,Yes
31,Male,Student,"₹2,000 - ₹5,000",E-commerce Website,10,Happy,Free Shipping Threshold,Food/Snacks,Yes
18,Other,Student,"Above ₹15,000",Social Media Stores,7,Stressed,Limited Time Flash Sale,Electronics,No
27,Female,Student,"₹5,000 - ₹15,000",Quick Commerce,2,Happy,Attractive Packaging,Electronics,Yes
31,Male,Student,"Under ₹2,000",Quick Commerce,5,Neutral,Free Shipping Threshold,Beauty/Cosmetics,Yes
28,Female,Employed,"Under ₹2,000",E-commerce Website,1,Stressed,Free Shipping Threshold,Gaming/Digital,Yes
38,Female,Unemployed,"₹5,000 - ₹15,000",E-commerce Website,6,Happy,Free Shipping Threshold,Gaming/Digital,No
34,Female,Student,"₹5,000 - ₹15,000",Social Media Stores,9,Bored,Social Media Ad,Gaming/Digital,Yes
27,Male,Employed,"₹5,000 - ₹15,000",E-commerce Website,7,Stressed,Limited Time Flash Sale,Electronics,Yes
29,Female,Employed,"Under ₹2,000",Social Media Stores,8,Happy,Limited Time Flash Sale,Beauty/Cosmetics,No
30,Female,Employed,"₹2,000 - ₹5,000",Physical In-Store,3,Neutral,Free Shipping Threshold,Food/Snacks,Yes
31,Female,Employed,"₹5,000 - ₹15,000",Quick Commerce,6,Stressed,Limited Time Flash Sale,Electronics,Yes
18,Male,Self-employed,"Above ₹15,000",Quick Commerce,6,Bored,Limited Time Flash Sale,Electronics,Yes
25,Female,Student,"Under ₹2,000",Quick Commerce,4,Neutral,Attractive Packaging,Clothing,No
18,Male,Employed,"₹5,000 - ₹15,000",E-commerce Website,8,Happy,Social Media Ad,Beauty/Cosmetics,Yes
38,Female,Student,"Under ₹2,000",E-commerce Website,4,Neutral,Attractive Packaging,Clothing,No
27,Male,Employed,"₹2,000 - ₹5,000",E-commerce Website,9,Stressed,Social Media Ad,Clothing,Yes
26,Male,Employed,"₹2,000 - ₹5,000",E-commerce Website,2,Bored,Free Shipping Threshold,Gaming/Digital,Yes
35,Female,Employed,"₹5,000 - ₹15,000",E-commerce Website,3,Stressed,Heavy Discount,Electronics,Yes
31,Male,Student,"₹2,000 - ₹5,000",Social Media Stores,3,Happy,Attractive Packaging,Electronics,No
18,Female,Student,"₹2,000 - ₹5,000",Physical In-Store,7,Bored,Limited Time Flash Sale,Electronics,Yes
27,Female,Student,"₹2,000 - ₹5,000",E-commerce Website,7,Stressed,Attractive Packaging,Clothing,No
25,Male,Self-employed,"Above ₹15,000",E-commerce Website,8,Bored,Heavy Discount,Gaming/Digital,No
18,Male,Student,"₹5,000 - ₹15,000",E-commerce Website,3,Sad,Heavy Discount,Beauty/Cosmetics,No
22,Female,Employed,"Under ₹2,000",Physical In-Store,6,Stressed,Social Media Ad,Gaming/Digital,No
26,Male,Student,"Under ₹2,000",E-commerce Website,4,Neutral,Limited Time Flash Sale,Clothing,No
27,Female,Self-employed,"₹5,000 - ₹15,000",Social Media Stores,7,Bored,Limited Time Flash Sale,Electronics,Yes
18,Female,Employed,"₹2,000 - ₹5,000",Social Media Stores,5,Neutral,Limited Time Flash Sale,Clothing,No
37,Female,Student,"₹2,000 - ₹5,000",E-commerce Website,8,Bored,Heavy Discount,Gaming/Digital,Yes
27,Female,Unemployed,"₹5,000 - ₹15,000",E-commerce Website,4,Sad,Social Media Ad,Beauty/Cosmetics,Yes
28,Male,Student,"Under ₹2,000",E-commerce Website,4,Neutral,Free Shipping Threshold,Electronics,Yes
31,Female,Employed,"Above ₹15,000",Physical In-Store,6,Sad,Social Media Ad,Food/Snacks,No
21,Other,Employed,"Under ₹2,000",E-commerce Website,6,Bored,Free Shipping Threshold,Food/Snacks,Yes
31,Female,Employed,"Under ₹2,000",Quick Commerce,5,Sad,Heavy Discount,Gaming/Digital,Yes
25,Other,Unemployed,"₹2,000 - ₹5,000",Physical In-Store,5,Stressed,Attractive Packaging,Beauty/Cosmetics,Yes
20,Female,Self-employed,"₹5,000 - ₹15,000",Physical In-Store,1,Sad,Free Shipping Threshold,Beauty/Cosmetics,Yes
32,Female,Self-employed,"₹2,000 - ₹5,000",E-commerce Website,4,Happy,Attractive Packaging,Electronics,No
39,Male,Unemployed,"₹5,000 - ₹15,000",E-commerce Website,2,Happy,Attractive Packaging,Beauty/Cosmetics,Yes
33,Female,Employed,"₹2,000 - ₹5,000",E-commerce Website,4,Bored,Social Media Ad,Beauty/Cosmetics,No
35,Male,Student,"Under ₹2,000",E-commerce Website,7,Stressed,Social Media Ad,Food/Snacks,No
23,Male,Employed,"Above ₹15,000",E-commerce Website,5,Stressed,Free Shipping Threshold,Gaming/Digital,No
18,Male,Employed,"Above ₹15,000",Quick Commerce,5,Stressed,Attractive Packaging,Food/Snacks,Yes
39,Male,Student,"₹5,000 - ₹15,000",Quick Commerce,5,Neutral,Heavy Discount,Food/Snacks,Yes
44,Male,Employed,"₹5,000 - ₹15,000",Social Media Stores,1,Stressed,Social Media Ad,Clothing,No
40,Female,Self-employed,"Under ₹2,000",E-commerce Website,5,Sad,Limited Time Flash Sale,Gaming/Digital,Yes
25,Male,Student,"₹2,000 - ₹5,000",E-commerce Website,4,Stressed,Heavy Discount,Food/Snacks,No
18,Other,Self-employed,"₹2,000 - ₹5,000",Social Media Stores,4,Bored,Heavy Discount,Beauty/Cosmetics,Yes
19,Male,Employed,"Above ₹15,000",E-commerce Website,5,Happy,Free Shipping Threshold,Beauty/Cosmetics,Yes
18,Male,Student,"₹5,000 - ₹15,000",E-commerce Website,3,Bored,Limited Time Flash Sale,Clothing,No
27,Male,Self-employed,"Under ₹2,000",Social Media Stores,6,Bored,Limited Time Flash Sale,Food/Snacks,Yes
40,Male,Unemployed,"₹2,000 - ₹5,000",E-commerce Website,3,Bored,Limited Time Flash Sale,Food/Snacks,No
26,Male,Student,"Under ₹2,000",E-commerce Website,5,Bored,Social Media Ad,Electronics,Yes
30,Female,Employed,"₹2,000 - ₹5,000",E-commerce Website,7,Bored,Limited Time Flash Sale,Gaming/Digital,Yes
39,Female,Employed,"₹2,000 - ₹5,000",Social Media Stores,6,Sad,Heavy Discount,Gaming/Digital,No
24,Male,Self-employed,"₹2,000 - ₹5,000",Social Media Stores,2,Sad,Free Shipping Threshold,Beauty/Cosmetics,No
44,Male,Student,"Under ₹2,000",Social Media Stores,3,Bored,Social Media Ad,Clothing,No
43,Male,Student,"Under ₹2,000",E-commerce Website,2,Bored,Attractive Packaging,Gaming/Digital,Yes
26,Female,Employed,"₹5,000 - ₹15,000",Social Media Stores,2,Bored,Limited Time Flash Sale,Electronics,No
23,Female,Employed,"₹5,000 - ₹15,000",Quick Commerce,5,Sad,Social Media Ad,Clothing,Yes
33,Male,Employed,"₹2,000 - ₹5,000",Social Media Stores,4,Stressed,Free Shipping Threshold,Electronics,Yes
25,Male,Self-employed,"₹5,000 - ₹15,000",E-commerce Website,3,Stressed,Attractive Packaging,Beauty/Cosmetics,No
18,Other,Self-employed,"Under ₹2,000",Social Media Stores,6,Bored,Heavy Discount,Clothing,No
38,Male,Self-employed,"Under ₹2,000",Social Media Stores,1,Neutral,Limited Time Flash Sale,Clothing,No
37,Female,Student,"₹5,000 - ₹15,000",Quick Commerce,10,Stressed,Limited Time Flash Sale,Food/Snacks,Yes
29,Male,Self-employed,"₹2,000 - ₹5,000",Social Media Stores,8,Stressed,Free Shipping Threshold,Food/Snacks,No
18,Female,Employed,"₹2,000 - ₹5,000",Social Media Stores,4,Stressed,Social Media Ad,Clothing,No
18,Other,Student,"Above ₹15,000",Social Media Stores,1,Neutral,Social Media Ad,Electronics,No
28,Other,Employed,"₹2,000 - ₹5,000",Physical In-Store,3,Neutral,Attractive Packaging,Electronics,No
24,Female,Student,"Under ₹2,000",E-commerce Website,9,Stressed,Limited Time Flash Sale,Electronics,Yes
25,Male,Employed,"Above ₹15,000",Physical In-Store,3,Bored,Free Shipping Threshold,Clothing,Yes
36,Female,Employed,"Under ₹2,000",E-commerce Website,9,Happy,Social Media Ad,Food/Snacks,No
33,Male,Employed,"₹5,000 - ₹15,000",Social Media Stores,4,Stressed,Limited Time Flash Sale,Gaming/Digital,Yes
39,Other,Student,"₹2,000 - ₹5,000",E-commerce Website,12,Stressed,Social Media Ad,Food/Snacks,Yes
20,Female,Employed,"₹2,000 - ₹5,000",Physical In-Store,8,Neutral,Heavy Discount,Beauty/Cosmetics,No
25,Male,Student,"₹5,000 - ₹15,000",E-commerce Website,2,Sad,Heavy Discount,Food/Snacks,Yes
34,Male,Self-employed,"₹2,000 - ₹5,000",Physical In-Store,8,Stressed,Limited Time Flash Sale,Electronics,Yes
31,Female,Employed,"₹5,000 - ₹15,000",Social Media Stores,3,Happy,Limited Time Flash Sale,Beauty/Cosmetics,Yes
40,Other,Student,"Above ₹15,000",Social Media Stores,5,Bored,Limited Time Flash Sale,Food/Snacks,Yes
31,Female,Student,"Under ₹2,000",Quick Commerce,2,Sad,Attractive Packaging,Gaming/Digital,No
42,Male,Employed,"₹5,000 - ₹15,000",Physical In-Store,6,Bored,Free Shipping Threshold,Clothing,Yes
32,Male,Employed,"Under ₹2,000",Physical In-Store,6,Sad,Attractive Packaging,Electronics,No
36,Male,Employed,"Under ₹2,000",Quick Commerce,10,Neutral,Heavy Discount,Clothing,No
25,Female,Student,"Above ₹15,000",E-commerce Website,9,Happy,Heavy Discount,Beauty/Cosmetics,Yes
28,Other,Employed,"₹2,000 - ₹5,000",Social Media Stores,4,Stressed,Heavy Discount,Beauty/Cosmetics,No
35,Female,Student,"Under ₹2,000",Social Media Stores,7,Happy,Social Media Ad,Clothing,No
40,Female,Employed,"₹5,000 - ₹15,000",E-commerce Website,2,Stressed,Heavy Discount,Beauty/Cosmetics,No
33,Female,Unemployed,"₹2,000 - ₹5,000",E-commerce Website,2,Stressed,Heavy Discount,Food/Snacks,No
27,Female,Employed,"₹2,000 - ₹5,000",E-commerce Website,9,Bored,Social Media Ad,Clothing,No
39,Female,Student,"₹5,000 - ₹15,000",Quick Commerce,3,Stressed,Limited Time Flash Sale,Beauty/Cosmetics,Yes
18,Female,Unemployed,"Above ₹15,000",E-commerce Website,4,Neutral,Free Shipping Threshold,Food/Snacks,Yes
18,Male,Student,"Under ₹2,000",E-commerce Website,3,Bored,Social Media Ad,Food/Snacks,Yes
33,Female,Employed,"₹2,000 - ₹5,000",E-commerce Website,2,Happy,Attractive Packaging,Electronics,No
28,Male,Employed,"Under ₹2,000",E-commerce Website,6,Happy,Heavy Discount,Electronics,No
32,Male,Student,"Under ₹2,000",Social Media Stores,3,Bored,Free Shipping Threshold,Beauty/Cosmetics,Yes
28,Female,Student,"Above ₹15,000",E-commerce Website,3,Neutral,Social Media Ad,Clothing,No
32,Female,Student,"Above ₹15,000",E-commerce Website,6,Stressed,Social Media Ad,Gaming/Digital,Yes
21,Female,Self-employed,"₹5,000 - ₹15,000",Physical In-Store,7,Neutral,Free Shipping Threshold,Clothing,No
32,Male,Self-employed,"₹5,000 - ₹15,000",E-commerce Website,9,Bored,Free Shipping Threshold,Gaming/Digital,Yes
35,Female,Employed,"₹5,000 - ₹15,000",E-commerce Website,5,Bored,Free Shipping Threshold,Clothing,No
37,Female,Student,"Under ₹2,000",E-commerce Website,8,Stressed,Attractive Packaging,Electronics,Yes
44,Male,Self-employed,"Under ₹2,000",Quick Commerce,4,Happy,Heavy Discount,Electronics,No
29,Female,Employed,"₹2,000 - ₹5,000",Physical In-Store,3,Happy,Social Media Ad,Clothing,Yes
30,Male,Employed,"₹5,000 - ₹15,000",E-commerce Website,5,Neutral,Social Media Ad,Electronics,No
18,Female,Employed,"₹2,000 - ₹5,000",E-commerce Website,1,Neutral,Free Shipping Threshold,Beauty/Cosmetics,No
23,Female,Employed,"₹5,000 - ₹15,000",E-commerce Website,8,Stressed,Free Shipping Threshold,Electronics,Yes
26,Male,Employed,"₹2,000 - ₹5,000",Social Media Stores,3,Neutral,Free Shipping Threshold,Clothing,Yes
36,Male,Employed,"₹5,000 - ₹15,000",Quick Commerce,3,Stressed,Heavy Discount,Food/Snacks,Yes
23,Male,Employed,"Above ₹15,000",E-commerce Website,5,Bored,Limited Time Flash Sale,Clothing,Yes
34,Male,Self-employed,"₹2,000 - ₹5,000",E-commerce Website,3,Happy,Attractive Packaging,Beauty/Cosmetics,No
27,Male,Employed,"₹5,000 - ₹15,000",E-commerce Website,3,Sad,Attractive Packaging,Beauty/Cosmetics,No
26,Male,Employed,"₹2,000 - ₹5,000",E-commerce Website,5,Stressed,Social Media Ad,Electronics,Yes
29,Male,Student,"₹5,000 - ₹15,000",Social Media Stores,9,Bored,Limited Time Flash Sale,Beauty/Cosmetics,No
24,Male,Employed,"₹2,000 - ₹5,000",Social Media Stores,6,Bored,Heavy Discount,Electronics,Yes
24,Male,Student,"₹2,000 - ₹5,000",E-commerce Website,8,Stressed,Attractive Packaging,Beauty/Cosmetics,No
18,Male,Student,"₹2,000 - ₹5,000",Quick Commerce,5,Stressed,Free Shipping Threshold,Gaming/Digital,Yes
26,Female,Self-employed,"Under ₹2,000",Quick Commerce,3,Stressed,Free Shipping Threshold,Gaming/Digital,No
24,Female,Student,"Above ₹15,000",Quick Commerce,7,Bored,Social Media Ad,Clothing,Yes
23,Male,Employed,"Above ₹15,000",E-commerce Website,2,Bored,Attractive Packaging,Electronics,Yes
31,Female,Unemployed,"₹2,000 - ₹5,000",E-commerce Website,10,Sad,Attractive Packaging,Food/Snacks,No
33,Other,Employed,"₹2,000 - ₹5,000",E-commerce Website,4,Stressed,Attractive Packaging,Beauty/Cosmetics,Yes
29,Female,Student,"₹5,000 - ₹15,000",E-commerce Website,3,Bored,Social Media Ad,Gaming/Digital,Yes
35,Male,Employed,"₹2,000 - ₹5,000",E-commerce Website,2,Happy,Social Media Ad,Electronics,Yes
32,Female,Self-employed,"₹2,000 - ₹5,000",Quick Commerce,6,Neutral,Social Media Ad,Food/Snacks,No
25,Male,Employed,"Under ₹2,000",E-commerce Website,4,Bored,Heavy Discount,Food/Snacks,Yes
24,Male,Employed,"Above ₹15,000",Social Media Stores,6,Happy,Social Media Ad,Clothing,Yes
30,Male,Employed,"₹5,000 - ₹15,000",Social Media Stores,7,Neutral,Attractive Packaging,Electronics,No
32,Male,Employed,"₹5,000 - ₹15,000",E-commerce Website,5,Stressed,Attractive Packaging,Clothing,Yes
39,Female,Employed,"₹2,000 - ₹5,000",E-commerce Website,6,Neutral,Heavy Discount,Gaming/Digital,Yes
37,Female,Employed,"₹5,000 - ₹15,000",Social Media Stores,4,Bored,Free Shipping Threshold,Food/Snacks,Yes
23,Female,Employed,"₹5,000 - ₹15,000",Social Media Stores,6,Bored,Attractive Packaging,Beauty/Cosmetics,Yes
27,Male,Employed,"₹2,000 - ₹5,000",Quick Commerce,3,Happy,Free Shipping Threshold,Gaming/Digital,Yes
33,Male,Student,"₹5,000 - ₹15,000",Quick Commerce,6,Happy,Social Media Ad,Electronics,Yes
36,Male,Student,"Above ₹15,000",Quick Commerce,6,Neutral,Free Shipping Threshold,Gaming/Digital,No
35,Male,Employed,"Above ₹15,000",Social Media Stores,6,Bored,Attractive Packaging,Food/Snacks,Yes
27,Other,Employed,"₹5,000 - ₹15,000",E-commerce Website,6,Neutral,Heavy Discount,Food/Snacks,No
18,Female,Employed,"₹5,000 - ₹15,000",Quick Commerce,4,Neutral,Limited Time Flash Sale,Beauty/Cosmetics,Yes
20,Other,Employed,"₹5,000 - ₹15,000",Quick Commerce,5,Bored,Free Shipping Threshold,Electronics,No
30,Female,Employed,"Above ₹15,000",E-commerce Website,6,Stressed,Free Shipping Threshold,Food/Snacks,Yes
30,Male,Self-employed,"₹2,000 - ₹5,000",E-commerce Website,6,Bored,Limited Time Flash Sale,Clothing,Yes
19,Male,Employed,"Under ₹2,000",E-commerce Website,6,Neutral,Free Shipping Threshold,Food/Snacks,Yes
28,Female,Employed,"₹5,000 - ₹15,000",Quick Commerce,7,Stressed,Free Shipping Threshold,Beauty/Cosmetics,Yes
33,Male,Employed,"Above ₹15,000",Physical In-Store,3,Bored,Free Shipping Threshold,Food/Snacks,Yes
18,Female,Employed,"₹2,000 - ₹5,000",Social Media Stores,4,Happy,Social Media Ad,Electronics,No
36,Female,Self-employed,"₹5,000 - ₹15,000",Quick Commerce,5,Stressed,Social Media Ad,Food/Snacks,Yes
24,Male,Student,"₹2,000 - ₹5,000",Social Media Stores,10,Stressed,Free Shipping Threshold,Gaming/Digital,Yes
38,Female,Employed,"Above ₹15,000",E-commerce Website,6,Happy,Limited Time Flash Sale,Clothing,Yes
23,Female,Student,"₹5,000 - ₹15,000",Quick Commerce,1,Bored,Free Shipping Threshold,Beauty/Cosmetics,Yes
19,Male,Student,"₹5,000 - ₹15,000",E-commerce Website,3,Happy,Free Shipping Threshold,Gaming/Digital,No
24,Female,Employed,"₹5,000 - ₹15,000",E-commerce Website,6,Stressed,Limited Time Flash Sale,Electronics,Yes
27,Male,Student,"₹5,000 - ₹15,000",E-commerce Website,3,Sad,Attractive Packaging,Gaming/Digital,No
24,Female,Employed,"Above ₹15,000",Physical In-Store,4,Stressed,Social Media Ad,Beauty/Cosmetics,Yes
26,Male,Self-employed,"Above ₹15,000",E-commerce Website,5,Neutral,Limited Time Flash Sale,Electronics,Yes
30,Male,Unemployed,"Under ₹2,000",E-commerce Website,8,Sad,Heavy Discount,Clothing,No
26,Female,Student,"Under ₹2,000",Social Media Stores,5,Bored,Free Shipping Threshold,Food/Snacks,Yes
27,Male,Employed,"₹5,000 - ₹15,000",E-commerce Website,8,Bored,Free Shipping Threshold,Food/Snacks,No
18,Female,Self-employed,"Above ₹15,000",Social Media Stores,1,Stressed,Heavy Discount,Food/Snacks,Yes
31,Female,Student,"₹2,000 - ₹5,000",E-commerce Website,8,Bored,Attractive Packaging,Food/Snacks,No
27,Male,Employed,"Under ₹2,000",E-commerce Website,6,Bored,Limited Time Flash Sale,Food/Snacks,Yes
40,Female,Self-employed,"₹2,000 - ₹5,000",E-commerce Website,3,Sad,Attractive Packaging,Clothing,No
20,Female,Student,"₹2,000 - ₹5,000",E-commerce Website,5,Stressed,Heavy Discount,Food/Snacks,No
18,Male,Self-employed,"₹5,000 - ₹15,000",E-commerce Website,3,Bored,Free Shipping Threshold,Electronics,Yes
32,Female,Employed,"Under ₹2,000",E-commerce Website,7,Stressed,Free Shipping Threshold,Food/Snacks,Yes
30,Female,Student,"₹2,000 - ₹5,000",E-commerce Website,5,Neutral,Heavy Discount,Food/Snacks,No
19,Female,Employed,"Above ₹15,000",E-commerce Website,2,Neutral,Heavy Discount,Beauty/Cosmetics,Yes
18,Female,Employed,"Under ₹2,000",E-commerce Website,2,Stressed,Heavy Discount,Gaming/Digital,No
40,Female,Student,"₹5,000 - ₹15,000",Physical In-Store,1,Bored,Attractive Packaging,Electronics,Yes
39,Other,Employed,"₹2,000 - ₹5,000",Quick Commerce,5,Stressed,Free Shipping Threshold,Clothing,Yes
18,Female,Employed,"₹5,000 - ₹15,000",E-commerce Website,6,Bored,Social Media Ad,Electronics,No
24,Male,Employed,"Under ₹2,000",E-commerce Website,7,Bored,Limited Time Flash Sale,Clothing,Yes
41,Female,Student,"₹2,000 - ₹5,000",E-commerce Website,1,Happy,Free Shipping Threshold,Beauty/Cosmetics,Yes
24,Male,Self-employed,"₹2,000 - ₹5,000",Social Media Stores,5,Bored,Social Media Ad,Food/Snacks,Yes
24,Female,Employed,"Above ₹15,000",E-commerce Website,3,Bored,Heavy Discount,Gaming/Digital,Yes
25,Female,Self-employed,"₹5,000 - ₹15,000",E-commerce Website,6,Stressed,Limited Time Flash Sale,Electronics,Yes
19,Female,Self-employed,"Under ₹2,000",Social Media Stores,4,Sad,Free Shipping Threshold,Electronics,No
18,Male,Employed,"₹5,000 - ₹15,000",E-commerce Website,2,Happy,Limited Time Flash Sale,Electronics,No
36,Female,Student,"Under ₹2,000",Physical In-Store,6,Sad,Attractive Packaging,Gaming/Digital,No
18,Male,Self-employed,"Above ₹15,000",E-commerce Website,4,Bored,Limited Time Flash Sale,Beauty/Cosmetics,Yes
29,Female,Employed,"₹2,000 - ₹5,000",Quick Commerce,5,Bored,Free Shipping Threshold,Beauty/Cosmetics,Yes
35,Female,Student,"₹2,000 - ₹5,000",E-commerce Website,6,Neutral,Heavy Discount,Food/Snacks,No
18,Other,Employed,"Under ₹2,000",E-commerce Website,1,Neutral,Heavy Discount,Electronics,No
20,Male,Student,"₹5,000 - ₹15,000",E-commerce Website,3,Neutral,Limited Time Flash Sale,Beauty/Cosmetics,No
37,Female,Student,"₹2,000 - ₹5,000",Quick Commerce,7,Sad,Free Shipping Threshold,Beauty/Cosmetics,No
32,Female,Employed,"₹2,000 - ₹5,000",E-commerce Website,5,Bored,Heavy Discount,Clothing,Yes
23,Female,Student,"Under ₹2,000",E-commerce Website,6,Neutral,Limited Time Flash Sale,Electronics,Yes
37,Female,Unemployed,"Above ₹15,000",E-commerce Website,6,Bored,Free Shipping Threshold,Beauty/Cosmetics,No
37,Male,Self-employed,"₹5,000 - ₹15,000",E-commerce Website,5,Stressed,Heavy Discount,Electronics,No
30,Male,Employed,"₹5,000 - ₹15,000",Quick Commerce,5,Happy,Attractive Packaging,Clothing,No
20,Female,Student,"₹5,000 - ₹15,000",E-commerce Website,8,Happy,Social Media Ad,Gaming/Digital,No
24,Female,Employed,"₹5,000 - ₹15,000",E-commerce Website,7,Neutral,Limited Time Flash Sale,Food/Snacks,Yes
30,Female,Employed,"Under ₹2,000",E-commerce Website,4,Happy,Free Shipping Threshold,Gaming/Digital,Yes
26,Male,Employed,"Above ₹15,000",Social Media Stores,5,Bored,Free Shipping Threshold,Beauty/Cosmetics,Yes
35,Other,Student,"₹2,000 - ₹5,000",E-commerce Website,7,Happy,Heavy Discount,Beauty/Cosmetics,No
18,Male,Employed,"₹5,000 - ₹15,000",Social Media Stores,4,Stressed,Attractive Packaging,Electronics,Yes
18,Other,Employed,"₹5,000 - ₹15,000",E-commerce Website,1,Sad,Limited Time Flash Sale,Beauty/Cosmetics,No
29,Female,Self-employed,"₹5,000 - ₹15,000",E-commerce Website,9,Bored,Social Media Ad,Gaming/Digital,Yes
24,Female,Self-employed,"Above ₹15,000",E-commerce Website,2,Stressed,Heavy Discount,Clothing,Yes
22,Female,Employed,"₹2,000 - ₹5,000",E-commerce Website,3,Happy,Limited Time Flash Sale,Beauty/Cosmetics,No
18,Male,Employed,"₹5,000 - ₹15,000",E-commerce Website,9,Neutral,Limited Time Flash Sale,Gaming/Digital,No
28,Male,Student,"₹5,000 - ₹15,000",E-commerce Website,8,Neutral,Limited Time Flash Sale,Food/Snacks,No
27,Male,Student,"Under ₹2,000",Quick Commerce,7,Neutral,Free Shipping Threshold,Food/Snacks,Yes
33,Male,Self-employed,"₹2,000 - ₹5,000",E-commerce Website,4,Stressed,Attractive Packaging,Clothing,No
28,Female,Employed,"₹5,000 - ₹15,000",Quick Commerce,8,Happy,Free Shipping Threshold,Food/Snacks,No
26,Male,Student,"₹2,000 - ₹5,000",E-commerce Website,6,Happy,Heavy Discount,Gaming/Digital,Yes
37,Female,Employed,"₹2,000 - ₹5,000",E-commerce Website,8,Neutral,Social Media Ad,Clothing,Yes
18,Male,Self-employed,"₹2,000 - ₹5,000",E-commerce Website,7,Neutral,Limited Time Flash Sale,Gaming/Digital,No
32,Female,Employed,"₹5,000 - ₹15,000",E-commerce Website,4,Stressed,Heavy Discount,Beauty/Cosmetics,Yes
18,Female,Student,"Above ₹15,000",E-commerce Website,2,Happy,Attractive Packaging,Food/Snacks,Yes
21,Male,Self-employed,"Under ₹2,000",E-commerce Website,6,Neutral,Free Shipping Threshold,Food/Snacks,No
18,Male,Employed,"₹5,000 - ₹15,000",Quick Commerce,9,Neutral,Attractive Packaging,Beauty/Cosmetics,No
34,Male,Employed,"₹2,000 - ₹5,000",E-commerce Website,7,Sad,Attractive Packaging,Beauty/Cosmetics,No
27,Female,Student,"₹2,000 - ₹5,000",E-commerce Website,6,Bored,Heavy Discount,Gaming/Digital,No
27,Female,Self-employed,"Above ₹15,000",Social Media Stores,10,Neutral,Heavy Discount,Gaming/Digital,Yes
19,Male,Self-employed,"Under ₹2,000",E-commerce Website,5,Happy,Heavy Discount,Food/Snacks,No
25,Female,Employed,"Under ₹2,000",Quick Commerce,6,Stressed,Attractive Packaging,Clothing,Yes
21,Male,Student,"₹5,000 - ₹15,000",E-commerce Website,6,Stressed,Limited Time Flash Sale,Clothing,No
31,Female,Employed,"₹2,000 - ₹5,000",E-commerce Website,1,Neutral,Heavy Discount,Food/Snacks,No
20,Male,Student,"₹5,000 - ₹15,000",Quick Commerce,4,Neutral,Free Shipping Threshold,Beauty/Cosmetics,No
38,Female,Student,"₹5,000 - ₹15,000",E-commerce Website,4,Sad,Heavy Discount,Beauty/Cosmetics,No
18,Female,Employed,"₹2,000 - ₹5,000",Social Media Stores,7,Bored,Free Shipping Threshold,Clothing,No
21,Female,Student,"Under ₹2,000",Quick Commerce,5,Neutral,Heavy Discount,Gaming/Digital,No
41,Male,Unemployed,"Under ₹2,000",Quick Commerce,5,Happy,Heavy Discount,Electronics,Yes
24,Male,Student,"₹2,000 - ₹5,000",Quick Commerce,2,Neutral,Social Media Ad,Beauty/Cosmetics,No
18,Female,Employed,"₹2,000 - ₹5,000",E-commerce Website,6,Sad,Limited Time Flash Sale,Gaming/Digital,No
29,Female,Student,"Above ₹15,000",Social Media Stores,6,Stressed,Attractive Packaging,Clothing,Yes
24,Male,Employed,"₹5,000 - ₹15,000",E-commerce Website,8,Neutral,Free Shipping Threshold,Clothing,No
21,Female,Student,"Under ₹2,000",Quick Commerce,5,Stressed,Limited Time Flash Sale,Gaming/Digital,Yes
19,Male,Employed,"Above ₹15,000",E-commerce Website,5,Neutral,Social Media Ad,Gaming/Digital,Yes
50,Male,Employed,"Under ₹2,000",E-commerce Website,4,Neutral,Social Media Ad,Gaming/Digital,Yes
25,Female,Unemployed,"₹5,000 - ₹15,000",Quick Commerce,6,Bored,Heavy Discount,Gaming/Digital,Yes
18,Female,Employed,"Under ₹2,000",Quick Commerce,8,Bored,Free Shipping Threshold,Clothing,Yes
39,Male,Student,"Under ₹2,000",Quick Commerce,3,Bored,Limited Time Flash Sale,Clothing,Yes
32,Female,Student,"₹5,000 - ₹15,000",E-commerce Website,2,Stressed,Free Shipping Threshold,Beauty/Cosmetics,Yes
21,Female,Employed,"₹2,000 - ₹5,000",E-commerce Website,3,Sad,Free Shipping Threshold,Food/Snacks,Yes
20,Male,Student,"₹5,000 - ₹15,000",Quick Commerce,5,Stressed,Attractive Packaging,Electronics,Yes
33,Female,Employed,"₹2,000 - ₹5,000",E-commerce Website,5,Neutral,Heavy Discount,Clothing,No
26,Female,Unemployed,"Under ₹2,000",Quick Commerce,5,Happy,Social Media Ad,Electronics,No
18,Male,Self-employed,"₹5,000 - ₹15,000",Social Media Stores,7,Happy,Attractive Packaging,Clothing,No
42,Female,Self-employed,"₹5,000 - ₹15,000",Quick Commerce,4,Happy,Social Media Ad,Clothing,No
24,Male,Self-employed,"Under ₹2,000",Social Media Stores,4,Stressed,Limited Time Flash Sale,Gaming/Digital,Yes
39,Female,Employed,"₹2,000 - ₹5,000",Quick Commerce,7,Happy,Attractive Packaging,Food/Snacks,Yes
38,Female,Employed,"₹5,000 - ₹15,000",E-commerce Website,2,Bored,Social Media Ad,Food/Snacks,Yes
19,Male,Employed,"₹5,000 - ₹15,000",Quick Commerce,3,Happy,Free Shipping Threshold,Clothing,No
36,Female,Unemployed,"₹5,000 - ₹15,000",E-commerce Website,5,Stressed,Free Shipping Threshold,Gaming/Digital,Yes
22,Female,Student,"₹5,000 - ₹15,000",Physical In-Store,7,Bored,Heavy Discount,Beauty/Cosmetics,No
18,Male,Employed,"Above ₹15,000",E-commerce Website,6,Bored,Social Media Ad,Food/Snacks,Yes
24,Female,Student,"₹2,000 - ₹5,000",Social Media Stores,4,Neutral,Attractive Packaging,Beauty/Cosmetics,No
31,Male,Student,"₹5,000 - ₹15,000",Social Media Stores,3,Bored,Limited Time Flash Sale,Food/Snacks,No
24,Female,Employed,"₹5,000 - ₹15,000",E-commerce Website,7,Bored,Free Shipping Threshold,Beauty/Cosmetics,Yes
25,Female,Employed,"₹5,000 - ₹15,000",Social Media Stores,2,Bored,Attractive Packaging,Gaming/Digital,No
37,Female,Employed,"₹2,000 - ₹5,000",Quick Commerce,3,Neutral,Heavy Discount,Clothing,No
28,Female,Employed,"₹5,000 - ₹15,000",Social Media Stores,1,Stressed,Heavy Discount,Gaming/Digital,Yes
21,Female,Employed,"₹5,000 - ₹15,000",E-commerce Website,6,Bored,Limited Time Flash Sale,Gaming/Digital,Yes
33,Female,Student,"₹5,000 - ₹15,000",Social Media Stores,4,Neutral,Free Shipping Threshold,Clothing,Yes
29,Female,Employed,"₹2,000 - ₹5,000",Quick Commerce,10,Happy,Social Media Ad,Clothing,Yes
18,Female,Self-employed,"₹5,000 - ₹15,000",Quick Commerce,5,Sad,Social Media Ad,Electronics,Yes
31,Female,Employed,"Above ₹15,000",Physical In-Store,8,Neutral,Free Shipping Threshold,Gaming/Digital,No
31,Male,Employed,"Above ₹15,000",E-commerce Website,7,Happy,Limited Time Flash Sale,Beauty/Cosmetics,Yes
28,Female,Employed,"₹5,000 - ₹15,000",Physical In-Store,2,Happy,Limited Time Flash Sale,Food/Snacks,No
35,Female,Self-employed,"₹5,000 - ₹15,000",E-commerce Website,5,Neutral,Heavy Discount,Clothing,Yes
22,Female,Employed,"Under ₹2,000",E-commerce Website,3,Sad,Social Media Ad,Clothing,No
30,Other,Student,"₹2,000 - ₹5,000",E-commerce Website,5,Sad,Heavy Discount,Gaming/Digital,No
18,Male,Self-employed,"Under ₹2,000",Social Media Stores,5,Bored,Social Media Ad,Clothing,Yes
31,Male,Self-employed,"₹5,000 - ₹15,000",E-commerce Website,3,Bored,Attractive Packaging,Food/Snacks,No
43,Male,Employed,"₹2,000 - ₹5,000",E-commerce Website,7,Happy,Attractive Packaging,Food/Snacks,No
20,Female,Employed,"₹5,000 - ₹15,000",E-commerce Website,2,Sad,Limited Time Flash Sale,Gaming/Digital,No
21,Female,Employed,"₹5,000 - ₹15,000",Physical In-Store,4,Neutral,Social Media Ad,Food/Snacks,No
22,Other,Employed,"Above ₹15,000",Quick Commerce,7,Neutral,Limited Time Flash Sale,Food/Snacks,No
29,Female,Employed,"₹5,000 - ₹15,000",E-commerce Website,8,Sad,Heavy Discount,Beauty/Cosmetics,No
19,Female,Self-employed,"₹5,000 - ₹15,000",Social Media Stores,5,Bored,Heavy Discount,Food/Snacks,No
31,Female,Self-employed,"₹5,000 - ₹15,000",E-commerce Website,4,Neutral,Heavy Discount,Gaming/Digital,Yes
34,Female,Employed,"₹2,000 - ₹5,000",Social Media Stores,3,Neutral,Heavy Discount,Clothing,No
32,Male,Self-employed,"Under ₹2,000",E-commerce Website,8,Stressed,Attractive Packaging,Gaming/Digital,Yes
18,Female,Student,"Under ₹2,000",E-commerce Website,5,Stressed,Limited Time Flash Sale,Food/Snacks,Yes
35,Other,Student,"Under ₹2,000",Social Media Stores,5,Happy,Social Media Ad,Gaming/Digital,No
35,Other,Employed,"Above ₹15,000",E-commerce Website,12,Neutral,Social Media Ad,Electronics,Yes
34,Female,Employed,"Under ₹2,000",E-commerce Website,7,Sad,Limited Time Flash Sale,Clothing,Yes
30,Female,Student,"₹5,000 - ₹15,000",Social Media Stores,2,Neutral,Limited Time Flash Sale,Food/Snacks,No
29,Male,Employed,"Under ₹2,000",E-commerce Website,8,Bored,Limited Time Flash Sale,Beauty/Cosmetics,Yes
36,Male,Student,"Above ₹15,000",Social Media Stores,6,Happy,Limited Time Flash Sale,Food/Snacks,Yes
43,Other,Employed,"₹2,000 - ₹5,000",E-commerce Website,5,Happy,Heavy Discount,Electronics,No
20,Male,Self-employed,"₹2,000 - ₹5,000",Physical In-Store,9,Bored,Free Shipping Threshold,Gaming/Digital,Yes
36,Male,Employed,"₹2,000 - ₹5,000",Physical In-Store,5,Bored,Social Media Ad,Food/Snacks,No
27,Male,Employed,"₹5,000 - ₹15,000",E-commerce Website,6,Bored,Social Media Ad,Beauty/Cosmetics,No
26,Female,Unemployed,"₹2,000 - ₹5,000",E-commerce Website,8,Neutral,Social Media Ad,Food/Snacks,Yes
18,Female,Employed,"₹5,000 - ₹15,000",E-commerce Website,3,Neutral,Social Media Ad,Clothing,No
25,Male,Self-employed,"₹5,000 - ₹15,000",Social Media Stores,6,Happy,Attractive Packaging,Food/Snacks,Yes
20,Female,Employed,"₹2,000 - ₹5,000",Quick Commerce,4,Neutral,Attractive Packaging,Beauty/Cosmetics,No
24,Female,Unemployed,"Under ₹2,000",Social Media Stores,4,Happy,Limited Time Flash Sale,Gaming/Digital,Yes
19,Male,Self-employed,"₹5,000 - ₹15,000",E-commerce Website,6,Neutral,Limited Time Flash Sale,Gaming/Digital,Yes
24,Male,Employed,"₹2,000 - ₹5,000",E-commerce Website,6,Stressed,Attractive Packaging,Clothing,Yes
24,Female,Employed,"Above ₹15,000",E-commerce Website,6,Bored,Heavy Discount,Gaming/Digital,Yes
28,Female,Employed,"Under ₹2,000",E-commerce Website,5,Bored,Limited Time Flash Sale,Food/Snacks,Yes
18,Male,Employed,"₹5,000 - ₹15,000",Social Media Stores,4,Stressed,Heavy Discount,Gaming/Digital,No
18,Male,Employed,"₹5,000 - ₹15,000",Quick Commerce,9,Stressed,Attractive Packaging,Gaming/Digital,Yes
30,Male,Employed,"₹5,000 - ₹15,000",E-commerce Website,6,Neutral,Heavy Discount,Beauty/Cosmetics,No
21,Male,Employed,"₹2,000 - ₹5,000",Physical In-Store,4,Neutral,Heavy Discount,Gaming/Digital,No
36,Female,Employed,"Above ₹15,000",Quick Commerce,4,Stressed,Heavy Discount,Food/Snacks,Yes
29,Female,Self-employed,"₹5,000 - ₹15,000",E-commerce Website,7,Bored,Limited Time Flash Sale,Beauty/Cosmetics,No
32,Female,Employed,"₹5,000 - ₹15,000",Quick Commerce,6,Bored,Heavy Discount,Electronics,Yes
39,Female,Student,"₹5,000 - ₹15,000",Quick Commerce,6,Bored,Limited Time Flash Sale,Gaming/Digital,Yes
25,Male,Student,"₹5,000 - ₹15,000",E-commerce Website,5,Stressed,Free Shipping Threshold,Gaming/Digital,Yes
23,Female,Student,"Above ₹15,000",Physical In-Store,2,Neutral,Heavy Discount,Beauty/Cosmetics,Yes
34,Male,Student,"Above ₹15,000",Quick Commerce,2,Neutral,Free Shipping Threshold,Food/Snacks,No
32,Female,Student,"₹2,000 - ₹5,000",Social Media Stores,7,Neutral,Heavy Discount,Electronics,No
26,Female,Employed,"₹2,000 - ₹5,000",E-commerce Website,8,Happy,Free Shipping Threshold,Electronics,No
39,Female,Self-employed,"Above ₹15,000",E-commerce Website,3,Neutral,Attractive Packaging,Gaming/Digital,Yes
26,Female,Employed,"₹2,000 - ₹5,000",Social Media Stores,6,Sad,Free Shipping Threshold,Beauty/Cosmetics,No
28,Female,Employed,"Above ₹15,000",E-commerce Website,5,Happy,Free Shipping Threshold,Gaming/Digital,No
28,Female,Employed,"₹5,000 - ₹15,000",Physical In-Store,8,Bored,Social Media Ad,Clothing,Yes
20,Female,Unemployed,"Under ₹2,000",E-commerce Website,5,Neutral,Free Shipping Threshold,Gaming/Digital,No
28,Female,Self-employed,"₹2,000 - ₹5,000",Physical In-Store,3,Neutral,Free Shipping Threshold,Clothing,No
39,Other,Student,"₹2,000 - ₹5,000",Physical In-Store,3,Neutral,Limited Time Flash Sale,Clothing,No
31,Female,Student,"₹5,000 - ₹15,000",E-commerce Website,3,Neutral,Heavy Discount,Beauty/Cosmetics,Yes
28,Female,Student,"₹2,000 - ₹5,000",E-commerce Website,5,Neutral,Social Media Ad,Clothing,No
26,Male,Employed,"₹2,000 - ₹5,000",E-commerce Website,3,Bored,Limited Time Flash Sale,Electronics,Yes
30,Male,Employed,"Above ₹15,000",Quick Commerce,8,Sad,Social Media Ad,Electronics,Yes
33,Female,Employed,"Under ₹2,000",E-commerce Website,4,Stressed,Heavy Discount,Food/Snacks,Yes
32,Female,Self-employed,"₹5,000 - ₹15,000",E-commerce Website,6,Neutral,Free Shipping Threshold,Beauty/Cosmetics,No
25,Male,Employed,"₹5,000 - ₹15,000",E-commerce Website,3,Neutral,Heavy Discount,Clothing,No
30,Other,Unemployed,"Under ₹2,000",Physical In-Store,5,Neutral,Free Shipping Threshold,Gaming/Digital,Yes
31,Male,Student,"Under ₹2,000",Quick Commerce,4,Bored,Social Media Ad,Beauty/Cosmetics,Yes
19,Female,Student,"₹2,000 - ₹5,000",E-commerce Website,7,Happy,Free Shipping Threshold,Clothing,No
29,Male,Employed,"Under ₹2,000",E-commerce Website,4,Happy,Heavy Discount,Clothing,No
18,Female,Student,"₹2,000 - ₹5,000",Quick Commerce,1,Happy,Free Shipping Threshold,Electronics,No
31,Female,Employed,"₹5,000 - ₹15,000",Social Media Stores,2,Neutral,Heavy Discount,Beauty/Cosmetics,No
33,Male,Student,"₹5,000 - ₹15,000",E-commerce Website,7,Bored,Heavy Discount,Clothing,Yes
33,Male,Employed,"₹5,000 - ₹15,000",Quick Commerce,6,Bored,Limited Time Flash Sale,Food/Snacks,Yes
24,Female,Student,"₹2,000 - ₹5,000",Quick Commerce,4,Neutral,Heavy Discount,Beauty/Cosmetics,No
30,Female,Student,"Under ₹2,000",Quick Commerce,4,Neutral,Limited Time Flash Sale,Beauty/Cosmetics,Yes
39,Female,Self-employed,"₹2,000 - ₹5,000",Physical In-Store,2,Sad,Attractive Packaging,Clothing,No
39,Other,Unemployed,"₹2,000 - ₹5,000",Quick Commerce,6,Bored,Limited Time Flash Sale,Beauty/Cosmetics,Yes
27,Male,Employed,"Above ₹15,000",E-commerce Website,3,Sad,Free Shipping Threshold,Electronics,No
29,Female,Unemployed,"₹2,000 - ₹5,000",Social Media Stores,5,Bored,Attractive Packaging,Electronics,No
36,Female,Employed,"₹2,000 - ₹5,000",E-commerce Website,5,Stressed,Limited Time Flash Sale,Gaming/Digital,Yes
18,Other,Employed,"₹5,000 - ₹15,000",E-commerce Website,6,Neutral,Limited Time Flash Sale,Electronics,Yes
25,Female,Self-employed,"₹5,000 - ₹15,000",Physical In-Store,5,Bored,Social Media Ad,Gaming/Digital,Yes
38,Female,Student,"Above ₹15,000",E-commerce Website,3,Happy,Limited Time Flash Sale,Gaming/Digital,Yes
35,Female,Student,"Under ₹2,000",E-commerce Website,2,Happy,Attractive Packaging,Clothing,No
30,Male,Employed,"Under ₹2,000",Physical In-Store,4,Stressed,Free Shipping Threshold,Gaming/Digital,No
18,Male,Employed,"₹2,000 - ₹5,000",Quick Commerce,5,Bored,Limited Time Flash Sale,Clothing,Yes
27,Female,Student,"Under ₹2,000",Social Media Stores,6,Bored,Free Shipping Threshold,Gaming/Digital,Yes
23,Female,Student,"₹5,000 - ₹15,000",E-commerce Website,7,Neutral,Heavy Discount,Food/Snacks,No
30,Female,Employed,"Above ₹15,000",Social Media Stores,8,Bored,Limited Time Flash Sale,Gaming/Digital,Yes
21,Female,Employed,"₹5,000 - ₹15,000",Social Media Stores,2,Neutral,Free Shipping Threshold,Beauty/Cosmetics,No
19,Male,Employed,"Under ₹2,000",E-commerce Website,0,Bored,Heavy Discount,Clothing,No
18,Female,Self-employed,"Under ₹2,000",Social Media Stores,3,Sad,Attractive Packaging,Electronics,No
37,Male,Employed,"Above ₹15,000",Social Media Stores,6,Happy,Heavy Discount,Food/Snacks,No
24,Male,Employed,"₹2,000 - ₹5,000",E-commerce Website,4,Stressed,Heavy Discount,Food/Snacks,Yes
29,Male,Self-employed,"Above ₹15,000",E-commerce Website,4,Neutral,Limited Time Flash Sale,Electronics,No
27,Female,Self-employed,"₹5,000 - ₹15,000",E-commerce Website,4,Bored,Limited Time Flash Sale,Gaming/Digital,Yes
19,Male,Employed,"Above ₹15,000",Social Media Stores,5,Neutral,Free Shipping Threshold,Gaming/Digital,No
18,Female,Employed,"Above ₹15,000",E-commerce Website,2,Sad,Heavy Discount,Clothing,Yes
19,Male,Employed,"₹2,000 - ₹5,000",Social Media Stores,4,Neutral,Heavy Discount,Electronics,Yes
22,Female,Employed,"₹5,000 - ₹15,000",E-commerce Website,4,Neutral,Heavy Discount,Food/Snacks,No
30,Female,Student,"₹2,000 - ₹5,000",Social Media Stores,2,Happy,Social Media Ad,Clothing,No
21,Female,Employed,"₹2,000 - ₹5,000",Quick Commerce,6,Sad,Free Shipping Threshold,Gaming/Digital,Yes
41,Male,Student,"₹2,000 - ₹5,000",Quick Commerce,3,Happy,Limited Time Flash Sale,Electronics,Yes
36,Male,Student,"₹2,000 - ₹5,000",Social Media Stores,8,Happy,Attractive Packaging,Clothing,Yes
34,Female,Employed,"Under ₹2,000",E-commerce Website,5,Bored,Heavy Discount,Gaming/Digital,No
27,Male,Self-employed,"Under ₹2,000",Social Media Stores,7,Neutral,Attractive Packaging,Beauty/Cosmetics,No
40,Female,Student,"₹5,000 - ₹15,000",Social Media Stores,9,Bored,Attractive Packaging,Clothing,Yes
26,Female,Student,"Above ₹15,000",Social Media Stores,4,Stressed,Limited Time Flash Sale,Gaming/Digital,Yes
27,Male,Employed,"₹5,000 - ₹15,000",Quick Commerce,5,Sad,Free Shipping Threshold,Gaming/Digital,No
29,Male,Employed,"₹2,000 - ₹5,000",E-commerce Website,2,Bored,Social Media Ad,Food/Snacks,No
33,Female,Student,"₹2,000 - ₹5,000",Social Media Stores,7,Bored,Free Shipping Threshold,Beauty/Cosmetics,No
33,Female,Student,"Under ₹2,000",E-commerce Website,3,Neutral,Attractive Packaging,Clothing,Yes
24,Male,Employed,"₹5,000 - ₹15,000",E-commerce Website,2,Happy,Free Shipping Threshold,Electronics,No
23,Female,Self-employed,"₹5,000 - ₹15,000",E-commerce Website,2,Bored,Social Media Ad,Clothing,Yes
33,Female,Student,"₹2,000 - ₹5,000",E-commerce Website,2,Neutral,Social Media Ad,Food/Snacks,Yes
33,Female,Employed,"₹5,000 - ₹15,000",Social Media Stores,3,Bored,Social Media Ad,Electronics,Yes
24,Male,Employed,"₹5,000 - ₹15,000",Social Media Stores,5,Sad,Attractive Packaging,Food/Snacks,Yes
18,Male,Student,"Under ₹2,000",Social Media Stores,6,Neutral,Free Shipping Threshold,Electronics,Yes
26,Female,Student,"₹2,000 - ₹5,000",Quick Commerce,5,Happy,Limited Time Flash Sale,Electronics,Yes
32,Male,Employed,"₹5,000 - ₹15,000",Social Media Stores,0,Bored,Social Media Ad,Food/Snacks,Yes
42,Male,Unemployed,"₹5,000 - ₹15,000",Quick Commerce,4,Happy,Limited Time Flash Sale,Food/Snacks,No
18,Female,Student,"Under ₹2,000",Social Media Stores,6,Happy,Limited Time Flash Sale,Clothing,No
24,Male,Employed,"₹2,000 - ₹5,000",E-commerce Website,3,Happy,Attractive Packaging,Food/Snacks,No
24,Male,Employed,"₹5,000 - ₹15,000",E-commerce Website,2,Stressed,Social Media Ad,Gaming/Digital,Yes
38,Male,Self-employed,"₹2,000 - ₹5,000",Social Media Stores,6,Happy,Attractive Packaging,Beauty/Cosmetics,Yes
27,Female,Student,"₹5,000 - ₹15,000",Social Media Stores,6,Bored,Attractive Packaging,Food/Snacks,No
20,Male,Employed,"Under ₹2,000",Social Media Stores,9,Happy,Free Shipping Threshold,Clothing,No
32,Female,Self-employed,"Under ₹2,000",Social Media Stores,6,Stressed,Attractive Packaging,Electronics,No
24,Female,Unemployed,"₹2,000 - ₹5,000",Quick Commerce,3,Bored,Free Shipping Threshold,Food/Snacks,No
18,Female,Employed,"Above ₹15,000",E-commerce Website,5,Stressed,Free Shipping Threshold,Food/Snacks,Yes
20,Male,Employed,"₹5,000 - ₹15,000",E-commerce Website,5,Neutral,Social Media Ad,Beauty/Cosmetics,No
41,Male,Employed,"Above ₹15,000",Social Media Stores,4,Stressed,Limited Time Flash Sale,Electronics,Yes
31,Female,Employed,"₹2,000 - ₹5,000",E-commerce Website,5,Happy,Social Media Ad,Electronics,No
28,Male,Employed,"₹5,000 - ₹15,000",Quick Commerce,2,Happy,Free Shipping Threshold,Beauty/Cosmetics,Yes
26,Female,Employed,"Above ₹15,000",Social Media Stores,3,Stressed,Heavy Discount,Electronics,No
30,Female,Self-employed,"₹2,000 - ₹5,000",E-commerce Website,5,Happy,Limited Time Flash Sale,Gaming/Digital,No
30,Female,Employed,"Above ₹15,000",E-commerce Website,4,Neutral,Limited Time Flash Sale,Clothing,No
30,Male,Employed,"Above ₹15,000",Social Media Stores,1,Bored,Heavy Discount,Gaming/Digital,No
28,Female,Self-employed,"Above ₹15,000",Physical In-Store,2,Neutral,Social Media Ad,Gaming/Digital,No
34,Male,Self-employed,"Above ₹15,000",E-commerce Website,13,Happy,Heavy Discount,Food/Snacks,Yes
28,Male,Employed,"₹5,000 - ₹15,000",E-commerce Website,6,Neutral,Heavy Discount,Food/Snacks,No
20,Female,Employed,"Above ₹15,000",Quick Commerce,2,Happy,Social Media Ad,Food/Snacks,Yes
23,Female,Employed,"₹2,000 - ₹5,000",Social Media Stores,4,Stressed,Heavy Discount,Gaming/Digital,Yes
18,Female,Student,"₹5,000 - ₹15,000",E-commerce Website,13,Happy,Heavy Discount,Electronics,Yes
44,Female,Student,"₹2,000 - ₹5,000",Quick Commerce,7,Stressed,Free Shipping Threshold,Gaming/Digital,No
34,Female,Employed,"₹5,000 - ₹15,000",Quick Commerce,3,Happy,Attractive Packaging,Clothing,No
21,Male,Student,"₹5,000 - ₹15,000",E-commerce Website,6,Happy,Social Media Ad,Food/Snacks,No
25,Male,Employed,"₹5,000 - ₹15,000",E-commerce Website,2,Sad,Free Shipping Threshold,Beauty/Cosmetics,No
22,Female,Employed,"₹5,000 - ₹15,000",Social Media Stores,5,Sad,Social Media Ad,Clothing,No
40,Male,Employed,"₹2,000 - ₹5,000",E-commerce Website,4,Happy,Heavy Discount,Clothing,No
18,Female,Student,"₹5,000 - ₹15,000",E-commerce Website,6,Neutral,Free Shipping Threshold,Food/Snacks,No
28,Male,Student,"Under ₹2,000",Physical In-Store,3,Sad,Limited Time Flash Sale,Beauty/Cosmetics,No
27,Male,Student,"Under ₹2,000",E-commerce Website,2,Stressed,Limited Time Flash Sale,Food/Snacks,Yes
34,Male,Student,"₹5,000 - ₹15,000",E-commerce Website,4,Neutral,Heavy Discount,Food/Snacks,No
27,Female,Unemployed,"₹5,000 - ₹15,000",Social Media Stores,5,Bored,Limited Time Flash Sale,Beauty/Cosmetics,Yes
18,Female,Employed,"Under ₹2,000",Physical In-Store,6,Happy,Heavy Discount,Beauty/Cosmetics,Yes
25,Male,Student,"₹2,000 - ₹5,000",Social Media Stores,4,Happy,Attractive Packaging,Gaming/Digital,Yes
20,Male,Student,"₹2,000 - ₹5,000",Social Media Stores,4,Stressed,Free Shipping Threshold,Clothing,Yes
28,Female,Employed,"₹5,000 - ₹15,000",Physical In-Store,2,Happy,Social Media Ad,Gaming/Digital,No
39,Male,Employed,"₹5,000 - ₹15,000",Social Media Stores,6,Neutral,Attractive Packaging,Food/Snacks,No
18,Female,Student,"Under ₹2,000",E-commerce Website,6,Sad,Heavy Discount,Electronics,No
21,Female,Self-employed,"₹5,000 - ₹15,000",Social Media Stores,5,Stressed,Limited Time Flash Sale,Gaming/Digital,Yes
23,Other,Self-employed,"₹2,000 - ₹5,000",E-commerce Website,6,Bored,Social Media Ad,Beauty/Cosmetics,Yes
24,Female,Student,"₹5,000 - ₹15,000",E-commerce Website,4,Bored,Free Shipping Threshold,Electronics,Yes
33,Male,Employed,"Under ₹2,000",E-commerce Website,5,Sad,Heavy Discount,Electronics,No
26,Other,Employed,"Above ₹15,000",E-commerce Website,6,Sad,Free Shipping Threshold,Gaming/Digital,Yes
31,Female,Employed,"Under ₹2,000",Physical In-Store,6,Stressed,Social Media Ad,Food/Snacks,Yes
22,Female,Self-employed,"₹5,000 - ₹15,000",Quick Commerce,2,Neutral,Free Shipping Threshold,Electronics,Yes
29,Male,Student,"₹5,000 - ₹15,000",Social Media Stores,6,Sad,Limited Time Flash Sale,Clothing,Yes
34,Other,Employed,"Under ₹2,000",Quick Commerce,5,Sad,Social Media Ad,Gaming/Digital,No
22,Female,Employed,"Under ₹2,000",Quick Commerce,8,Happy,Social Media Ad,Beauty/Cosmetics,No
34,Female,Employed,"₹2,000 - ₹5,000",Quick Commerce,3,Happy,Heavy Discount,Clothing,No
28,Male,Self-employed,"₹5,000 - ₹15,000",E-commerce Website,6,Neutral,Attractive Packaging,Beauty/Cosmetics,No
36,Male,Student,"Under ₹2,000",Physical In-Store,4,Neutral,Limited Time Flash Sale,Food/Snacks,No
26,Other,Student,"₹5,000 - ₹15,000",Quick Commerce,2,Stressed,Heavy Discount,Beauty/Cosmetics,Yes
31,Female,Employed,"₹5,000 - ₹15,000",E-commerce Website,5,Bored,Social Media Ad,Beauty/Cosmetics,No
27,Male,Student,"₹2,000 - ₹5,000",E-commerce Website,5,Neutral,Limited Time Flash Sale,Food/Snacks,No
27,Female,Student,"Under ₹2,000",Quick Commerce,6,Neutral,Social Media Ad,Electronics,Yes
30,Male,Employed,"Above ₹15,000",E-commerce Website,5,Happy,Social Media Ad,Food/Snacks,No
32,Male,Student,"₹2,000 - ₹5,000",E-commerce Website,2,Neutral,Heavy Discount,Electronics,No
18,Male,Employed,"Under ₹2,000",E-commerce Website,2,Happy,Limited Time Flash Sale,Clothing,Yes
39,Male,Student,"₹5,000 - ₹15,000",Quick Commerce,4,Bored,Free Shipping Threshold,Food/Snacks,No
18,Male,Student,"₹2,000 - ₹5,000",Quick Commerce,1,Stressed,Social Media Ad,Gaming/Digital,No
22,Male,Employed,"₹2,000 - ₹5,000",Social Media Stores,6,Stressed,Social Media Ad,Clothing,Yes
27,Male,Student,"Under ₹2,000",Quick Commerce,2,Bored,Heavy Discount,Beauty/Cosmetics,Yes
31,Female,Unemployed,"Above ₹15,000",Physical In-Store,4,Sad,Free Shipping Threshold,Clothing,Yes
40,Female,Employed,"₹2,000 - ₹5,000",E-commerce Website,5,Neutral,Limited Time Flash Sale,Gaming/Digital,No
18,Female,Employed,"Above ₹15,000",E-commerce Website,1,Bored,Free Shipping Threshold,Beauty/Cosmetics,Yes
23,Male,Self-employed,"₹2,000 - ₹5,000",Physical In-Store,7,Neutral,Limited Time Flash Sale,Electronics,No
18,Male,Student,"₹2,000 - ₹5,000",E-commerce Website,2,Bored,Limited Time Flash Sale,Food/Snacks,Yes
28,Female,Employed,"Above ₹15,000",Physical In-Store,3,Stressed,Free Shipping Threshold,Clothing,Yes
30,Other,Self-employed,"₹2,000 - ₹5,000",E-commerce Website,5,Sad,Heavy Discount,Gaming/Digital,No
40,Male,Student,"₹2,000 - ₹5,000",Physical In-Store,8,Stressed,Free Shipping Threshold,Gaming/Digital,Yes
28,Male,Unemployed,"Under ₹2,000",E-commerce Website,2,Bored,Heavy Discount,Gaming/Digital,No
36,Female,Student,"Above ₹15,000",Quick Commerce,4,Neutral,Heavy Discount,Food/Snacks,Yes
32,Female,Student,"Under ₹2,000",E-commerce Website,6,Bored,Free Shipping Threshold,Clothing,No
24,Female,Employed,"₹5,000 - ₹15,000",Physical In-Store,4,Neutral,Social Media Ad,Beauty/Cosmetics,No
18,Female,Student,"₹5,000 - ₹15,000",E-commerce Website,6,Stressed,Attractive Packaging,Beauty/Cosmetics,No
30,Female,Employed,"Under ₹2,000",Quick Commerce,5,Stressed,Heavy Discount,Gaming/Digital,No
18,Other,Self-employed,"Under ₹2,000",E-commerce Website,7,Neutral,Heavy Discount,Beauty/Cosmetics,No
38,Male,Unemployed,"Above ₹15,000",E-commerce Website,8,Stressed,Limited Time Flash Sale,Clothing,Yes
26,Other,Employed,"₹5,000 - ₹15,000",Physical In-Store,5,Sad,Social Media Ad,Beauty/Cosmetics,No
37,Male,Unemployed,"₹5,000 - ₹15,000",E-commerce Website,6,Stressed,Limited Time Flash Sale,Food/Snacks,Yes
24,Female,Employed,"₹2,000 - ₹5,000",E-commerce Website,5,Happy,Free Shipping Threshold,Food/Snacks,No
30,Female,Student,"₹2,000 - ₹5,000",E-commerce Website,3,Neutral,Social Media Ad,Food/Snacks,No
29,Female,Employed,"₹5,000 - ₹15,000",E-commerce Website,2,Neutral,Free Shipping Threshold,Beauty/Cosmetics,No
27,Female,Employed,"₹5,000 - ₹15,000",Quick Commerce,0,Sad,Free Shipping Threshold,Clothing,No
24,Male,Employed,"₹5,000 - ₹15,000",E-commerce Website,7,Stressed,Social Media Ad,Food/Snacks,Yes
31,Male,Employed,"₹2,000 - ₹5,000",Social Media Stores,4,Stressed,Free Shipping Threshold,Gaming/Digital,Yes
20,Female,Employed,"Above ₹15,000",Physical In-Store,5,Bored,Free Shipping Threshold,Gaming/Digital,Yes
18,Female,Employed,"Under ₹2,000",E-commerce Website,2,Happy,Attractive Packaging,Gaming/Digital,Yes
37,Male,Unemployed,"Under ₹2,000",E-commerce Website,5,Neutral,Social Media Ad,Beauty/Cosmetics,No
33,Female,Employed,"Above ₹15,000",Quick Commerce,2,Bored,Attractive Packaging,Gaming/Digital,No
28,Male,Student,"₹5,000 - ₹15,000",E-commerce Website,2,Stressed,Free Shipping Threshold,Beauty/Cosmetics,Yes
41,Male,Employed,"₹2,000 - ₹5,000",E-commerce Website,3,Bored,Social Media Ad,Food/Snacks,Yes
25,Male,Employed,"₹5,000 - ₹15,000",E-commerce Website,5,Happy,Attractive Packaging,Clothing,No
38,Female,Self-employed,"₹2,000 - ₹5,000",E-commerce Website,6,Bored,Heavy Discount,Electronics,No
29,Male,Student,"Under ₹2,000",E-commerce Website,7,Happy,Social Media Ad,Food/Snacks,No
19,Female,Employed,"₹5,000 - ₹15,000",Physical In-Store,7,Stressed,Free Shipping Threshold,Electronics,No
42,Male,Student,"₹2,000 - ₹5,000",Quick Commerce,6,Neutral,Free Shipping Threshold,Beauty/Cosmetics,No
35,Male,Student,"Under ₹2,000",Social Media Stores,2,Happy,Social Media Ad,Food/Snacks,No
27,Female,Employed,"₹2,000 - ₹5,000",E-commerce Website,6,Happy,Social Media Ad,Electronics,No
33,Female,Employed,"₹2,000 - ₹5,000",Social Media Stores,6,Bored,Heavy Discount,Gaming/Digital,No
24,Male,Self-employed,"Under ₹2,000",E-commerce Website,5,Neutral,Attractive Packaging,Beauty/Cosmetics,No
34,Male,Employed,"Above ₹15,000",Social Media Stores,6,Neutral,Free Shipping Threshold,Gaming/Digital,No
18,Female,Student,"₹5,000 - ₹15,000",Social Media Stores,3,Neutral,Attractive Packaging,Gaming/Digital,Yes
19,Male,Employed,"₹2,000 - ₹5,000",Physical In-Store,10,Stressed,Heavy Discount,Electronics,Yes
35,Female,Employed,"₹5,000 - ₹15,000",Quick Commerce,4,Neutral,Free Shipping Threshold,Food/Snacks,No
26,Female,Employed,"₹5,000 - ₹15,000",E-commerce Website,11,Sad,Social Media Ad,Clothing,Yes
29,Male,Employed,"₹5,000 - ₹15,000",E-commerce Website,5,Bored,Free Shipping Threshold,Electronics,Yes
18,Female,Student,"₹2,000 - ₹5,000",Social Media Stores,2,Bored,Free Shipping Threshold,Electronics,Yes
42,Female,Employed,"Under ₹2,000",E-commerce Website,7,Bored,Limited Time Flash Sale,Beauty/Cosmetics,Yes
37,Male,Employed,"Above ₹15,000",E-commerce Website,5,Neutral,Limited Time Flash Sale,Clothing,Yes
26,Male,Employed,"₹2,000 - ₹5,000",E-commerce Website,3,Bored,Heavy Discount,Electronics,Yes
24,Male,Self-employed,"Under ₹2,000",Quick Commerce,6,Neutral,Limited Time Flash Sale,Electronics,Yes
36,Female,Employed,"₹5,000 - ₹15,000",E-commerce Website,4,Stressed,Social Media Ad,Electronics,Yes
43,Female,Employed,"Under ₹2,000",E-commerce Website,10,Sad,Heavy Discount,Beauty/Cosmetics,No
35,Male,Employed,"Above ₹15,000",E-commerce Website,6,Neutral,Attractive Packaging,Electronics,Yes
45,Male,Student,"Above ₹15,000",E-commerce Website,3,Neutral,Attractive Packaging,Beauty/Cosmetics,No
20,Male,Employed,"₹5,000 - ₹15,000",Social Media Stores,5,Happy,Free Shipping Threshold,Electronics,Yes
21,Male,Employed,"₹5,000 - ₹15,000",E-commerce Website,4,Bored,Free Shipping Threshold,Beauty/Cosmetics,Yes
18,Male,Employed,"₹2,000 - ₹5,000",Social Media Stores,6,Bored,Attractive Packaging,Beauty/Cosmetics,No
31,Female,Employed,"₹5,000 - ₹15,000",Social Media Stores,5,Neutral,Social Media Ad,Electronics,No
29,Male,Self-employed,"₹5,000 - ₹15,000",E-commerce Website,7,Bored,Limited Time Flash Sale,Clothing,Yes
26,Male,Student,"Under ₹2,000",E-commerce Website,8,Neutral,Free Shipping Threshold,Electronics,No
34,Female,Student,"Above ₹15,000",Social Media Stores,5,Neutral,Heavy Discount,Clothing,No
37,Male,Self-employed,"Above ₹15,000",E-commerce Website,3,Stressed,Attractive Packaging,Beauty/Cosmetics,No
18,Male,Self-employed,"Above ₹15,000",Quick Commerce,7,Bored,Limited Time Flash Sale,Beauty/Cosmetics,Yes
23,Male,Employed,"₹5,000 - ₹15,000",Quick Commerce,5,Sad,Free Shipping Threshold,Gaming/Digital,No
34,Male,Self-employed,"₹2,000 - ₹5,000",Social Media Stores,5,Bored,Social Media Ad,Food/Snacks,Yes
24,Female,Student,"₹2,000 - ₹5,000",Quick Commerce,5,Sad,Limited Time Flash Sale,Beauty/Cosmetics,Yes
21,Female,Student,"Under ₹2,000",E-commerce Website,4,Stressed,Social Media Ad,Electronics,No
36,Male,Self-employed,"Under ₹2,000",Physical In-Store,9,Stressed,Heavy Discount,Beauty/Cosmetics,No
18,Male,Self-employed,"₹2,000 - ₹5,000",E-commerce Website,6,Happy,Social Media Ad,Clothing,No
25,Male,Student,"₹5,000 - ₹15,000",E-commerce Website,5,Bored,Attractive Packaging,Gaming/Digital,Yes
30,Female,Student,"₹5,000 - ₹15,000",E-commerce Website,8,Neutral,Attractive Packaging,Gaming/Digital,No
23,Female,Student,"₹2,000 - ₹5,000",E-commerce Website,4,Bored,Free Shipping Threshold,Food/Snacks,Yes
34,Female,Student,"₹5,000 - ₹15,000",E-commerce Website,6,Neutral,Limited Time Flash Sale,Food/Snacks,Yes
23,Male,Employed,"₹2,000 - ₹5,000",E-commerce Website,2,Stressed,Free Shipping Threshold,Electronics,Yes
39,Male,Employed,"₹5,000 - ₹15,000",E-commerce Website,4,Sad,Heavy Discount,Gaming/Digital,No
26,Female,Employed,"Above ₹15,000",E-commerce Website,4,Neutral,Free Shipping Threshold,Gaming/Digital,No
33,Female,Employed,"₹5,000 - ₹15,000",E-commerce Website,1,Bored,Social Media Ad,Food/Snacks,No
33,Female,Self-employed,"Under ₹2,000",Social Media Stores,5,Happy,Limited Time Flash Sale,Food/Snacks,No
22,Male,Student,"₹2,000 - ₹5,000",E-commerce Website,7,Bored,Attractive Packaging,Electronics,Yes
18,Female,Employed,"₹5,000 - ₹15,000",Quick Commerce,5,Bored,Attractive Packaging,Clothing,Yes
30,Female,Self-employed,"₹5,000 - ₹15,000",Quick Commerce,4,Bored,Free Shipping Threshold,Electronics,No
28,Female,Student,"Above ₹15,000",Social Media Stores,7,Neutral,Limited Time Flash Sale,Clothing,Yes
32,Male,Self-employed,"Under ₹2,000",E-commerce Website,5,Sad,Attractive Packaging,Gaming/Digital,Yes
26,Female,Employed,"₹2,000 - ₹5,000",Social Media Stores,9,Happy,Attractive Packaging,Food/Snacks,No
24,Male,Student,"₹2,000 - ₹5,000",E-commerce Website,4,Bored,Heavy Discount,Clothing,No
44,Female,Student,"₹5,000 - ₹15,000",Social Media Stores,8,Bored,Attractive Packaging,Gaming/Digital,Yes
18,Male,Employed,"₹5,000 - ₹15,000",E-commerce Website,2,Sad,Social Media Ad,Food/Snacks,No
33,Female,Employed,"Under ₹2,000",Social Media Stores,1,Bored,Free Shipping Threshold,Clothing,Yes
23,Female,Employed,"₹2,000 - ₹5,000",Social Media Stores,5,Happy,Limited Time Flash Sale,Beauty/Cosmetics,Yes
25,Male,Student,"₹5,000 - ₹15,000",E-commerce Website,2,Bored,Social Media Ad,Food/Snacks,Yes
25,Female,Employed,"Above ₹15,000",Social Media Stores,1,Happy,Heavy Discount,Clothing,Yes
21,Male,Student,"₹2,000 - ₹5,000",E-commerce Website,7,Neutral,Heavy Discount,Gaming/Digital,No
32,Male,Employed,"Under ₹2,000",E-commerce Website,6,Neutral,Heavy Discount,Food/Snacks,No
39,Male,Employed,"₹2,000 - ₹5,000",E-commerce Website,2,Stressed,Social Media Ad,Clothing,No
31,Male,Employed,"₹2,000 - ₹5,000",E-commerce Website,5,Happy,Limited Time Flash Sale,Food/Snacks,No
28,Female,Student,"₹5,000 - ₹15,000",E-commerce Website,6,Happy,Limited Time Flash Sale,Beauty/Cosmetics,Yes
20,Male,Student,"₹2,000 - ₹5,000",E-commerce Website,9,Happy,Social Media Ad,Food/Snacks,No
32,Female,Student,"₹5,000 - ₹15,000",E-commerce Website,2,Stressed,Heavy Discount,Electronics,Yes
45,Female,Student,"Above ₹15,000",Social Media Stores,3,Neutral,Limited Time Flash Sale,Food/Snacks,Yes
24,Female,Student,"₹2,000 - ₹5,000",E-commerce Website,8,Stressed,Social Media Ad,Beauty/Cosmetics,Yes
24,Female,Employed,"₹5,000 - ₹15,000",Physical In-Store,9,Happy,Attractive Packaging,Gaming/Digital,No
23,Male,Employed,"Above ₹15,000",Physical In-Store,8,Happy,Limited Time Flash Sale,Electronics,No
24,Female,Employed,"₹2,000 - ₹5,000",E-commerce Website,4,Stressed,Free Shipping Threshold,Clothing,Yes
18,Male,Employed,"Under ₹2,000",Quick Commerce,2,Stressed,Heavy Discount,Clothing,Yes
31,Female,Student,"₹5,000 - ₹15,000",Physical In-Store,7,Stressed,Attractive Packaging,Beauty/Cosmetics,No
21,Female,Unemployed,"₹5,000 - ₹15,000",E-commerce Website,7,Stressed,Heavy Discount,Beauty/Cosmetics,Yes
18,Female,Student,"₹2,000 - ₹5,000",Quick Commerce,10,Sad,Attractive Packaging,Electronics,Yes
34,Male,Employed,"₹2,000 - ₹5,000",Physical In-Store,7,Happy,Limited Time Flash Sale,Clothing,No
19,Female,Self-employed,"₹5,000 - ₹15,000",E-commerce Website,6,Happy,Attractive Packaging,Gaming/Digital,No
25,Female,Employed,"Under ₹2,000",Quick Commerce,3,Bored,Free Shipping Threshold,Gaming/Digital,Yes
39,Female,Student,"₹5,000 - ₹15,000",Physical In-Store,5,Happy,Limited Time Flash Sale,Electronics,Yes
18,Male,Employed,"₹5,000 - ₹15,000",Social Media Stores,5,Happy,Heavy Discount,Clothing,No
18,Female,Student,"Above ₹15,000",E-commerce Website,6,Sad,Limited Time Flash Sale,Beauty/Cosmetics,No
30,Male,Employed,"₹5,000 - ₹15,000",E-commerce Website,4,Stressed,Heavy Discount,Food/Snacks,Yes
37,Female,Employed,"₹5,000 - ₹15,000",Physical In-Store,5,Happy,Attractive Packaging,Clothing,No
18,Female,Employed,"₹5,000 - ₹15,000",E-commerce Website,10,Stressed,Free Shipping Threshold,Beauty/Cosmetics,Yes
31,Male,Student,"₹2,000 - ₹5,000",Social Media Stores,8,Neutral,Social Media Ad,Beauty/Cosmetics,No
32,Male,Self-employed,"₹5,000 - ₹15,000",E-commerce Website,2,Neutral,Attractive Packaging,Clothing,Yes
18,Female,Employed,"₹5,000 - ₹15,000",Social Media Stores,6,Bored,Limited Time Flash Sale,Clothing,No
34,Male,Student,"₹5,000 - ₹15,000",E-commerce Website,3,Neutral,Attractive Packaging,Electronics,Yes
35,Male,Employed,"₹5,000 - ₹15,000",E-commerce Website,2,Stressed,Limited Time Flash Sale,Gaming/Digital,Yes
25,Female,Employed,"₹5,000 - ₹15,000",Social Media Stores,7,Stressed,Attractive Packaging,Electronics,No
38,Female,Employed,"Under ₹2,000",E-commerce Website,10,Bored,Attractive Packaging,Food/Snacks,No
37,Female,Student,"Above ₹15,000",E-commerce Website,4,Neutral,Free Shipping Threshold,Electronics,No
28,Male,Student,"₹2,000 - ₹5,000",E-commerce Website,6,Neutral,Limited Time Flash Sale,Gaming/Digital,Yes
24,Male,Employed,"Above ₹15,000",E-commerce Website,1,Neutral,Free Shipping Threshold,Food/Snacks,No
20,Female,Student,"₹2,000 - ₹5,000",E-commerce Website,2,Neutral,Attractive Packaging,Clothing,No
27,Female,Student,"Under ₹2,000",Social Media Stores,4,Bored,Attractive Packaging,Gaming/Digital,No
32,Female,Self-employed,"Above ₹15,000",Social Media Stores,5,Bored,Limited Time Flash Sale,Gaming/Digital,No
25,Female,Employed,"₹5,000 - ₹15,000",Social Media Stores,4,Neutral,Free Shipping Threshold,Clothing,Yes
18,Male,Employed,"₹5,000 - ₹15,000",Quick Commerce,8,Happy,Social Media Ad,Food/Snacks,Yes
38,Male,Employed,"Under ₹2,000",Quick Commerce,8,Bored,Free Shipping Threshold,Food/Snacks,Yes
29,Female,Employed,"Above ₹15,000",E-commerce Website,3,Bored,Attractive Packaging,Clothing,Yes
24,Female,Employed,"₹5,000 - ₹15,000",E-commerce Website,7,Bored,Heavy Discount,Gaming/Digital,Yes
34,Female,Unemployed,"₹2,000 - ₹5,000",Social Media Stores,3,Bored,Free Shipping Threshold,Clothing,Yes
40,Female,Student,"Above ₹15,000",E-commerce Website,3,Happy,Social Media Ad,Beauty/Cosmetics,No
18,Female,Student,"₹5,000 - ₹15,000",E-commerce Website,6,Stressed,Heavy Discount,Food/Snacks,Yes
31,Female,Student,"Under ₹2,000",E-commerce Website,5,Stressed,Free Shipping Threshold,Electronics,Yes
18,Male,Employed,"₹5,000 - ₹15,000",Quick Commerce,9,Happy,Heavy Discount,Electronics,No
31,Other,Employed,"₹5,000 - ₹15,000",Quick Commerce,5,Neutral,Attractive Packaging,Clothing,Yes
29,Female,Student,"Above ₹15,000",Social Media Stores,8,Stressed,Attractive Packaging,Gaming/Digital,Yes
33,Male,Employed,"₹2,000 - ₹5,000",E-commerce Website,5,Bored,Social Media Ad,Gaming/Digital,Yes
24,Female,Student,"₹5,000 - ₹15,000",E-commerce Website,4,Sad,Limited Time Flash Sale,Beauty/Cosmetics,No
18,Male,Employed,"₹5,000 - ₹15,000",E-commerce Website,7,Sad,Heavy Discount,Beauty/Cosmetics,Yes
24,Female,Unemployed,"Under ₹2,000",Quick Commerce,5,Stressed,Social Media Ad,Gaming/Digital,Yes
31,Female,Employed,"Under ₹2,000",Social Media Stores,7,Bored,Free Shipping Threshold,Beauty/Cosmetics,Yes
36,Female,Student,"₹5,000 - ₹15,000",Social Media Stores,2,Happy,Attractive Packaging,Gaming/Digital,Yes
18,Female,Student,"₹5,000 - ₹15,000",E-commerce Website,4,Neutral,Free Shipping Threshold,Electronics,No
36,Female,Student,"₹5,000 - ₹15,000",E-commerce Website,7,Bored,Limited Time Flash Sale,Food/Snacks,Yes
22,Female,Employed,"₹5,000 - ₹15,000",E-commerce Website,2,Happy,Heavy Discount,Gaming/Digital,No
30,Female,Employed,"₹5,000 - ₹15,000",E-commerce Website,7,Sad,Social Media Ad,Electronics,No
23,Male,Unemployed,"₹5,000 - ₹15,000",E-commerce Website,5,Happy,Limited Time Flash Sale,Gaming/Digital,No
29,Male,Employed,"Under ₹2,000",Physical In-Store,6,Neutral,Heavy Discount,Clothing,No
35,Female,Employed,"Under ₹2,000",Quick Commerce,8,Stressed,Attractive Packaging,Clothing,Yes
18,Female,Self-employed,"₹5,000 - ₹15,000",Social Media Stores,7,Neutral,Limited Time Flash Sale,Electronics,No
22,Male,Employed,"₹5,000 - ₹15,000",Social Media Stores,6,Stressed,Free Shipping Threshold,Food/Snacks,No
29,Male,Student,"₹5,000 - ₹15,000",E-commerce Website,5,Bored,Social Media Ad,Clothing,No
47,Male,Employed,"₹5,000 - ₹15,000",E-commerce Website,3,Neutral,Social Media Ad,Gaming/Digital,Yes
21,Female,Employed,"₹5,000 - ₹15,000",E-commerce Website,3,Bored,Social Media Ad,Clothing,No
44,Female,Employed,"Under ₹2,000",E-commerce Website,6,Neutral,Limited Time Flash Sale,Beauty/Cosmetics,No
44,Male,Student,"₹5,000 - ₹15,000",Quick Commerce,7,Bored,Limited Time Flash Sale,Beauty/Cosmetics,Yes
27,Female,Student,"₹2,000 - ₹5,000",Physical In-Store,4,Neutral,Attractive Packaging,Clothing,Yes
25,Male,Student,"₹5,000 - ₹15,000",E-commerce Website,6,Bored,Limited Time Flash Sale,Gaming/Digital,Yes
22,Female,Student,"₹5,000 - ₹15,000",E-commerce Website,7,Stressed,Free Shipping Threshold,Gaming/Digital,Yes
27,Female,Self-employed,"₹5,000 - ₹15,000",Social Media Stores,3,Happy,Free Shipping Threshold,Food/Snacks,Yes
18,Female,Employed,"₹2,000 - ₹5,000",Quick Commerce,3,Bored,Free Shipping Threshold,Beauty/Cosmetics,Yes
27,Male,Employed,"₹2,000 - ₹5,000",Social Media Stores,9,Bored,Attractive Packaging,Food/Snacks,Yes
39,Male,Employed,"₹2,000 - ₹5,000",E-commerce Website,7,Neutral,Heavy Discount,Gaming/Digital,Yes
23,Female,Employed,"₹5,000 - ₹15,000",E-commerce Website,4,Sad,Social Media Ad,Gaming/Digital,Yes
26,Male,Unemployed,"₹2,000 - ₹5,000",Social Media Stores,6,Bored,Heavy Discount,Electronics,Yes
18,Other,Employed,"Under ₹2,000",E-commerce Website,4,Happy,Free Shipping Threshold,Electronics,Yes
30,Female,Employed,"Above ₹15,000",E-commerce Website,2,Neutral,Limited Time Flash Sale,Clothing,No
30,Male,Employed,"₹2,000 - ₹5,000",E-commerce Website,2,Bored,Social Media Ad,Food/Snacks,Yes
28,Female,Self-employed,"Under ₹2,000",E-commerce Website,3,Neutral,Attractive Packaging,Electronics,No
26,Male,Self-employed,"₹5,000 - ₹15,000",E-commerce Website,9,Neutral,Limited Time Flash Sale,Beauty/Cosmetics,No
25,Female,Self-employed,"₹5,000 - ₹15,000",Social Media Stores,8,Stressed,Heavy Discount,Beauty/Cosmetics,Yes
32,Other,Student,"₹5,000 - ₹15,000",E-commerce Website,6,Neutral,Heavy Discount,Food/Snacks,No
27,Male,Student,"₹5,000 - ₹15,000",Quick Commerce,7,Stressed,Free Shipping Threshold,Beauty/Cosmetics,No
30,Female,Student,"Under ₹2,000",Quick Commerce,3,Neutral,Attractive Packaging,Electronics,Yes
29,Male,Employed,"₹2,000 - ₹5,000",E-commerce Website,4,Neutral,Free Shipping Threshold,Clothing,No
36,Female,Employed,"Under ₹2,000",E-commerce Website,8,Sad,Attractive Packaging,Electronics,No
33,Male,Student,"₹2,000 - ₹5,000",E-commerce Website,7,Bored,Attractive Packaging,Electronics,Yes
29,Female,Employed,"₹5,000 - ₹15,000",Quick Commerce,9,Sad,Social Media Ad,Gaming/Digital,No
40,Other,Student,"₹2,000 - ₹5,000",E-commerce Website,6,Bored,Attractive Packaging,Electronics,Yes
31,Male,Self-employed,"₹5,000 - ₹15,000",Quick Commerce,6,Bored,Heavy Discount,Beauty/Cosmetics,Yes
38,Female,Student,"₹5,000 - ₹15,000",Social Media Stores,7,Bored,Heavy Discount,Clothing,No
32,Female,Employed,"₹2,000 - ₹5,000",Quick Commerce,1,Happy,Heavy Discount,Electronics,Yes
18,Female,Employed,"Under ₹2,000",Quick Commerce,3,Happy,Heavy Discount,Beauty/Cosmetics,No
38,Female,Employed,"₹2,000 - ₹5,000",E-commerce Website,5,Stressed,Limited Time Flash Sale,Beauty/Cosmetics,Yes
29,Female,Student,"₹2,000 - ₹5,000",E-commerce Website,7,Happy,Social Media Ad,Clothing,No
27,Male,Self-employed,"₹5,000 - ₹15,000",E-commerce Website,5,Stressed,Free Shipping Threshold,Food/Snacks,No
30,Female,Employed,"₹5,000 - ₹15,000",Physical In-Store,1,Stressed,Free Shipping Threshold,Food/Snacks,No
25,Female,Self-employed,"₹5,000 - ₹15,000",Social Media Stores,7,Bored,Limited Time Flash Sale,Food/Snacks,No
29,Male,Self-employed,"₹5,000 - ₹15,000",Quick Commerce,2,Happy,Free Shipping Threshold,Food/Snacks,No
23,Male,Employed,"₹2,000 - ₹5,000",Quick Commerce,5,Sad,Limited Time Flash Sale,Food/Snacks,No
38,Female,Self-employed,"₹5,000 - ₹15,000",E-commerce Website,5,Happy,Free Shipping Threshold,Clothing,No
27,Other,Self-employed,"₹5,000 - ₹15,000",E-commerce Website,6,Neutral,Free Shipping Threshold,Beauty/Cosmetics,No
24,Other,Unemployed,"Under ₹2,000",E-commerce Website,3,Happy,Social Media Ad,Gaming/Digital,No
20,Female,Self-employed,"Above ₹15,000",E-commerce Website,11,Bored,Attractive Packaging,Clothing,No
30,Male,Self-employed,"Under ₹2,000",E-commerce Website,2,Happy,Attractive Packaging,Beauty/Cosmetics,No
29,Female,Employed,"₹5,000 - ₹15,000",Quick Commerce,4,Stressed,Limited Time Flash Sale,Food/Snacks,Yes
31,Female,Student,"₹5,000 - ₹15,000",Quick Commerce,5,Happy,Heavy Discount,Gaming/Digital,Yes
19,Male,Self-employed,"₹5,000 - ₹15,000",Quick Commerce,5,Bored,Social Media Ad,Beauty/Cosmetics,No
18,Male,Employed,"Above ₹15,000",E-commerce Website,6,Neutral,Heavy Discount,Clothing,Yes
33,Female,Student,"Above ₹15,000",E-commerce Website,4,Stressed,Social Media Ad,Food/Snacks,Yes
39,Female,Employed,"₹5,000 - ₹15,000",Social Media Stores,7,Bored,Heavy Discount,Gaming/Digital,Yes
19,Male,Employed,"₹5,000 - ₹15,000",E-commerce Website,6,Happy,Limited Time Flash Sale,Beauty/Cosmetics,Yes
40,Male,Employed,"Under ₹2,000",Quick Commerce,5,Sad,Limited Time Flash Sale,Food/Snacks,Yes
30,Male,Student,"₹2,000 - ₹5,000",Physical In-Store,5,Bored,Social Media Ad,Clothing,Yes
27,Male,Student,"Above ₹15,000",Social Media Stores,6,Stressed,Free Shipping Threshold,Beauty/Cosmetics,Yes
24,Male,Employed,"₹2,000 - ₹5,000",Social Media Stores,6,Happy,Social Media Ad,Gaming/Digital,Yes
18,Female,Employed,"Under ₹2,000",E-commerce Website,6,Happy,Limited Time Flash Sale,Beauty/Cosmetics,Yes
35,Male,Employed,"₹2,000 - ₹5,000",Social Media Stores,6,Bored,Attractive Packaging,Gaming/Digital,No
21,Female,Employed,"₹2,000 - ₹5,000",E-commerce Website,6,Happy,Free Shipping Threshold,Food/Snacks,Yes
21,Female,Employed,"₹2,000 - ₹5,000",E-commerce Website,1,Bored,Heavy Discount,Electronics,Yes
35,Female,Student,"₹2,000 - ₹5,000",Social Media Stores,7,Stressed,Free Shipping Threshold,Electronics,Yes
18,Female,Student,"₹2,000 - ₹5,000",Social Media Stores,9,Happy,Social Media Ad,Beauty/Cosmetics,No
18,Male,Employed,"₹2,000 - ₹5,000",Quick Commerce,2,Neutral,Attractive Packaging,Clothing,No
27,Male,Employed,"Under ₹2,000",E-commerce Website,7,Stressed,Social Media Ad,Food/Snacks,No
30,Male,Student,"Above ₹15,000",E-commerce Website,8,Neutral,Free Shipping Threshold,Food/Snacks,No
31,Other,Employed,"₹5,000 - ₹15,000",Quick Commerce,6,Neutral,Attractive Packaging,Beauty/Cosmetics,No
25,Male,Self-employed,"₹5,000 - ₹15,000",E-commerce Website,8,Stressed,Heavy Discount,Food/Snacks,Yes
48,Female,Self-employed,"₹5,000 - ₹15,000",Quick Commerce,5,Neutral,Social Media Ad,Beauty/Cosmetics,No
26,Female,Employed,"₹2,000 - ₹5,000",E-commerce Website,4,Neutral,Heavy Discount,Beauty/Cosmetics,No
26,Female,Student,"₹5,000 - ₹15,000",Social Media Stores,3,Stressed,Free Shipping Threshold,Clothing,Yes
21,Female,Student,"Above ₹15,000",Quick Commerce,4,Neutral,Social Media Ad,Electronics,Yes
28,Female,Student,"Under ₹2,000",Quick Commerce,5,Stressed,Social Media Ad,Electronics,Yes
32,Female,Student,"Under ₹2,000",Quick Commerce,5,Sad,Social Media Ad,Food/Snacks,Yes
37,Female,Employed,"₹5,000 - ₹15,000",E-commerce Website,3,Sad,Attractive Packaging,Electronics,Yes
18,Male,Employed,"₹2,000 - ₹5,000",E-commerce Website,5,Neutral,Social Media Ad,Gaming/Digital,Yes
26,Female,Student,"Above ₹15,000",E-commerce Website,7,Bored,Attractive Packaging,Clothing,Yes
31,Female,Self-employed,"₹5,000 - ₹15,000",E-commerce Website,7,Neutral,Limited Time Flash Sale,Food/Snacks,Yes
32,Male,Employed,"₹2,000 - ₹5,000",E-commerce Website,4,Stressed,Social Media Ad,Clothing,Yes
28,Female,Employed,"₹2,000 - ₹5,000",Quick Commerce,9,Bored,Limited Time Flash Sale,Electronics,Yes
32,Female,Unemployed,"₹5,000 - ₹15,000",E-commerce Website,2,Neutral,Heavy Discount,Gaming/Digital,Yes
21,Female,Employed,"Under ₹2,000",Quick Commerce,2,Neutral,Free Shipping Threshold,Food/Snacks,No
40,Female,Self-employed,"Above ₹15,000",Quick Commerce,4,Neutral,Social Media Ad,Clothing,No
35,Female,Student,"Under ₹2,000",Physical In-Store,1,Stressed,Heavy Discount,Beauty/Cosmetics,Yes
18,Male,Student,"Above ₹15,000",E-commerce Website,9,Bored,Limited Time Flash Sale,Clothing,Yes
19,Male,Employed,"Under ₹2,000",E-commerce Website,2,Stressed,Attractive Packaging,Electronics,Yes
19,Female,Employed,"₹5,000 - ₹15,000",Social Media Stores,3,Neutral,Attractive Packaging,Beauty/Cosmetics,No
33,Female,Student,"Under ₹2,000",Physical In-Store,6,Neutral,Limited Time Flash Sale,Clothing,No
18,Female,Employed,"₹2,000 - ₹5,000",Social Media Stores,2,Stressed,Heavy Discount,Food/Snacks,No
25,Male,Student,"₹5,000 - ₹15,000",Physical In-Store,7,Bored,Social Media Ad,Electronics,Yes
31,Male,Employed,"Under ₹2,000",E-commerce Website,3,Happy,Heavy Discount,Gaming/Digital,Yes
27,Other,Employed,"₹2,000 - ₹5,000",E-commerce Website,5,Sad,Attractive Packaging,Gaming/Digital,No
30,Male,Employed,"₹2,000 - ₹5,000",E-commerce Website,6,Happy,Social Media Ad,Food/Snacks,Yes
19,Male,Employed,"₹2,000 - ₹5,000",Quick Commerce,4,Bored,Limited Time Flash Sale,Beauty/Cosmetics,Yes
32,Female,Unemployed,"₹5,000 - ₹15,000",Quick Commerce,3,Neutral,Limited Time Flash Sale,Food/Snacks,No
23,Male,Employed,"₹5,000 - ₹15,000",Quick Commerce,7,Bored,Free Shipping Threshold,Food/Snacks,Yes
25,Female,Unemployed,"Under ₹2,000",E-commerce Website,6,Neutral,Limited Time Flash Sale,Gaming/Digital,Yes
29,Male,Student,"Under ₹2,000",Social Media Stores,4,Neutral,Free Shipping Threshold,Food/Snacks,No
28,Male,Employed,"₹2,000 - ₹5,000",E-commerce Website,8,Neutral,Limited Time Flash Sale,Beauty/Cosmetics,No
28,Female,Employed,"Above ₹15,000",E-commerce Website,6,Happy,Attractive Packaging,Food/Snacks,Yes
21,Female,Self-employed,"Above ₹15,000",E-commerce Website,6,Happy,Attractive Packaging,Clothing,Yes
25,Male,Employed,"₹5,000 - ₹15,000",E-commerce Website,6,Stressed,Free Shipping Threshold,Food/Snacks,No
28,Female,Self-employed,"Above ₹15,000",E-commerce Website,4,Bored,Social Media Ad,Electronics,No
18,Male,Student,"₹5,000 - ₹15,000",Physical In-Store,2,Neutral,Free Shipping Threshold,Clothing,No
24,Female,Self-employed,"₹2,000 - ₹5,000",Quick Commerce,0,Happy,Heavy Discount,Gaming/Digital,Yes
31,Male,Student,"Under ₹2,000",Social Media Stores,5,Stressed,Heavy Discount,Beauty/Cosmetics,Yes
18,Other,Student,"₹2,000 - ₹5,000",E-commerce Website,5,Neutral,Free Shipping Threshold,Electronics,Yes
37,Female,Student,"₹2,000 - ₹5,000",Quick Commerce,5,Bored,Free Shipping Threshold,Gaming/Digital,Yes
38,Male,Employed,"₹5,000 - ₹15,000",Quick Commerce,2,Happy,Social Media Ad,Electronics,No
18,Male,Employed,"₹5,000 - ₹15,000",Quick Commerce,3,Sad,Limited Time Flash Sale,Gaming/Digital,No
38,Female,Student,"₹5,000 - ₹15,000",Social Media Stores,3,Bored,Attractive Packaging,Gaming/Digital,No
26,Male,Student,"Under ₹2,000",E-commerce Website,7,Sad,Limited Time Flash Sale,Food/Snacks,No
31,Male,Employed,"₹5,000 - ₹15,000",E-commerce Website,0,Bored,Free Shipping Threshold,Food/Snacks,Yes
24,Male,Unemployed,"₹2,000 - ₹5,000",E-commerce Website,5,Neutral,Attractive Packaging,Beauty/Cosmetics,No
35,Female,Employed,"₹2,000 - ₹5,000",Quick Commerce,7,Neutral,Attractive Packaging,Clothing,Yes
31,Female,Employed,"Above ₹15,000",Social Media Stores,5,Bored,Free Shipping Threshold,Clothing,No
21,Male,Employed,"₹2,000 - ₹5,000",E-commerce Website,2,Happy,Attractive Packaging,Beauty/Cosmetics,No
18,Female,Employed,"₹2,000 - ₹5,000",Social Media Stores,3,Neutral,Limited Time Flash Sale,Food/Snacks,Yes
18,Female,Unemployed,"₹5,000 - ₹15,000",E-commerce Website,4,Bored,Attractive Packaging,Gaming/Digital,Yes
29,Male,Employed,"Above ₹15,000",Quick Commerce,5,Happy,Limited Time Flash Sale,Clothing,Yes
32,Female,Employed,"Under ₹2,000",Physical In-Store,6,Bored,Limited Time Flash Sale,Gaming/Digital,Yes
33,Female,Self-employed,"₹5,000 - ₹15,000",Social Media Stores,9,Happy,Heavy Discount,Beauty/Cosmetics,No
27,Other,Unemployed,"Above ₹15,000",E-commerce Website,3,Neutral,Attractive Packaging,Food/Snacks,No
18,Male,Student,"₹2,000 - ₹5,000",E-commerce Website,7,Stressed,Free Shipping Threshold,Gaming/Digital,No
22,Other,Employed,"₹2,000 - ₹5,000",Social Media Stores,4,Stressed,Social Media Ad,Beauty/Cosmetics,Yes
37,Female,Employed,"₹5,000 - ₹15,000",E-commerce Website,5,Neutral,Heavy Discount,Food/Snacks,No
24,Female,Employed,"₹2,000 - ₹5,000",Social Media Stores,7,Happy,Limited Time Flash Sale,Clothing,No
29,Female,Employed,"₹2,000 - ₹5,000",E-commerce Website,6,Stressed,Heavy Discount,Food/Snacks,Yes
19,Male,Employed,"Above ₹15,000",Quick Commerce,6,Neutral,Heavy Discount,Food/Snacks,Yes
30,Female,Student,"₹5,000 - ₹15,000",Quick Commerce,4,Sad,Social Media Ad,Electronics,No
24,Female,Employed,"Under ₹2,000",E-commerce Website,4,Happy,Free Shipping Threshold,Gaming/Digital,Yes
36,Male,Unemployed,"₹2,000 - ₹5,000",Social Media Stores,1,Sad,Social Media Ad,Gaming/Digital,No
34,Male,Employed,"₹5,000 - ₹15,000",E-commerce Website,5,Neutral,Limited Time Flash Sale,Clothing,Yes
24,Male,Self-employed,"₹2,000 - ₹5,000",Social Media Stores,4,Bored,Free Shipping Threshold,Electronics,Yes
26,Female,Self-employed,"₹5,000 - ₹15,000",Physical In-Store,4,Bored,Free Shipping Threshold,Electronics,Yes
23,Female,Employed,"₹5,000 - ₹15,000",E-commerce Website,6,Bored,Heavy Discount,Electronics,No
18,Female,Self-employed,"₹2,000 - ₹5,000",Quick Commerce,4,Stressed,Heavy Discount,Clothing,Yes
21,Male,Student,"Above ₹15,000",E-commerce Website,7,Neutral,Attractive Packaging,Clothing,No
29,Female,Employed,"Above ₹15,000",E-commerce Website,6,Stressed,Free Shipping Threshold,Electronics,Yes
30,Female,Employed,"Under ₹2,000",Physical In-Store,8,Sad,Social Media Ad,Food/Snacks,No
29,Male,Employed,"₹2,000 - ₹5,000",Social Media Stores,7,Stressed,Social Media Ad,Beauty/Cosmetics,No
25,Male,Student,"₹2,000 - ₹5,000",E-commerce Website,7,Neutral,Heavy Discount,Electronics,No
35,Male,Student,"Under ₹2,000",E-commerce Website,1,Bored,Attractive Packaging,Food/Snacks,Yes
28,Female,Student,"₹2,000 - ₹5,000",E-commerce Website,6,Happy,Free Shipping Threshold,Electronics,No
33,Female,Employed,"₹2,000 - ₹5,000",E-commerce Website,4,Happy,Heavy Discount,Beauty/Cosmetics,No
18,Other,Unemployed,"Under ₹2,000",Quick Commerce,5,Sad,Free Shipping Threshold,Electronics,No
18,Male,Unemployed,"Under ₹2,000",Quick Commerce,6,Bored,Heavy Discount,Clothing,No
30,Female,Student,"Under ₹2,000",Quick Commerce,4,Stressed,Attractive Packaging,Electronics,No
18,Female,Employed,"Under ₹2,000",E-commerce Website,3,Stressed,Free Shipping Threshold,Food/Snacks,Yes
26,Female,Student,"₹2,000 - ₹5,000",E-commerce Website,6,Happy,Heavy Discount,Gaming/Digital,No
25,Male,Employed,"₹2,000 - ₹5,000",Social Media Stores,3,Bored,Attractive Packaging,Clothing,No
40,Female,Self-employed,"Above ₹15,000",Quick Commerce,3,Neutral,Limited Time Flash Sale,Gaming/Digital,Yes
31,Female,Self-employed,"Under ₹2,000",Social Media Stores,4,Bored,Social Media Ad,Beauty/Cosmetics,Yes
29,Male,Student,"Above ₹15,000",E-commerce Website,0,Happy,Attractive Packaging,Beauty/Cosmetics,Yes
34,Male,Student,"Under ₹2,000",Quick Commerce,6,Stressed,Attractive Packaging,Food/Snacks,No
30,Female,Student,"₹5,000 - ₹15,000",E-commerce Website,6,Happy,Free Shipping Threshold,Gaming/Digital,No
24,Other,Employed,"₹2,000 - ₹5,000",Quick Commerce,6,Bored,Free Shipping Threshold,Gaming/Digital,No
36,Female,Self-employed,"₹5,000 - ₹15,000",Quick Commerce,5,Neutral,Limited Time Flash Sale,Clothing,Yes
19,Male,Employed,"Under ₹2,000",Quick Commerce,6,Stressed,Social Media Ad,Clothing,Yes
30,Male,Employed,"Above ₹15,000",E-commerce Website,5,Stressed,Social Media Ad,Electronics,Yes
18,Male,Employed,"Under ₹2,000",E-commerce Website,5,Stressed,Attractive Packaging,Clothing,No
29,Female,Student,"₹2,000 - ₹5,000",E-commerce Website,6,Stressed,Social Media Ad,Food/Snacks,Yes
29,Female,Student,"₹2,000 - ₹5,000",E-commerce Website,7,Happy,Limited Time Flash Sale,Food/Snacks,Yes
41,Female,Student,"₹5,000 - ₹15,000",E-commerce Website,5,Neutral,Heavy Discount,Gaming/Digital,No
18,Male,Employed,"Above ₹15,000",Social Media Stores,3,Stressed,Heavy Discount,Clothing,No
23,Female,Self-employed,"₹2,000 - ₹5,000",E-commerce Website,8,Bored,Free Shipping Threshold,Clothing,No
34,Female,Employed,"₹5,000 - ₹15,000",E-commerce Website,1,Neutral,Heavy Discount,Food/Snacks,No
30,Other,Student,"₹5,000 - ₹15,000",Physical In-Store,2,Happy,Limited Time Flash Sale,Beauty/Cosmetics,No
29,Female,Employed,"₹5,000 - ₹15,000",Quick Commerce,8,Neutral,Attractive Packaging,Electronics,Yes
20,Female,Student,"₹5,000 - ₹15,000",Quick Commerce,6,Neutral,Free Shipping Threshold,Food/Snacks,Yes
23,Female,Student,"Under ₹2,000",Social Media Stores,4,Neutral,Limited Time Flash Sale,Electronics,Yes
37,Male,Employed,"₹2,000 - ₹5,000",Physical In-Store,6,Bored,Heavy Discount,Beauty/Cosmetics,Yes
27,Other,Employed,"₹5,000 - ₹15,000",Social Media Stores,9,Happy,Limited Time Flash Sale,Food/Snacks,Yes
31,Male,Self-employed,"₹2,000 - ₹5,000",E-commerce Website,2,Neutral,Free Shipping Threshold,Electronics,No
27,Female,Employed,"Above ₹15,000",Social Media Stores,6,Neutral,Attractive Packaging,Gaming/Digital,Yes
18,Other,Student,"₹5,000 - ₹15,000",Social Media Stores,10,Happy,Attractive Packaging,Gaming/Digital,No
35,Male,Student,"Above ₹15,000",Quick Commerce,5,Neutral,Attractive Packaging,Food/Snacks,No
32,Female,Student,"Under ₹2,000",E-commerce Website,9,Neutral,Social Media Ad,Gaming/Digital,Yes
46,Female,Student,"₹2,000 - ₹5,000",Physical In-Store,5,Stressed,Limited Time Flash Sale,Clothing,Yes
19,Female,Student,"Under ₹2,000",Quick Commerce,5,Bored,Limited Time Flash Sale,Gaming/Digital,Yes
34,Female,Employed,"Above ₹15,000",Quick Commerce,8,Stressed,Social Media Ad,Food/Snacks,Yes
18,Female,Student,"₹2,000 - ₹5,000",E-commerce Website,8,Stressed,Free Shipping Threshold,Beauty/Cosmetics,Yes
29,Female,Self-employed,"₹2,000 - ₹5,000",Physical In-Store,6,Happy,Free Shipping Threshold,Food/Snacks,No
35,Male,Employed,"₹2,000 - ₹5,000",E-commerce Website,5,Sad,Heavy Discount,Food/Snacks,No
18,Male,Employed,"Under ₹2,000",E-commerce Website,3,Bored,Free Shipping Threshold,Gaming/Digital,Yes
26,Male,Employed,"₹2,000 - ₹5,000",Quick Commerce,5,Stressed,Free Shipping Threshold,Electronics,No
23,Female,Employed,"Under ₹2,000",Social Media Stores,3,Neutral,Attractive Packaging,Food/Snacks,No
22,Male,Employed,"₹2,000 - ₹5,000",Physical In-Store,3,Happy,Limited Time Flash Sale,Gaming/Digital,No
31,Female,Student,"Above ₹15,000",Social Media Stores,4,Sad,Attractive Packaging,Electronics,Yes
36,Male,Self-employed,"₹5,000 - ₹15,000",E-commerce Website,4,Bored,Limited Time Flash Sale,Clothing,Yes
26,Female,Student,"₹5,000 - ₹15,000",Physical In-Store,7,Stressed,Limited Time Flash Sale,Electronics,Yes
29,Male,Self-employed,"₹2,000 - ₹5,000",E-commerce Website,4,Neutral,Limited Time Flash Sale,Beauty/Cosmetics,No
28,Female,Student,"₹5,000 - ₹15,000",Physical In-Store,8,Neutral,Heavy Discount,Clothing,No
28,Female,Employed,"Above ₹15,000",Quick Commerce,5,Neutral,Attractive Packaging,Beauty/Cosmetics,Yes
19,Female,Employed,"Above ₹15,000",E-commerce Website,8,Neutral,Social Media Ad,Electronics,No
36,Female,Employed,"Under ₹2,000",E-commerce Website,4,Bored,Social Media Ad,Clothing,Yes
30,Female,Student,"Above ₹15,000",E-commerce Website,9,Neutral,Heavy Discount,Clothing,Yes
31,Female,Student,"₹2,000 - ₹5,000",Quick Commerce,9,Stressed,Attractive Packaging,Electronics,Yes
21,Female,Employed,"₹2,000 - ₹5,000",Quick Commerce,6,Neutral,Heavy Discount,Gaming/Digital,No
24,Male,Self-employed,"₹2,000 - ₹5,000",Quick Commerce,3,Stressed,Heavy Discount,Gaming/Digital,Yes
26,Female,Employed,"₹5,000 - ₹15,000",E-commerce Website,1,Sad,Attractive Packaging,Electronics,No
18,Female,Employed,"₹5,000 - ₹15,000",E-commerce Website,4,Bored,Free Shipping Threshold,Food/Snacks,Yes
18,Male,Student,"Under ₹2,000",E-commerce Website,6,Neutral,Social Media Ad,Electronics,No
23,Female,Employed,"₹5,000 - ₹15,000",E-commerce Website,4,Bored,Social Media Ad,Electronics,No
32,Female,Student,"₹2,000 - ₹5,000",E-commerce Website,3,Sad,Limited Time Flash Sale,Food/Snacks,No
22,Other,Student,"Under ₹2,000",Physical In-Store,5,Bored,Limited Time Flash Sale,Food/Snacks,No
19,Other,Employed,"₹2,000 - ₹5,000",E-commerce Website,1,Happy,Social Media Ad,Clothing,No
21,Male,Employed,"₹5,000 - ₹15,000",Social Media Stores,4,Stressed,Attractive Packaging,Electronics,No
24,Male,Student,"Under ₹2,000",Social Media Stores,7,Bored,Heavy Discount,Electronics,Yes
25,Male,Student,"Under ₹2,000",Social Media Stores,6,Sad,Heavy Discount,Clothing,No
45,Male,Employed,"Above ₹15,000",E-commerce Website,3,Stressed,Heavy Discount,Gaming/Digital,Yes
36,Female,Student,"Above ₹15,000",E-commerce Website,8,Stressed,Attractive Packaging,Beauty/Cosmetics,Yes
36,Male,Self-employed,"Under ₹2,000",E-commerce Website,5,Stressed,Attractive Packaging,Food/Snacks,No
37,Female,Employed,"₹5,000 - ₹15,000",Quick Commerce,5,Stressed,Attractive Packaging,Gaming/Digital,No
20,Female,Student,"₹2,000 - ₹5,000",Physical In-Store,1,Stressed,Attractive Packaging,Food/Snacks,Yes
18,Female,Employed,"₹5,000 - ₹15,000",E-commerce Website,4,Bored,Attractive Packaging,Clothing,Yes
19,Male,Employed,"₹2,000 - ₹5,000",E-commerce Website,2,Neutral,Attractive Packaging,Electronics,Yes
38,Male,Employed,"Under ₹2,000",E-commerce Website,6,Stressed,Limited Time Flash Sale,Electronics,No
23,Male,Employed,"₹2,000 - ₹5,000",E-commerce Website,6,Happy,Attractive Packaging,Electronics,Yes
18,Male,Student,"Under ₹2,000",Social Media Stores,5,Sad,Social Media Ad,Gaming/Digital,Yes
24,Other,Employed,"₹2,000 - ₹5,000",E-commerce Website,6,Bored,Limited Time Flash Sale,Beauty/Cosmetics,Yes
26,Female,Employed,"Above ₹15,000",Physical In-Store,5,Bored,Limited Time Flash Sale,Clothing,Yes
30,Female,Employed,"Above ₹15,000",E-commerce Website,7,Bored,Limited Time Flash Sale,Electronics,Yes
30,Female,Employed,"Above ₹15,000",E-commerce Website,4,Happy,Attractive Packaging,Gaming/Digital,Yes
21,Male,Employed,"Above ₹15,000",E-commerce Website,6,Happy,Heavy Discount,Electronics,No
33,Female,Employed,"Under ₹2,000",E-commerce Website,6,Sad,Free Shipping Threshold,Gaming/Digital,No
22,Male,Employed,"₹5,000 - ₹15,000",Quick Commerce,2,Neutral,Attractive Packaging,Food/Snacks,No
26,Female,Employed,"₹2,000 - ₹5,000",Physical In-Store,6,Bored,Free Shipping Threshold,Clothing,Yes
33,Female,Employed,"Above ₹15,000",E-commerce Website,2,Sad,Social Media Ad,Food/Snacks,No
22,Male,Student,"₹5,000 - ₹15,000",E-commerce Website,4,Neutral,Attractive Packaging,Beauty/Cosmetics,No
23,Male,Employed,"₹2,000 - ₹5,000",Social Media Stores,1,Sad,Attractive Packaging,Gaming/Digital,Yes
32,Male,Employed,"₹2,000 - ₹5,000",Social Media Stores,6,Neutral,Free Shipping Threshold,Beauty/Cosmetics,No
21,Female,Student,"₹2,000 - ₹5,000",Social Media Stores,7,Happy,Social Media Ad,Clothing,No
24,Male,Self-employed,"₹2,000 - ₹5,000",Social Media Stores,5,Neutral,Limited Time Flash Sale,Beauty/Cosmetics,No
32,Female,Employed,"Above ₹15,000",E-commerce Website,5,Bored,Limited Time Flash Sale,Clothing,Yes
44,Female,Employed,"Above ₹15,000",Quick Commerce,4,Happy,Social Media Ad,Beauty/Cosmetics,Yes
32,Female,Student,"Under ₹2,000",E-commerce Website,6,Neutral,Limited Time Flash Sale,Food/Snacks,Yes
31,Female,Employed,"₹2,000 - ₹5,000",Physical In-Store,2,Happy,Free Shipping Threshold,Beauty/Cosmetics,Yes
32,Male,Employed,"Under ₹2,000",Social Media Stores,5,Bored,Free Shipping Threshold,Beauty/Cosmetics,Yes
19,Female,Student,"Above ₹15,000",Social Media Stores,4,Stressed,Social Media Ad,Beauty/Cosmetics,No
28,Female,Employed,"Above ₹15,000",E-commerce Website,4,Neutral,Limited Time Flash Sale,Electronics,Yes
27,Female,Unemployed,"₹5,000 - ₹15,000",Quick Commerce,7,Bored,Limited Time Flash Sale,Gaming/Digital,Yes
30,Female,Employed,"₹5,000 - ₹15,000",E-commerce Website,6,Happy,Attractive Packaging,Food/Snacks,Yes
28,Female,Employed,"₹5,000 - ₹15,000",E-commerce Website,5,Neutral,Limited Time Flash Sale,Electronics,No
31,Male,Employed,"₹2,000 - ₹5,000",E-commerce Website,8,Neutral,Heavy Discount,Food/Snacks,No
25,Female,Student,"Above ₹15,000",E-commerce Website,4,Happy,Attractive Packaging,Gaming/Digital,Yes
28,Female,Unemployed,"₹5,000 - ₹15,000",Quick Commerce,6,Happy,Heavy Discount,Gaming/Digital,Yes
18,Male,Self-employed,"Under ₹2,000",Social Media Stores,6,Stressed,Heavy Discount,Food/Snacks,Yes
25,Female,Employed,"₹2,000 - ₹5,000",E-commerce Website,7,Neutral,Heavy Discount,Electronics,No
39,Male,Student,"₹5,000 - ₹15,000",Social Media Stores,1,Bored,Social Media Ad,Food/Snacks,Yes
30,Female,Student,"₹2,000 - ₹5,000",Quick Commerce,5,Stressed,Limited Time Flash Sale,Electronics,Yes
27,Female,Student,"₹5,000 - ₹15,000",Social Media Stores,7,Stressed,Attractive Packaging,Beauty/Cosmetics,No
43,Female,Employed,"Above ₹15,000",E-commerce Website,6,Neutral,Free Shipping Threshold,Electronics,No
18,Female,Student,"₹5,000 - ₹15,000",Social Media Stores,5,Happy,Social Media Ad,Electronics,Yes
19,Female,Employed,"₹5,000 - ₹15,000",E-commerce Website,2,Neutral,Attractive Packaging,Gaming/Digital,No
41,Male,Employed,"₹5,000 - ₹15,000",Quick Commerce,6,Stressed,Heavy Discount,Electronics,Yes
28,Female,Student,"₹2,000 - ₹5,000",Social Media Stores,6,Bored,Social Media Ad,Food/Snacks,No
26,Male,Employed,"₹2,000 - ₹5,000",E-commerce Website,3,Bored,Attractive Packaging,Electronics,No
18,Male,Student,"₹2,000 - ₹5,000",E-commerce Website,10,Bored,Limited Time Flash Sale,Food/Snacks,Yes
31,Male,Self-employed,"Above ₹15,000",E-commerce Website,4,Stressed,Limited Time Flash Sale,Food/Snacks,Yes
32,Female,Employed,"Above ₹15,000",Social Media Stores,5,Bored,Social Media Ad,Gaming/Digital,Yes
19,Female,Employed,"Under ₹2,000",E-commerce Website,4,Happy,Limited Time Flash Sale,Gaming/Digital,No
26,Female,Student,"₹5,000 - ₹15,000",Social Media Stores,4,Bored,Limited Time Flash Sale,Beauty/Cosmetics,No
25,Female,Unemployed,"₹5,000 - ₹15,000",Quick Commerce,8,Happy,Heavy Discount,Clothing,Yes
30,Male,Employed,"Above ₹15,000",E-commerce Website,5,Stressed,Social Media Ad,Food/Snacks,No
19,Female,Employed,"₹2,000 - ₹5,000",Social Media Stores,5,Stressed,Free Shipping Threshold,Beauty/Cosmetics,No
38,Male,Student,"₹5,000 - ₹15,000",Physical In-Store,6,Bored,Social Media Ad,Food/Snacks,Yes
35,Female,Employed,"₹5,000 - ₹15,000",Physical In-Store,5,Sad,Heavy Discount,Electronics,No
25,Female,Student,"Under ₹2,000",Physical In-Store,9,Stressed,Social Media Ad,Clothing,No
26,Female,Unemployed,"Under ₹2,000",Social Media Stores,5,Neutral,Attractive Packaging,Food/Snacks,No
26,Female,Unemployed,"Under ₹2,000",Quick Commerce,5,Neutral,Social Media Ad,Electronics,Yes
21,Female,Employed,"₹2,000 - ₹5,000",Social Media Stores,3,Happy,Social Media Ad,Food/Snacks,No
24,Female,Unemployed,"₹2,000 - ₹5,000",E-commerce Website,6,Stressed,Heavy Discount,Clothing,No
25,Female,Student,"₹5,000 - ₹15,000",Physical In-Store,9,Stressed,Social Media Ad,Gaming/Digital,No
40,Male,Student,"₹5,000 - ₹15,000",Social Media Stores,2,Stressed,Attractive Packaging,Clothing,Yes
35,Male,Student,"Above ₹15,000",Physical In-Store,2,Sad,Social Media Ad,Beauty/Cosmetics,No
35,Male,Student,"₹2,000 - ₹5,000",Social Media Stores,4,Happy,Limited Time Flash Sale,Beauty/Cosmetics,Yes
30,Male,Unemployed,"Above ₹15,000",E-commerce Website,1,Stressed,Attractive Packaging,Food/Snacks,No
19,Male,Student,"₹5,000 - ₹15,000",E-commerce Website,5,Happy,Social Media Ad,Electronics,No
27,Other,Self-employed,"₹2,000 - ₹5,000",E-commerce Website,5,Bored,Free Shipping Threshold,Electronics,Yes
35,Female,Employed,"₹5,000 - ₹15,000",Social Media Stores,2,Sad,Social Media Ad,Clothing,No
18,Female,Employed,"₹5,000 - ₹15,000",E-commerce Website,3,Happy,Limited Time Flash Sale,Clothing,No
33,Male,Student,"Under ₹2,000",E-commerce Website,6,Happy,Limited Time Flash Sale,Electronics,Yes
46,Male,Student,"₹5,000 - ₹15,000",E-commerce Website,5,Stressed,Limited Time Flash Sale,Beauty/Cosmetics,Yes
36,Male,Student,"₹5,000 - ₹15,000",E-commerce Website,4,Sad,Attractive Packaging,Electronics,No
39,Female,Employed,"Above ₹15,000",Quick Commerce,8,Happy,Free Shipping Threshold,Electronics,Yes
29,Female,Employed,"Above ₹15,000",E-commerce Website,6,Bored,Attractive Packaging,Food/Snacks,No
35,Female,Employed,"₹5,000 - ₹15,000",Physical In-Store,6,Sad,Social Media Ad,Gaming/Digital,Yes
22,Female,Employed,"₹5,000 - ₹15,000",E-commerce Website,4,Bored,Free Shipping Threshold,Clothing,Yes
34,Female,Employed,"Above ₹15,000",E-commerce Website,3,Bored,Heavy Discount,Food/Snacks,No
33,Male,Student,"Above ₹15,000",E-commerce Website,6,Sad,Social Media Ad,Clothing,No
30,Female,Self-employed,"₹5,000 - ₹15,000",E-commerce Website,3,Happy,Attractive Packaging,Electronics,No
38,Female,Employed,"₹5,000 - ₹15,000",Quick Commerce,4,Bored,Heavy Discount,Clothing,No
23,Female,Student,"Under ₹2,000",E-commerce Website,2,Happy,Social Media Ad,Beauty/Cosmetics,Yes
26,Male,Employed,"₹5,000 - ₹15,000",Social Media Stores,5,Neutral,Social Media Ad,Food/Snacks,No
28,Male,Self-employed,"₹2,000 - ₹5,000",Quick Commerce,2,Bored,Free Shipping Threshold,Clothing,Yes
19,Male,Self-employed,"₹5,000 - ₹15,000",Quick Commerce,3,Stressed,Attractive Packaging,Clothing,Yes
29,Other,Student,"₹2,000 - ₹5,000",E-commerce Website,6,Neutral,Limited Time Flash Sale,Electronics,Yes
18,Female,Employed,"₹2,000 - ₹5,000",Quick Commerce,4,Stressed,Heavy Discount,Beauty/Cosmetics,Yes
36,Other,Student,"₹2,000 - ₹5,000",Social Media Stores,5,Bored,Attractive Packaging,Gaming/Digital,Yes
28,Female,Unemployed,"Above ₹15,000",E-commerce Website,5,Stressed,Limited Time Flash Sale,Beauty/Cosmetics,No
23,Male,Student,"₹5,000 - ₹15,000",Quick Commerce,6,Neutral,Heavy Discount,Electronics,No
21,Female,Student,"₹5,000 - ₹15,000",E-commerce Website,9,Stressed,Social Media Ad,Gaming/Digital,No
26,Male,Self-employed,"₹5,000 - ₹15,000",E-commerce Website,2,Neutral,Heavy Discount,Electronics,Yes
33,Female,Unemployed,"Above ₹15,000",Social Media Stores,6,Bored,Attractive Packaging,Food/Snacks,No
32,Female,Employed,"₹2,000 - ₹5,000",Social Media Stores,6,Stressed,Free Shipping Threshold,Beauty/Cosmetics,Yes
22,Female,Student,"₹5,000 - ₹15,000",Quick Commerce,3,Happy,Free Shipping Threshold,Clothing,Yes
21,Female,Employed,"₹5,000 - ₹15,000",Quick Commerce,6,Stressed,Heavy Discount,Clothing,Yes
33,Female,Self-employed,"Above ₹15,000",E-commerce Website,7,Neutral,Free Shipping Threshold,Clothing,No
22,Other,Employed,"₹2,000 - ₹5,000",E-commerce Website,5,Stressed,Attractive Packaging,Gaming/Digital,Yes
28,Male,Student,"Above ₹15,000",Social Media Stores,7,Neutral,Limited Time Flash Sale,Food/Snacks,Yes
28,Female,Student,"₹2,000 - ₹5,000",E-commerce Website,6,Neutral,Free Shipping Threshold,Food/Snacks,Yes
30,Female,Self-employed,"Under ₹2,000",Physical In-Store,3,Neutral,Attractive Packaging,Food/Snacks,No
34,Other,Employed,"Under ₹2,000",E-commerce Website,2,Stressed,Heavy Discount,Food/Snacks,Yes
18,Female,Employed,"₹2,000 - ₹5,000",E-commerce Website,2,Stressed,Heavy Discount,Beauty/Cosmetics,No
18,Other,Employed,"₹5,000 - ₹15,000",E-commerce Website,9,Happy,Attractive Packaging,Gaming/Digital,Yes
23,Female,Employed,"₹5,000 - ₹15,000",Physical In-Store,6,Bored,Attractive Packaging,Beauty/Cosmetics,Yes
42,Male,Unemployed,"₹2,000 - ₹5,000",E-commerce Website,1,Stressed,Free Shipping Threshold,Beauty/Cosmetics,No
44,Female,Employed,"₹5,000 - ₹15,000",E-commerce Website,7,Bored,Limited Time Flash Sale,Food/Snacks,Yes
42,Female,Employed,"₹5,000 - ₹15,000",E-commerce Website,9,Bored,Heavy Discount,Food/Snacks,No
26,Female,Student,"₹5,000 - ₹15,000",E-commerce Website,4,Neutral,Attractive Packaging,Clothing,No
18,Male,Student,"₹5,000 - ₹15,000",Quick Commerce,1,Bored,Limited Time Flash Sale,Food/Snacks,Yes
18,Female,Employed,"Above ₹15,000",Social Media Stores,5,Stressed,Heavy Discount,Beauty/Cosmetics,No
23,Male,Self-employed,"₹5,000 - ₹15,000",E-commerce Website,8,Neutral,Attractive Packaging,Beauty/Cosmetics,Yes
26,Female,Employed,"Under ₹2,000",Quick Commerce,10,Neutral,Limited Time Flash Sale,Electronics,No
38,Male,Student,"₹2,000 - ₹5,000",E-commerce Website,4,Bored,Free Shipping Threshold,Gaming/Digital,Yes
34,Female,Student,"₹2,000 - ₹5,000",E-commerce Website,7,Stressed,Heavy Discount,Beauty/Cosmetics,Yes
29,Male,Self-employed,"₹5,000 - ₹15,000",E-commerce Website,2,Sad,Social Media Ad,Gaming/Digital,Yes
20,Male,Student,"Above ₹15,000",Social Media Stores,3,Happy,Attractive Packaging,Food/Snacks,Yes
20,Female,Self-employed,"₹5,000 - ₹15,000",E-commerce Website,3,Neutral,Social Media Ad,Food/Snacks,No
30,Male,Student,"₹2,000 - ₹5,000",E-commerce Website,7,Bored,Heavy Discount,Clothing,Yes
33,Male,Self-employed,"₹5,000 - ₹15,000",Social Media Stores,5,Stressed,Free Shipping Threshold,Gaming/Digital,No
31,Male,Self-employed,"₹5,000 - ₹15,000",Social Media Stores,6,Neutral,Heavy Discount,Gaming/Digital,No
19,Female,Student,"Above ₹15,000",E-commerce Website,6,Stressed,Free Shipping Threshold,Food/Snacks,Yes
33,Female,Employed,"Under ₹2,000",Social Media Stores,6,Sad,Heavy Discount,Gaming/Digital,No
31,Male,Student,"₹2,000 - ₹5,000",E-commerce Website,4,Bored,Limited Time Flash Sale,Food/Snacks,No
19,Female,Student,"Above ₹15,000",Social Media Stores,7,Sad,Social Media Ad,Clothing,No
21,Male,Employed,"Above ₹15,000",E-commerce Website,10,Bored,Limited Time Flash Sale,Food/Snacks,Yes
33,Female,Employed,"₹2,000 - ₹5,000",E-commerce Website,2,Neutral,Heavy Discount,Food/Snacks,No
26,Female,Employed,"Under ₹2,000",Quick Commerce,4,Happy,Limited Time Flash Sale,Clothing,No
40,Other,Employed,"₹5,000 - ₹15,000",Quick Commerce,4,Stressed,Heavy Discount,Electronics,No
32,Female,Student,"Above ₹15,000",Quick Commerce,3,Bored,Heavy Discount,Clothing,Yes
24,Male,Student,"₹2,000 - ₹5,000",E-commerce Website,7,Sad,Heavy Discount,Gaming/Digital,Yes
27,Male,Employed,"Above ₹15,000",Social Media Stores,6,Bored,Free Shipping Threshold,Clothing,Yes
28,Female,Employed,"₹2,000 - ₹5,000",Quick Commerce,5,Bored,Free Shipping Threshold,Beauty/Cosmetics,Yes
22,Male,Employed,"₹5,000 - ₹15,000",Physical In-Store,6,Bored,Attractive Packaging,Clothing,Yes
20,Male,Employed,"₹5,000 - ₹15,000",Quick Commerce,1,Bored,Free Shipping Threshold,Food/Snacks,Yes
33,Male,Self-employed,"₹2,000 - ₹5,000",E-commerce Website,6,Sad,Social Media Ad,Beauty/Cosmetics,Yes
34,Female,Employed,"₹2,000 - ₹5,000",Physical In-Store,3,Happy,Heavy Discount,Electronics,Yes
32,Female,Student,"₹2,000 - ₹5,000",E-commerce Website,10,Happy,Heavy Discount,Gaming/Digital,Yes
40,Male,Employed,"₹5,000 - ₹15,000",E-commerce Website,4,Happy,Free Shipping Threshold,Gaming/Digital,No
23,Male,Employed,"Under ₹2,000",Physical In-Store,8,Stressed,Free Shipping Threshold,Clothing,Yes
41,Female,Employed,"₹5,000 - ₹15,000",Physical In-Store,8,Happy,Social Media Ad,Beauty/Cosmetics,No
20,Male,Employed,"₹5,000 - ₹15,000",Social Media Stores,7,Bored,Heavy Discount,Food/Snacks,Yes
19,Other,Employed,"₹5,000 - ₹15,000",E-commerce Website,4,Stressed,Limited Time Flash Sale,Clothing,Yes
18,Male,Student,"Above ₹15,000",Quick Commerce,4,Bored,Free Shipping Threshold,Clothing,Yes
24,Female,Employed,"₹5,000 - ₹15,000",E-commerce Website,5,Neutral,Limited Time Flash Sale,Clothing,Yes
23,Male,Student,"₹5,000 - ₹15,000",E-commerce Website,8,Neutral,Social Media Ad,Gaming/Digital,No
32,Male,Employed,"₹5,000 - ₹15,000",Physical In-Store,4,Sad,Free Shipping Threshold,Beauty/Cosmetics,No
29,Female,Employed,"₹5,000 - ₹15,000",E-commerce Website,4,Bored,Social Media Ad,Electronics,No
18,Female,Employed,"Under ₹2,000",E-commerce Website,6,Happy,Social Media Ad,Clothing,Yes
24,Female,Employed,"Above ₹15,000",E-commerce Website,8,Bored,Free Shipping Threshold,Beauty/Cosmetics,Yes
25,Female,Student,"Under ₹2,000",E-commerce Website,4,Stressed,Limited Time Flash Sale,Clothing,Yes
18,Male,Unemployed,"₹5,000 - ₹15,000",Quick Commerce,4,Bored,Heavy Discount,Food/Snacks,No
20,Male,Employed,"₹5,000 - ₹15,000",E-commerce Website,3,Stressed,Heavy Discount,Beauty/Cosmetics,Yes
21,Male,Employed,"₹2,000 - ₹5,000",E-commerce Website,3,Stressed,Heavy Discount,Food/Snacks,Yes
39,Male,Student,"Under ₹2,000",E-commerce Website,4,Bored,Limited Time Flash Sale,Food/Snacks,Yes
29,Female,Student,"Under ₹2,000",E-commerce Website,2,Neutral,Attractive Packaging,Beauty/Cosmetics,No
33,Other,Employed,"₹2,000 - ₹5,000",E-commerce Website,4,Neutral,Limited Time Flash Sale,Electronics,Yes
18,Female,Employed,"Above ₹15,000",E-commerce Website,6,Neutral,Limited Time Flash Sale,Clothing,Yes
37,Female,Student,"Above ₹15,000",E-commerce Website,8,Happy,Heavy Discount,Clothing,No
38,Female,Employed,"Under ₹2,000",Quick Commerce,9,Bored,Social Media Ad,Gaming/Digital,Yes
18,Female,Employed,"₹2,000 - ₹5,000",Quick Commerce,6,Neutral,Heavy Discount,Food/Snacks,No
22,Male,Employed,"Above ₹15,000",E-commerce Website,4,Neutral,Limited Time Flash Sale,Clothing,No
31,Female,Employed,"₹2,000 - ₹5,000",E-commerce Website,3,Happy,Limited Time Flash Sale,Gaming/Digital,Yes
33,Female,Self-employed,"Above ₹15,000",Quick Commerce,5,Neutral,Attractive Packaging,Food/Snacks,No
